BookingID,CarPlate,CarBrand,CarModel,RentDate,ReturnDate,Price,CustomerName,MemberRank
RENT_HCM_00001,47D-840.33,Kia,Morning,3/11/2026,3/17/2026,3662256,Vu Van An,0
RENT_HCM_00002,49F-678.30,Vinfast,Lux A2.0,5/7/2025,5/14/2025,4957757,Nguyen Van Em,0
RENT_HCM_00003,28D-108.89,Hyundai,i10,2/12/2022,2/19/2022,4305560,Vu Van Binh,1
RENT_HCM_00004,30D-278.73,Hyundai,Accent,8/14/2026,8/16/2026,1329582,Nguyen Van Dung,0
RENT_HCM_00005,49F-678.30,Vinfast,Lux A2.0,3/9/2022,3/15/2022,2805654,Vu Van Quyen,1
RENT_HCM_00006,39H-457.60,Hyundai,Grand i10,1/25/2024,1/29/2024,2222388,Le Van Binh,2
RENT_HCM_00007,74A-942.98,Hyundai,Accent,4/5/2022,4/6/2022,848381,Tran Thi An,2
RENT_HCM_00008,32C-510.80,Hyundai,Grand i10,11/8/2024,11/10/2024,1036746,Nguyen Van Phuc,1
RENT_HCM_00009,45D-330.83,Mazda,CX-5,11/30/2023,12/3/2023,2395194,Le Van Phong,0
RENT_HCM_00010,31F-834.71,Hyundai,Grand i10,1/13/2024,1/14/2024,863746,Nguyen Van Phong,1
RENT_HCM_00011,43K-499.70,Kia,Seltos,3/24/2021,3/25/2021,539359,Pham Thi Minh,0
RENT_HCM_00012,28B-378.39,Toyota,Innova,6/14/2022,6/21/2022,7363104,Pham Thi Khoa,0
RENT_HCM_00013,63A-217.47,Hyundai,i10,2/20/2023,2/24/2023,2065224,Le Van Binh,1
RENT_HCM_00014,35C-671.07,Hyundai,i10,10/20/2024,10/25/2024,4923885,Nguyen Van Dung,2
RENT_HCM_00015,11G-399.40,Kia,Morning,1/15/2022,1/18/2022,2549865,Pham Thi Quyen,2
RENT_HCM_00016,69F-764.42,Mazda,CX-5,2/16/2024,2/21/2024,4785015,Pham Thi Binh,0
RENT_HCM_00017,26D-656.30,Honda,City,10/25/2025,10/30/2025,2189335,Vu Van Binh,2
RENT_HCM_00018,16K-535.88,Kia,Soluto,10/29/2023,11/1/2023,1755609,Do Thi Em,0
RENT_HCM_00019,66E-447.50,Mazda,CX-5,12/3/2021,12/5/2021,957556,Pham Thi Binh,1
RENT_HCM_00020,32D-394.35,Toyota,Vios,3/26/2024,3/29/2024,1747560,Dang Thi Quyen,0
RENT_HCM_00021,21A-335.92,Vinfast,Fadil,12/29/2025,12/31/2025,2121926,Bui Thi Khoa,0
RENT_HCM_00022,35G-898.00,Vinfast,Fadil,5/21/2026,5/22/2026,470581,Nguyen Van Phuc,0
RENT_HCM_00023,96E-688.41,Toyota,Innova,1/18/2023,1/21/2023,1566651,Ngo Van Dung,0
RENT_HCM_00024,30E-325.25,Kia,Morning,12/23/2024,12/24/2024,1098901,Nguyen Van Linh,1
RENT_HCM_00025,68K-951.28,Hyundai,i10,3/18/2023,3/23/2023,2122980,Le Van Quyen,1
RENT_HCM_00026,47B-414.62,Honda,City,12/7/2024,12/12/2024,2496170,Nguyen Van Binh,0
RENT_HCM_00027,39K-469.95,Mazda,CX-5,1/25/2022,1/29/2022,2551804,Nguyen Van Hoa,1
RENT_HCM_00028,49F-678.30,Vinfast,Lux A2.0,4/20/2024,4/25/2024,2842800,Le Van Hoa,0
RENT_HCM_00029,37K-262.20,Mazda,3,7/10/2022,7/11/2022,520850,Ngo Van An,0
RENT_HCM_00030,48B-706.17,Toyota,Camry,5/24/2025,5/26/2025,1251008,Dang Thi Oanh,3
RENT_HCM_00031,91G-764.50,Toyota,Vios,3/25/2021,3/31/2021,3288642,Pham Thi Cuong,0
RENT_HCM_00032,63A-217.47,Hyundai,i10,5/14/2023,5/21/2023,3498299,Tran Thi An,0
RENT_HCM_00033,40B-456.25,Hyundai,i10,2/20/2022,2/21/2022,1085805,Hoang Van Em,1
RENT_HCM_00034,70D-192.58,Kia,Morning,5/1/2021,5/5/2021,4573988,Ngo Van An,0
RENT_HCM_00035,91G-764.50,Toyota,Vios,7/10/2023,7/11/2023,1167870,Tran Thi Phong,1
RENT_HCM_00036,59B-706.42,Toyota,Vios,9/2/2026,9/7/2026,4865455,Dang Thi Dung,0
RENT_HCM_00037,40B-456.25,Hyundai,i10,8/17/2023,8/23/2023,6274980,Le Van Oanh,0
RENT_HCM_00038,69F-764.42,Mazda,CX-5,8/11/2021,8/12/2021,720393,Tran Thi Quyen,0
RENT_HCM_00039,21G-202.34,Honda,City,8/8/2025,8/13/2025,2279200,Bui Thi Quyen,0
RENT_HCM_00040,96D-497.47,Hyundai,i10,7/22/2022,7/23/2022,871191,Le Van Phong,0
RENT_HCM_00041,33F-566.78,Toyota,Vios,6/5/2021,6/7/2021,1180138,Vu Van Hoa,1
RENT_HCM_00042,72G-969.58,Toyota,Vios,9/18/2025,9/24/2025,6900690,Tran Thi Linh,0
RENT_HCM_00043,27G-984.07,Ford,Ranger,7/27/2026,7/30/2026,2920428,Bui Thi Nam,0
RENT_HCM_00044,50G-877.98,Hyundai,i10,2/5/2025,2/9/2025,4458068,Vu Van Phuc,1
RENT_HCM_00045,88K-102.81,Hyundai,Accent,5/2/2026,5/9/2026,6678994,Pham Thi Phong,1
RENT_HCM_00046,32F-733.46,Toyota,Vios,2/1/2026,2/2/2026,1011612,Dang Thi Hoa,1
RENT_HCM_00047,76G-211.58,Hyundai,Accent,8/26/2025,8/31/2025,3835195,Hoang Van Phong,2
RENT_HCM_00048,73D-927.45,Mazda,CX-5,5/3/2023,5/10/2023,5032335,Dang Thi Oanh,1
RENT_HCM_00049,24A-243.28,Hyundai,Grand i10,3/30/2026,4/4/2026,2777090,Bui Thi An,1
RENT_HCM_00050,52B-953.14,Kia,Soluto,2/24/2021,3/1/2021,4452950,Nguyen Van Giang,0
RENT_HCM_00051,26E-180.53,Hyundai,Accent,6/3/2023,6/9/2023,4621824,Hoang Van Oanh,0
RENT_HCM_00052,47D-840.33,Kia,Morning,5/4/2025,5/7/2025,3420150,Dang Thi Oanh,0
RENT_HCM_00053,38C-383.91,Ford,Ranger,3/14/2024,3/16/2024,1119526,Vu Van Giang,0
RENT_HCM_00054,51G-626.30,Vinfast,Lux A2.0,7/3/2023,7/5/2023,1591580,Hoang Van Linh,1
RENT_HCM_00055,76G-211.58,Hyundai,Accent,3/31/2022,4/5/2022,2443415,Tran Thi Oanh,0
RENT_HCM_00056,92F-931.00,Vinfast,Lux A2.0,5/24/2025,5/30/2025,3300870,Le Van Khoa,1
RENT_HCM_00057,33B-472.24,Kia,Seltos,2/19/2022,2/22/2022,3442527,Do Thi Phuc,2
RENT_HCM_00058,62K-469.95,Vinfast,Fadil,2/22/2026,2/24/2026,1134154,Ngo Van An,2
RENT_HCM_00059,46C-855.60,Vinfast,Fadil,8/26/2025,8/29/2025,1700391,Pham Thi Oanh,0
RENT_HCM_00060,46E-807.16,Honda,City,7/25/2026,8/1/2026,4828299,Ngo Van Hoa,0
RENT_HCM_00061,37B-826.15,Kia,Soluto,12/25/2021,12/26/2021,1002706,Le Van Phuc,0
RENT_HCM_00062,92D-335.06,Toyota,Camry,9/8/2025,9/15/2025,3979129,Vu Van Minh,0
RENT_HCM_00063,78B-364.49,Toyota,Camry,11/6/2021,11/12/2021,2556396,Ngo Van Phuc,2
RENT_HCM_00064,63A-217.47,Hyundai,i10,2/1/2023,2/8/2023,3159380,Pham Thi Quyen,0
RENT_HCM_00065,41C-516.21,Hyundai,i10,9/23/2025,9/26/2025,1585560,Tran Thi Phuc,0
RENT_HCM_00066,90B-179.51,Vinfast,Fadil,12/28/2025,12/29/2025,509016,Tran Thi Dung,1
RENT_HCM_00067,38C-383.91,Ford,Ranger,9/23/2024,9/25/2024,1797772,Nguyen Van Em,0
RENT_HCM_00068,39A-767.06,Honda,CR-V,6/20/2026,6/21/2026,1168149,Le Van Em,0
RENT_HCM_00069,68A-588.72,Ford,EcoSport,10/22/2021,10/25/2021,3199026,Nguyen Van Minh,1
RENT_HCM_00070,90D-598.73,Toyota,Innova,7/15/2021,7/18/2021,2727324,Tran Thi Linh,0
RENT_HCM_00071,36E-560.60,Toyota,Vios,7/28/2026,8/3/2026,6865512,Dang Thi Phong,0
RENT_HCM_00072,64F-676.74,Hyundai,Accent,5/12/2021,5/19/2021,7544047,Ngo Van Oanh,1
RENT_HCM_00073,45F-232.07,Vinfast,Lux A2.0,6/12/2026,6/16/2026,4617452,Le Van Linh,0
RENT_HCM_00074,39H-457.60,Hyundai,Grand i10,9/20/2026,9/24/2026,3162388,Vu Van Binh,0
RENT_HCM_00075,21A-335.92,Vinfast,Fadil,4/23/2022,4/28/2022,2413280,Do Thi Quyen,3
RENT_HCM_00076,74A-942.98,Hyundai,Accent,5/27/2024,6/2/2024,5167452,Vu Van Minh,3
RENT_HCM_00077,77A-503.91,Mazda,3,9/15/2023,9/20/2023,5094705,Pham Thi Oanh,0
RENT_HCM_00078,28A-321.73,Hyundai,Accent,8/13/2025,8/15/2025,1584822,Do Thi Dung,1
RENT_HCM_00079,68C-733.66,Hyundai,Accent,5/17/2025,5/18/2025,951085,Nguyen Van Quyen,3
RENT_HCM_00080,90F-168.01,Toyota,Vios,3/8/2025,3/12/2025,4315280,Vu Van An,0
RENT_HCM_00081,77C-616.68,Toyota,Camry,2/28/2026,3/7/2026,5492256,Pham Thi Cuong,0
RENT_HCM_00082,23D-400.10,Kia,Morning,5/24/2026,5/31/2026,6597073,Nguyen Van Quyen,0
RENT_HCM_00083,12B-182.67,Toyota,Vios,1/14/2024,1/18/2024,4407756,Nguyen Van Giang,1
RENT_HCM_00084,90A-485.48,Mazda,CX-5,7/4/2026,7/9/2026,2797170,Dang Thi Quyen,0
RENT_HCM_00085,37B-826.15,Kia,Soluto,4/16/2023,4/22/2023,4599024,Ngo Van Minh,2
RENT_HCM_00086,99E-453.66,Kia,Soluto,10/2/2021,10/8/2021,3804930,Nguyen Van Phuc,0
RENT_HCM_00087,39H-996.40,Honda,CR-V,2/2/2025,2/7/2025,3766410,Pham Thi Linh,0
RENT_HCM_00088,46C-855.60,Vinfast,Fadil,5/19/2023,5/21/2023,1303050,Tran Thi Linh,1
RENT_HCM_00089,59B-706.42,Toyota,Vios,10/10/2025,10/17/2025,7722022,Dang Thi Nam,1
RENT_HCM_00090,45C-536.55,Ford,EcoSport,10/1/2023,10/5/2023,3747564,Pham Thi Nam,1
RENT_HCM_00091,91A-212.00,Hyundai,Grand i10,8/21/2022,8/28/2022,6493837,Hoang Van Phong,1
RENT_HCM_00092,24A-243.28,Hyundai,Grand i10,10/30/2024,11/2/2024,3349659,Nguyen Van Phuc,0
RENT_HCM_00093,77C-680.84,Honda,City,10/7/2023,10/12/2023,4499810,Pham Thi Linh,2
RENT_HCM_00094,11G-399.40,Kia,Morning,5/1/2025,5/7/2025,4862274,Tran Thi Phuc,1
RENT_HCM_00095,82K-625.14,Honda,City,11/14/2024,11/15/2024,1012248,Dang Thi Nam,0
RENT_HCM_00096,72H-414.63,Ford,Ranger,11/24/2022,11/30/2022,2539602,Do Thi Nam,1
RENT_HCM_00097,39H-457.60,Hyundai,Grand i10,8/15/2021,8/20/2021,3841810,Ngo Van Linh,1
RENT_HCM_00098,64K-177.33,Vinfast,Lux A2.0,1/19/2021,1/24/2021,5415200,Dang Thi Hoa,1
RENT_HCM_00099,71C-946.67,Ford,EcoSport,10/10/2023,10/16/2023,2739966,Bui Thi Phong,0
RENT_HCM_00100,12B-182.67,Toyota,Vios,1/15/2025,1/17/2025,1439126,Bui Thi Khoa,1
RENT_HCM_00101,77C-211.72,Kia,Seltos,5/5/2024,5/9/2024,2713812,Tran Thi Quyen,0
RENT_HCM_00102,27B-423.19,Hyundai,Grand i10,7/25/2023,7/31/2023,3097044,Ngo Van Cuong,1
RENT_HCM_00103,24A-243.28,Hyundai,Grand i10,7/19/2021,7/20/2021,1012187,Bui Thi Oanh,0
RENT_HCM_00104,62B-172.41,Kia,Soluto,7/20/2022,7/26/2022,4625724,Do Thi Linh,1
RENT_HCM_00105,40A-169.95,Toyota,Vios,2/14/2025,2/21/2025,7984900,Do Thi Quyen,0
RENT_HCM_00106,12E-196.98,Ford,EcoSport,9/18/2021,9/23/2021,4470450,Ngo Van Binh,0
RENT_HCM_00107,96H-976.38,Hyundai,i10,8/15/2025,8/17/2025,2275304,Tran Thi Minh,1
RENT_HCM_00108,47B-414.62,Honda,City,8/14/2022,8/20/2022,3611328,Vu Van Dung,1
RENT_HCM_00109,35G-898.00,Vinfast,Fadil,2/10/2026,2/17/2026,5831084,Ngo Van Dung,1
RENT_HCM_00110,32K-304.31,Kia,Morning,9/14/2023,9/19/2023,2090120,Hoang Van Nam,0
RENT_HCM_00111,32K-304.31,Kia,Morning,10/18/2025,10/24/2025,5962644,Do Thi An,0
RENT_HCM_00112,42D-602.47,Honda,City,8/21/2023,8/22/2023,715358,Vu Van Nam,1
RENT_HCM_00113,38C-383.91,Ford,Ranger,2/3/2023,2/8/2023,3658065,Do Thi Minh,0
RENT_HCM_00114,31E-660.71,Toyota,Camry,9/24/2021,9/29/2021,2714800,Tran Thi Minh,0
RENT_HCM_00115,72H-414.63,Ford,Ranger,9/21/2024,9/22/2024,559952,Bui Thi Nam,0
RENT_HCM_00116,40E-511.08,Honda,CR-V,9/5/2025,9/10/2025,4175420,Vu Van Dung,1
RENT_HCM_00117,89G-388.88,Hyundai,Accent,6/12/2023,6/17/2023,4606025,Bui Thi Em,0
RENT_HCM_00118,42D-602.47,Honda,City,8/20/2022,8/23/2022,1999662,Hoang Van An,0
RENT_HCM_00119,35G-898.00,Vinfast,Fadil,4/2/2021,4/5/2021,3275418,Pham Thi Giang,0
RENT_HCM_00120,55B-647.43,Mazda,3,5/12/2025,5/16/2025,1908896,Ngo Van Phuc,1
RENT_HCM_00121,45F-232.07,Vinfast,Lux A2.0,5/4/2026,5/5/2026,556258,Vu Van Cuong,0
RENT_HCM_00122,66F-164.86,Kia,Soluto,1/11/2026,1/13/2026,2054750,Hoang Van Khoa,0
RENT_HCM_00123,92D-335.06,Toyota,Camry,5/24/2025,5/30/2025,2400636,Nguyen Van Cuong,0
RENT_HCM_00124,50G-118.24,Honda,CR-V,2/13/2023,2/16/2023,2329395,Tran Thi Hoa,0
RENT_HCM_00125,39B-248.98,Hyundai,Grand i10,11/12/2022,11/17/2022,5147995,Dang Thi Oanh,1
RENT_HCM_00126,41C-516.21,Hyundai,i10,5/19/2022,5/20/2022,462641,Tran Thi An,1
RENT_HCM_00127,15C-124.07,Toyota,Innova,6/12/2024,6/17/2024,4431315,Nguyen Van Hoa,1
RENT_HCM_00128,27H-701.29,Toyota,Camry,9/15/2022,9/19/2022,3518548,Bui Thi Linh,0
RENT_HCM_00129,53E-229.68,Vinfast,Fadil,10/4/2023,10/9/2023,2263335,Le Van Oanh,1
RENT_HCM_00130,50G-877.98,Hyundai,i10,10/25/2024,10/30/2024,3515470,Ngo Van Phuc,0
RENT_HCM_00131,93D-583.18,Hyundai,Accent,8/22/2022,8/28/2022,5680404,Ngo Van Phong,3
RENT_HCM_00132,86G-330.15,Toyota,Vios,12/7/2025,12/10/2025,1747014,Le Van Phuc,1
RENT_HCM_00133,90A-485.48,Mazda,CX-5,5/27/2025,6/3/2025,3021543,Le Van Minh,0
RENT_HCM_00134,77C-680.84,Honda,City,8/4/2022,8/8/2022,2666176,Dang Thi Minh,2
RENT_HCM_00135,48B-706.17,Toyota,Camry,1/11/2021,1/15/2021,3911124,Pham Thi Phong,0
RENT_HCM_00136,74A-942.98,Hyundai,Accent,5/7/2024,5/11/2024,4173520,Dang Thi Minh,0
RENT_HCM_00137,95E-747.86,Mazda,CX-5,10/6/2023,10/13/2023,3752644,Hoang Van Linh,1
RENT_HCM_00138,91G-764.50,Toyota,Vios,5/27/2024,5/31/2024,4629736,Hoang Van An,2
RENT_HCM_00139,77C-616.68,Toyota,Camry,7/26/2025,7/28/2025,1533482,Le Van Khoa,0
RENT_HCM_00140,15A-216.83,Honda,City,5/4/2024,5/10/2024,4874562,Tran Thi An,1
RENT_HCM_00141,40H-661.06,Mazda,3,6/26/2026,7/2/2026,5240706,Tran Thi An,2
RENT_HCM_00142,31E-660.71,Toyota,Camry,6/13/2021,6/14/2021,607809,Bui Thi Hoa,0
RENT_HCM_00143,49C-168.30,Vinfast,Fadil,11/4/2025,11/8/2025,2848148,Le Van An,1
RENT_HCM_00144,87B-650.29,Toyota,Camry,6/19/2025,6/24/2025,4344150,Le Van Cuong,0
RENT_HCM_00145,95E-747.86,Mazda,CX-5,11/16/2022,11/18/2022,1260094,Vu Van Nam,1
RENT_HCM_00146,55K-383.25,Mazda,3,1/2/2026,1/4/2026,1718972,Nguyen Van Dung,3
RENT_HCM_00147,46E-807.16,Honda,City,5/12/2025,5/17/2025,4133880,Dang Thi Hoa,1
RENT_HCM_00148,82K-162.58,Mazda,CX-5,5/27/2025,5/30/2025,3523713,Pham Thi Cuong,1
RENT_HCM_00149,77F-485.44,Hyundai,i10,9/19/2024,9/26/2024,6293854,Do Thi Oanh,2
RENT_HCM_00150,82K-625.14,Honda,City,10/8/2022,10/11/2022,3539064,Do Thi Cuong,1
RENT_HCM_00151,86G-330.15,Toyota,Vios,6/30/2022,7/7/2022,3406760,Nguyen Van Minh,2
RENT_HCM_00152,96B-415.49,Mazda,3,11/20/2024,11/27/2024,6762658,Ngo Van Linh,0
RENT_HCM_00153,95H-477.98,Kia,Seltos,12/25/2025,12/30/2025,5601050,Le Van Phong,1
RENT_HCM_00154,91H-439.88,Mazda,CX-5,2/11/2024,2/12/2024,845646,Pham Thi Quyen,1
RENT_HCM_00155,86C-265.81,Ford,Ranger,10/3/2023,10/6/2023,2043324,Pham Thi Linh,0
RENT_HCM_00156,74H-842.20,Kia,Morning,9/12/2025,9/15/2025,1501908,Do Thi Phuc,1
RENT_HCM_00157,90F-168.01,Toyota,Vios,3/4/2025,3/11/2025,5547591,Ngo Van Oanh,1
RENT_HCM_00158,31A-995.79,Mazda,3,8/11/2023,8/17/2023,5489196,Dang Thi Giang,2
RENT_HCM_00159,25D-448.59,Vinfast,Lux A2.0,12/29/2022,12/30/2022,1119619,Bui Thi Cuong,1
RENT_HCM_00160,91H-439.88,Mazda,CX-5,7/5/2026,7/10/2026,2135555,Ngo Van Phuc,2
RENT_HCM_00161,62B-172.41,Kia,Soluto,6/25/2022,6/29/2022,3415292,Pham Thi Khoa,0
RENT_HCM_00162,37G-231.27,Toyota,Camry,1/7/2021,1/14/2021,4246165,Vu Van Minh,0
RENT_HCM_00163,83B-797.49,Mazda,3,4/4/2022,4/11/2022,6231407,Ngo Van Quyen,0
RENT_HCM_00164,41C-516.21,Hyundai,i10,6/26/2026,7/2/2026,2577678,Vu Van Phong,0
RENT_HCM_00165,11C-319.16,Toyota,Innova,11/27/2021,12/4/2021,4242896,Bui Thi Dung,0
RENT_HCM_00166,99E-453.66,Kia,Soluto,4/9/2025,4/14/2025,3096160,Hoang Van An,2
RENT_HCM_00167,49F-678.30,Vinfast,Lux A2.0,9/18/2024,9/21/2024,2493198,Ngo Van Quyen,1
RENT_HCM_00168,77A-503.91,Mazda,3,8/13/2022,8/15/2022,1837506,Ngo Van Phuc,3
RENT_HCM_00169,87B-430.99,Honda,City,1/15/2021,1/18/2021,2373612,Pham Thi Hoa,2
RENT_HCM_00170,50G-118.24,Honda,CR-V,3/19/2021,3/21/2021,1909004,Pham Thi Dung,1
RENT_HCM_00171,83B-797.49,Mazda,3,2/26/2024,2/29/2024,3167238,Vu Van An,1
RENT_HCM_00172,27G-984.07,Ford,Ranger,3/25/2024,3/27/2024,1736598,Dang Thi Giang,2
RENT_HCM_00173,73A-575.16,Ford,Ranger,3/1/2025,3/6/2025,3424640,Vu Van Oanh,3
RENT_HCM_00174,72H-414.63,Ford,Ranger,8/18/2026,8/23/2026,2050405,Do Thi Minh,1
RENT_HCM_00175,23G-543.44,Hyundai,i10,7/6/2024,7/10/2024,2444244,Ngo Van An,1
RENT_HCM_00176,24E-955.46,Toyota,Vios,10/22/2022,10/27/2022,4649785,Nguyen Van Cuong,1
RENT_HCM_00177,40B-456.25,Hyundai,i10,2/9/2026,2/10/2026,598960,Ngo Van Linh,0
RENT_HCM_00178,29C-652.72,Mazda,3,7/6/2022,7/8/2022,1829596,Vu Van Dung,0
RENT_HCM_00179,96D-838.67,Vinfast,Lux A2.0,4/11/2022,4/18/2022,8268155,Ngo Van Phuc,0
RENT_HCM_00180,11H-964.02,Ford,Ranger,2/11/2024,2/16/2024,4532075,Tran Thi Quyen,0
RENT_HCM_00181,59A-901.69,Kia,Soluto,6/8/2021,6/10/2021,2283634,Vu Van Oanh,1
RENT_HCM_00182,21G-202.34,Honda,City,4/18/2022,4/25/2022,8175552,Pham Thi Nam,0
RENT_HCM_00183,55K-383.25,Mazda,3,3/6/2022,3/10/2022,3574288,Le Van Linh,1
RENT_HCM_00184,90D-598.73,Toyota,Innova,12/11/2022,12/12/2022,963805,Vu Van An,0
RENT_HCM_00185,53E-229.68,Vinfast,Fadil,1/17/2026,1/23/2026,5307654,Tran Thi Quyen,1
RENT_HCM_00186,20A-146.45,Honda,City,1/20/2025,1/26/2025,4126074,Bui Thi Linh,0
RENT_HCM_00187,91H-439.88,Mazda,CX-5,10/10/2024,10/15/2024,3192940,Le Van Hoa,0
RENT_HCM_00188,59A-901.69,Kia,Soluto,1/2/2022,1/5/2022,3543120,Bui Thi Minh,0
RENT_HCM_00189,25D-575.36,Hyundai,Accent,11/17/2021,11/18/2021,530708,Bui Thi Quyen,0
RENT_HCM_00190,38G-497.95,Kia,Soluto,11/5/2022,11/7/2022,1523590,Nguyen Van Hoa,0
RENT_HCM_00191,87C-525.97,Ford,Ranger,6/14/2025,6/19/2025,5497765,Nguyen Van Hoa,3
RENT_HCM_00192,77C-680.84,Honda,City,9/2/2024,9/7/2024,3131650,Le Van Binh,0
RENT_HCM_00193,57C-660.60,Toyota,Vios,8/28/2021,9/2/2021,5231025,Pham Thi Nam,0
RENT_HCM_00194,22E-897.25,Mazda,CX-5,3/22/2024,3/26/2024,4350808,Le Van Nam,1
RENT_HCM_00195,36E-560.60,Toyota,Vios,6/18/2022,6/23/2022,5496675,Ngo Van Em,0
RENT_HCM_00196,73A-575.16,Ford,Ranger,1/21/2024,1/27/2024,2955402,Le Van Minh,0
RENT_HCM_00197,94G-517.12,Mazda,CX-5,6/10/2023,6/17/2023,8379847,Nguyen Van Khoa,2
RENT_HCM_00198,77C-211.72,Kia,Seltos,10/11/2025,10/16/2025,2680005,Vu Van An,1
RENT_HCM_00199,89C-852.67,Vinfast,Fadil,7/18/2024,7/25/2024,7900550,Do Thi Phuc,1
RENT_HCM_00200,72G-969.58,Toyota,Vios,6/21/2025,6/26/2025,2310840,Do Thi Cuong,1
RENT_HCM_00201,89G-388.88,Hyundai,Accent,5/29/2021,6/5/2021,7358995,Ngo Van Nam,2
RENT_HCM_00202,72K-221.19,Toyota,Innova,10/12/2023,10/19/2023,3091207,Dang Thi Binh,1
RENT_HCM_00203,98B-587.88,Vinfast,Fadil,1/25/2026,1/27/2026,1362084,Pham Thi An,0
RENT_HCM_00204,77C-616.68,Toyota,Camry,5/28/2026,6/1/2026,2074372,Nguyen Van Phuc,1
RENT_HCM_00205,11C-319.16,Toyota,Innova,5/28/2025,6/4/2025,6146413,Do Thi Minh,1
RENT_HCM_00206,16K-535.88,Kia,Soluto,1/29/2022,2/5/2022,3192140,Do Thi Nam,1
RENT_HCM_00207,32K-304.31,Kia,Morning,5/7/2026,5/13/2026,5615058,Dang Thi Khoa,2
RENT_HCM_00208,29C-652.72,Mazda,3,3/25/2023,3/28/2023,3412608,Nguyen Van Em,0
RENT_HCM_00209,11C-319.16,Toyota,Innova,11/3/2023,11/7/2023,1600620,Le Van Hoa,0
RENT_HCM_00210,47E-150.60,Kia,Seltos,1/19/2021,1/24/2021,3651595,Vu Van An,1
RENT_HCM_00211,40A-169.95,Toyota,Vios,3/10/2021,3/16/2021,5898168,Dang Thi Quyen,1
RENT_HCM_00212,90B-179.51,Vinfast,Fadil,10/30/2024,11/6/2024,4371724,Tran Thi Dung,0
RENT_HCM_00213,27G-984.07,Ford,Ranger,2/13/2024,2/19/2024,5017428,Nguyen Van Phong,0
RENT_HCM_00214,31E-660.71,Toyota,Camry,8/25/2025,8/26/2025,1188284,Ngo Van Dung,1
RENT_HCM_00215,19K-348.27,Hyundai,i10,10/19/2023,10/21/2023,2254064,Le Van Khoa,0
RENT_HCM_00216,90A-463.29,Hyundai,i10,3/19/2025,3/21/2025,2218362,Dang Thi Cuong,2
RENT_HCM_00217,89G-388.88,Hyundai,Accent,4/5/2026,4/6/2026,946763,Le Van An,1
RENT_HCM_00218,96D-838.67,Vinfast,Lux A2.0,4/13/2023,4/16/2023,3107310,Do Thi Hoa,2
RENT_HCM_00219,66E-447.50,Mazda,CX-5,11/15/2021,11/17/2021,2371458,Do Thi Minh,0
RENT_HCM_00220,37G-231.27,Toyota,Camry,7/21/2024,7/26/2024,3027145,Pham Thi Giang,1
RENT_HCM_00221,78B-364.49,Toyota,Camry,5/15/2025,5/19/2025,3308628,Bui Thi Nam,0
RENT_HCM_00222,84G-796.42,Kia,Morning,12/21/2022,12/28/2022,4723390,Vu Van Khoa,0
RENT_HCM_00223,57C-660.60,Toyota,Vios,11/28/2022,12/3/2022,3009995,Ngo Van Quyen,0
RENT_HCM_00224,24E-955.46,Toyota,Vios,3/6/2025,3/10/2025,4750100,Le Van An,1
RENT_HCM_00225,33B-472.24,Kia,Seltos,1/13/2023,1/15/2023,1293262,Do Thi Dung,2
RENT_HCM_00226,38E-944.15,Mazda,3,8/5/2023,8/9/2023,3438488,Hoang Van Cuong,1
RENT_HCM_00227,11G-399.40,Kia,Morning,10/5/2022,10/7/2022,1383104,Vu Van Linh,0
RENT_HCM_00228,11H-964.02,Ford,Ranger,8/22/2023,8/29/2023,6729072,Le Van Binh,0
RENT_HCM_00229,50F-310.34,Kia,Morning,8/28/2023,9/1/2023,4362632,Nguyen Van Phong,0
RENT_HCM_00230,77C-616.68,Toyota,Camry,7/16/2023,7/20/2023,2950724,Nguyen Van Minh,0
RENT_HCM_00231,67C-665.78,Hyundai,i10,8/22/2026,8/24/2026,1378884,Pham Thi Binh,0
RENT_HCM_00232,40E-511.08,Honda,CR-V,6/7/2022,6/14/2022,8377362,Do Thi Cuong,1
RENT_HCM_00233,94E-578.12,Hyundai,i10,1/8/2026,1/13/2026,3360285,Tran Thi Dung,1
RENT_HCM_00234,11C-738.22,Vinfast,Fadil,8/21/2023,8/25/2023,3388588,Tran Thi Cuong,1
RENT_HCM_00235,13C-595.73,Vinfast,Lux A2.0,3/15/2024,3/16/2024,1090999,Dang Thi Cuong,0
RENT_HCM_00236,33C-941.96,Kia,Morning,5/24/2022,5/29/2022,5587595,Pham Thi Phong,0
RENT_HCM_00237,36F-989.46,Mazda,3,2/21/2024,2/22/2024,888926,Dang Thi Giang,1
RENT_HCM_00238,31E-660.71,Toyota,Camry,2/21/2022,2/26/2022,5920055,Nguyen Van Em,1
RENT_HCM_00239,37K-262.20,Mazda,3,1/23/2022,1/25/2022,2231262,Vu Van Giang,1
RENT_HCM_00240,54G-335.06,Honda,CR-V,7/15/2021,7/21/2021,3302868,Ngo Van Cuong,2
RENT_HCM_00241,43G-993.34,Kia,Soluto,8/19/2023,8/23/2023,2308312,Pham Thi Oanh,0
RENT_HCM_00242,13H-835.85,Ford,EcoSport,5/18/2022,5/22/2022,2628356,Tran Thi Cuong,3
RENT_HCM_00243,37G-231.27,Toyota,Camry,8/2/2023,8/4/2023,2214128,Hoang Van Binh,1
RENT_HCM_00244,23G-543.44,Hyundai,i10,8/23/2021,8/24/2021,530183,Le Van Nam,1
RENT_HCM_00245,64F-676.74,Hyundai,Accent,6/17/2021,6/23/2021,5337126,Nguyen Van Oanh,1
RENT_HCM_00246,95B-546.55,Hyundai,Accent,11/30/2022,12/6/2022,4981938,Tran Thi Quyen,1
RENT_HCM_00247,28D-108.89,Hyundai,i10,12/20/2024,12/21/2024,549918,Pham Thi Nam,2
RENT_HCM_00248,78B-364.49,Toyota,Camry,6/21/2021,6/26/2021,2851595,Bui Thi Quyen,1
RENT_HCM_00249,47D-840.33,Kia,Morning,5/27/2023,6/1/2023,5968925,Le Van Dung,0
RENT_HCM_00250,28B-288.64,Hyundai,Accent,4/12/2023,4/19/2023,4950645,Bui Thi Phuc,0
RENT_HCM_00251,25B-454.15,Toyota,Innova,2/18/2023,2/20/2023,1768326,Nguyen Van Cuong,0
RENT_HCM_00252,66E-447.50,Mazda,CX-5,8/4/2021,8/9/2021,4104925,Do Thi Cuong,1
RENT_HCM_00253,74A-942.98,Hyundai,Accent,12/28/2023,12/29/2023,730193,Bui Thi Giang,0
RENT_HCM_00254,72G-919.68,Toyota,Vios,2/7/2024,2/12/2024,5350825,Bui Thi Oanh,0
RENT_HCM_00255,49F-678.30,Vinfast,Lux A2.0,9/10/2023,9/11/2023,1175750,Dang Thi Dung,0
RENT_HCM_00256,35G-898.00,Vinfast,Fadil,12/6/2021,12/12/2021,4304850,Pham Thi Oanh,1
RENT_HCM_00257,95E-747.86,Mazda,CX-5,7/3/2024,7/9/2024,5818830,Pham Thi Nam,0
RENT_HCM_00258,69F-764.42,Mazda,CX-5,9/22/2023,9/23/2023,547178,Le Van Cuong,1
RENT_HCM_00259,40E-606.38,Vinfast,Lux A2.0,3/12/2024,3/14/2024,1310382,Dang Thi Em,2
RENT_HCM_00260,62B-172.41,Kia,Soluto,3/7/2023,3/10/2023,3054564,Nguyen Van Linh,2
RENT_HCM_00261,24A-237.02,Hyundai,Accent,9/21/2026,9/24/2026,2085564,Tran Thi Oanh,0
RENT_HCM_00262,99E-453.66,Kia,Soluto,8/4/2024,8/5/2024,770669,Bui Thi Khoa,1
RENT_HCM_00263,32K-304.31,Kia,Morning,8/23/2024,8/30/2024,5297152,Pham Thi Quyen,0
RENT_HCM_00264,72G-919.68,Toyota,Vios,12/5/2022,12/10/2022,5372170,Pham Thi Quyen,0
RENT_HCM_00265,12E-196.98,Ford,EcoSport,7/5/2026,7/7/2026,1906972,Tran Thi Em,0
RENT_HCM_00266,22E-897.25,Mazda,CX-5,10/6/2021,10/10/2021,4617812,Ngo Van Cuong,2
RENT_HCM_00267,33F-566.78,Toyota,Vios,7/13/2024,7/16/2024,2434560,Hoang Van Phong,0
RENT_HCM_00268,55K-383.25,Mazda,3,4/10/2021,4/13/2021,2402664,Ngo Van Khoa,0
RENT_HCM_00269,76K-194.55,Toyota,Innova,12/23/2021,12/30/2021,6267807,Pham Thi Khoa,0
RENT_HCM_00270,22E-897.25,Mazda,CX-5,10/22/2023,10/28/2023,3027546,Do Thi An,0
RENT_HCM_00271,91G-764.50,Toyota,Vios,3/21/2025,3/25/2025,1717680,Pham Thi Minh,0
RENT_HCM_00272,91B-105.47,Toyota,Innova,6/8/2026,6/15/2026,5779725,Dang Thi Minh,1
RENT_HCM_00273,50D-378.78,Vinfast,Lux A2.0,11/30/2021,12/7/2021,5639382,Do Thi Oanh,3
RENT_HCM_00274,16K-535.88,Kia,Soluto,3/28/2022,4/4/2022,6719776,Nguyen Van Hoa,0
RENT_HCM_00275,66G-887.42,Vinfast,Lux A2.0,2/27/2022,3/1/2022,1905710,Ngo Van Em,0
RENT_HCM_00276,53K-126.49,Toyota,Innova,12/6/2021,12/9/2021,3333078,Dang Thi Phuc,1
RENT_HCM_00277,50D-378.78,Vinfast,Lux A2.0,8/5/2026,8/7/2026,1687966,Hoang Van Quyen,3
RENT_HCM_00278,73D-927.45,Mazda,CX-5,1/8/2025,1/10/2025,1379596,Pham Thi Phuc,0
RENT_HCM_00279,77B-234.63,Mazda,3,3/23/2023,3/26/2023,3339561,Le Van Minh,0
RENT_HCM_00280,77F-485.44,Hyundai,i10,10/30/2021,11/6/2021,7937951,Tran Thi Giang,0
RENT_HCM_00281,22G-155.46,Hyundai,i10,5/23/2026,5/25/2026,2296048,Do Thi Em,2
RENT_HCM_00282,87B-650.29,Toyota,Camry,8/14/2022,8/18/2022,2365856,Pham Thi Cuong,2
RENT_HCM_00283,38C-383.91,Ford,Ranger,8/18/2021,8/21/2021,1234953,Hoang Van Oanh,0
RENT_HCM_00284,83F-155.85,Vinfast,Fadil,5/10/2023,5/16/2023,7133148,Hoang Van Nam,1
RENT_HCM_00285,46C-855.60,Vinfast,Fadil,3/7/2025,3/11/2025,2737788,Ngo Van Giang,2
RENT_HCM_00286,83B-797.49,Mazda,3,2/2/2022,2/8/2022,3510030,Hoang Van Minh,0
RENT_HCM_00287,25D-448.59,Vinfast,Lux A2.0,6/30/2024,7/3/2024,1654131,Vu Van Em,1
RENT_HCM_00288,95B-546.55,Hyundai,Accent,8/28/2025,9/3/2025,5310606,Hoang Van Em,2
RENT_HCM_00289,22K-526.15,Hyundai,Accent,1/3/2024,1/4/2024,534490,Tran Thi Cuong,2
RENT_HCM_00290,34H-793.09,Mazda,CX-5,12/16/2025,12/20/2025,1943972,Vu Van Nam,0
RENT_HCM_00291,75C-107.61,Vinfast,Fadil,1/25/2026,1/28/2026,3408420,Ngo Van Nam,1
RENT_HCM_00292,95B-546.55,Hyundai,Accent,1/19/2025,1/26/2025,4115328,Pham Thi Khoa,1
RENT_HCM_00293,38E-944.15,Mazda,3,2/21/2025,2/24/2025,1242000,Dang Thi Linh,1
RENT_HCM_00294,38C-142.53,Hyundai,i10,7/30/2024,7/31/2024,783644,Tran Thi Hoa,1
RENT_HCM_00295,43G-780.01,Kia,Morning,3/4/2023,3/11/2023,6586426,Pham Thi Em,1
RENT_HCM_00296,33C-941.96,Kia,Morning,2/13/2023,2/19/2023,2545104,Nguyen Van Minh,0
RENT_HCM_00297,85H-903.18,Kia,Morning,10/5/2024,10/6/2024,496650,Ngo Van Quyen,0
RENT_HCM_00298,93F-865.25,Mazda,3,3/23/2024,3/26/2024,1967709,Tran Thi An,1
RENT_HCM_00299,37B-826.15,Kia,Soluto,11/12/2024,11/16/2024,3391068,Le Van Em,0
RENT_HCM_00300,32K-304.31,Kia,Morning,8/2/2021,8/5/2021,3315780,Vu Van Quyen,0
RENT_HCM_00301,18E-187.25,Mazda,3,6/4/2021,6/9/2021,5516520,Tran Thi Nam,2
RENT_HCM_00302,62G-115.18,Ford,Ranger,3/9/2025,3/16/2025,5378492,Pham Thi Oanh,0
RENT_HCM_00303,23C-148.49,Hyundai,i10,5/8/2021,5/12/2021,3406332,Hoang Van Binh,0
RENT_HCM_00304,71C-946.67,Ford,EcoSport,3/29/2025,4/3/2025,5979855,Le Van Linh,0
RENT_HCM_00305,45C-536.55,Ford,EcoSport,12/29/2023,12/30/2023,641127,Bui Thi Minh,1
RENT_HCM_00306,14H-574.13,Kia,Morning,4/10/2026,4/11/2026,796771,Vu Van Binh,0
RENT_HCM_00307,13C-595.73,Vinfast,Lux A2.0,7/27/2022,8/1/2022,3310890,Ngo Van Cuong,1
RENT_HCM_00308,92F-931.00,Vinfast,Lux A2.0,5/28/2021,6/4/2021,4495897,Ngo Van Khoa,1
RENT_HCM_00309,53E-229.68,Vinfast,Fadil,2/26/2021,3/2/2021,4361824,Ngo Van Quyen,1
RENT_HCM_00310,40E-606.38,Vinfast,Lux A2.0,5/7/2022,5/13/2022,5291022,Vu Van Giang,0
RENT_HCM_00311,23C-148.49,Hyundai,i10,12/23/2023,12/26/2023,3170808,Vu Van Cuong,3
RENT_HCM_00312,49F-678.30,Vinfast,Lux A2.0,7/14/2023,7/15/2023,1071249,Do Thi Quyen,0
RENT_HCM_00313,83B-797.49,Mazda,3,12/12/2021,12/13/2021,739335,Hoang Van Khoa,1
RENT_HCM_00314,60A-977.72,Hyundai,Grand i10,4/4/2023,4/7/2023,2175840,Bui Thi Em,0
RENT_HCM_00315,50D-378.78,Vinfast,Lux A2.0,10/26/2025,10/31/2025,3110710,Hoang Van Binh,0
RENT_HCM_00316,40B-456.25,Hyundai,i10,2/27/2026,3/2/2026,2470902,Tran Thi Nam,2
RENT_HCM_00317,27G-984.07,Ford,Ranger,12/14/2024,12/17/2024,3544788,Bui Thi Oanh,0
RENT_HCM_00318,66F-164.86,Kia,Soluto,6/4/2026,6/8/2026,3819652,Tran Thi Giang,1
RENT_HCM_00319,64F-676.74,Hyundai,Accent,8/27/2021,8/28/2021,916741,Nguyen Van Minh,1
RENT_HCM_00320,83B-797.49,Mazda,3,1/2/2025,1/5/2025,2345964,Hoang Van Cuong,0
RENT_HCM_00321,77B-234.63,Mazda,3,12/1/2023,12/4/2023,3227076,Ngo Van Hoa,0
RENT_HCM_00322,39H-996.40,Honda,CR-V,10/24/2024,10/27/2024,1660611,Tran Thi Hoa,1
RENT_HCM_00323,36F-989.46,Mazda,3,2/23/2024,2/27/2024,3197464,Nguyen Van Phuc,1
RENT_HCM_00324,62G-115.18,Ford,Ranger,9/6/2026,9/12/2026,6532950,Nguyen Van Phong,0
RENT_HCM_00325,87K-428.26,Honda,CR-V,1/12/2026,1/13/2026,550736,Pham Thi Linh,1
RENT_HCM_00326,49C-168.30,Vinfast,Fadil,8/29/2023,9/1/2023,2228535,Ngo Van Em,2
RENT_HCM_00327,11G-731.54,Honda,City,8/17/2021,8/18/2021,1033635,Do Thi Dung,0
RENT_HCM_00328,90A-463.29,Hyundai,i10,6/28/2021,7/3/2021,2113655,Bui Thi Linh,1
RENT_HCM_00329,45C-524.00,Toyota,Camry,9/6/2021,9/11/2021,5194815,Pham Thi Hoa,0
RENT_HCM_00330,15F-595.30,Honda,City,7/19/2023,7/22/2023,2084673,Pham Thi Giang,0
RENT_HCM_00331,34K-392.12,Kia,Morning,8/17/2022,8/19/2022,1360980,Nguyen Van Hoa,1
RENT_HCM_00332,40B-456.25,Hyundai,i10,11/17/2021,11/18/2021,586048,Do Thi Khoa,3
RENT_HCM_00333,90D-598.73,Toyota,Innova,9/14/2022,9/18/2022,2833360,Hoang Van Khoa,2
RENT_HCM_00334,57C-660.60,Toyota,Vios,3/13/2024,3/19/2024,7154886,Vu Van Hoa,2
RENT_HCM_00335,12B-182.67,Toyota,Vios,7/28/2023,7/29/2023,791837,Nguyen Van Giang,0
RENT_HCM_00336,37B-826.15,Kia,Soluto,11/19/2022,11/26/2022,4096848,Hoang Van Linh,0
RENT_HCM_00337,11G-731.54,Honda,City,12/11/2024,12/13/2024,2052886,Pham Thi Minh,1
RENT_HCM_00338,87B-430.99,Honda,City,3/4/2023,3/6/2023,1546484,Le Van Nam,0
RENT_HCM_00339,71C-946.67,Ford,EcoSport,9/10/2025,9/14/2025,3848976,Tran Thi Linh,0
RENT_HCM_00340,22E-888.71,Honda,CR-V,12/13/2021,12/17/2021,2879752,Do Thi Hoa,2
RENT_HCM_00341,12E-196.98,Ford,EcoSport,4/2/2025,4/8/2025,4638138,Vu Van Minh,1
RENT_HCM_00342,68D-390.90,Kia,Morning,8/10/2025,8/14/2025,4217032,Tran Thi Nam,2
RENT_HCM_00343,66G-320.55,Kia,Soluto,4/8/2026,4/13/2026,4781400,Tran Thi Giang,1
RENT_HCM_00344,96D-838.67,Vinfast,Lux A2.0,1/19/2022,1/25/2022,6239304,Nguyen Van Hoa,1
RENT_HCM_00345,13E-299.60,Honda,CR-V,11/22/2025,11/23/2025,1079394,Ngo Van Quyen,1
RENT_HCM_00346,91H-439.88,Mazda,CX-5,11/19/2022,11/25/2022,4097094,Nguyen Van Cuong,0
RENT_HCM_00347,18H-105.04,Hyundai,i10,2/29/2024,3/5/2024,2014205,Le Van Linh,2
RENT_HCM_00348,24A-243.28,Hyundai,Grand i10,6/6/2023,6/8/2023,2309438,Bui Thi Dung,1
RENT_HCM_00349,45D-330.83,Mazda,CX-5,10/7/2023,10/9/2023,1399308,Vu Van Linh,1
RENT_HCM_00350,11C-319.16,Toyota,Innova,8/1/2024,8/5/2024,1785000,Do Thi Binh,0
RENT_HCM_00351,39H-562.25,Ford,EcoSport,5/12/2023,5/16/2023,2229008,Le Van Minh,0
RENT_HCM_00352,32D-394.35,Toyota,Vios,2/5/2023,2/8/2023,2242836,Nguyen Van Linh,1
RENT_HCM_00353,19K-348.27,Hyundai,i10,7/30/2025,8/5/2025,2432490,Vu Van Dung,1
RENT_HCM_00354,40E-511.08,Honda,CR-V,9/27/2026,10/3/2026,5160798,Hoang Van Khoa,2
RENT_HCM_00355,69F-764.42,Mazda,CX-5,8/20/2025,8/26/2025,5885922,Dang Thi Oanh,2
RENT_HCM_00356,43G-780.01,Kia,Morning,6/25/2025,7/1/2025,5537454,Nguyen Van Hoa,0
RENT_HCM_00357,37E-977.04,Mazda,3,2/28/2023,3/7/2023,5931597,Bui Thi Khoa,0
RENT_HCM_00358,40A-169.95,Toyota,Vios,6/22/2024,6/25/2024,1485177,Do Thi Cuong,0
RENT_HCM_00359,53E-229.68,Vinfast,Fadil,5/15/2025,5/17/2025,1097962,Ngo Van Giang,1
RENT_HCM_00360,38G-667.86,Mazda,3,1/23/2024,1/29/2024,5962038,Bui Thi Phuc,0
RENT_HCM_00361,26D-656.30,Honda,City,3/31/2024,4/7/2024,3686137,Le Van Phuc,0
RENT_HCM_00362,36F-989.46,Mazda,3,3/22/2026,3/26/2026,3932076,Tran Thi Giang,0
RENT_HCM_00363,45C-524.00,Toyota,Camry,2/6/2024,2/10/2024,3158284,Ngo Van Linh,3
RENT_HCM_00364,86G-330.15,Toyota,Vios,10/18/2025,10/24/2025,4548990,Bui Thi Oanh,1
RENT_HCM_00365,86B-468.95,Toyota,Camry,4/19/2024,4/20/2024,428622,Pham Thi Em,3
RENT_HCM_00366,84G-796.42,Kia,Morning,8/1/2024,8/5/2024,4230216,Le Van Phong,2
RENT_HCM_00367,92A-672.48,Ford,EcoSport,1/7/2026,1/9/2026,1567124,Bui Thi Dung,2
RENT_HCM_00368,99C-732.83,Ford,EcoSport,10/26/2021,11/2/2021,7725620,Bui Thi Linh,0
RENT_HCM_00369,15A-216.83,Honda,City,10/21/2023,10/22/2023,1095018,Tran Thi Khoa,0
RENT_HCM_00370,86B-468.95,Toyota,Camry,10/11/2022,10/16/2022,2056815,Tran Thi Nam,1
RENT_HCM_00371,39H-457.60,Hyundai,Grand i10,6/19/2021,6/20/2021,845198,Tran Thi An,0
RENT_HCM_00372,35G-898.00,Vinfast,Fadil,4/10/2023,4/16/2023,4809912,Tran Thi Cuong,2
RENT_HCM_00373,52B-953.14,Kia,Soluto,11/6/2023,11/11/2023,2651810,Nguyen Van Hoa,1
RENT_HCM_00374,36F-989.46,Mazda,3,8/29/2022,8/31/2022,1536536,Tran Thi Phong,1
RENT_HCM_00375,63E-560.78,Kia,Morning,5/19/2025,5/22/2025,3336039,Ngo Van Nam,1
RENT_HCM_00376,39K-469.95,Mazda,CX-5,7/29/2022,8/2/2022,1669728,Hoang Van Minh,0
RENT_HCM_00377,52B-953.14,Kia,Soluto,5/26/2026,5/28/2026,2106526,Dang Thi Hoa,0
RENT_HCM_00378,34K-392.12,Kia,Morning,5/11/2025,5/13/2025,1855342,Pham Thi Nam,0
RENT_HCM_00379,39K-469.95,Mazda,CX-5,6/12/2023,6/13/2023,978399,Hoang Van Hoa,0
RENT_HCM_00380,86C-265.81,Ford,Ranger,9/29/2024,10/1/2024,1416672,Vu Van Cuong,1
RENT_HCM_00381,84G-796.42,Kia,Morning,12/31/2021,1/7/2022,5426274,Tran Thi Hoa,0
RENT_HCM_00382,30K-166.87,Hyundai,Accent,12/18/2021,12/22/2021,4011244,Pham Thi Minh,3
RENT_HCM_00383,56B-609.78,Honda,CR-V,8/18/2022,8/25/2022,6986028,Nguyen Van Giang,3
RENT_HCM_00384,93A-482.11,Toyota,Camry,6/17/2021,6/20/2021,2147940,Hoang Van Phuc,0
RENT_HCM_00385,45C-524.00,Toyota,Camry,5/3/2024,5/8/2024,3869180,Bui Thi Phuc,1
RENT_HCM_00386,39H-896.77,Toyota,Vios,11/13/2021,11/16/2021,2312349,Ngo Van An,0
RENT_HCM_00387,24A-243.28,Hyundai,Grand i10,9/11/2021,9/17/2021,2970564,Hoang Van Cuong,0
RENT_HCM_00388,86E-413.23,Toyota,Vios,8/13/2021,8/14/2021,645980,Do Thi Linh,0
RENT_HCM_00389,24A-243.28,Hyundai,Grand i10,8/17/2022,8/23/2022,3847608,Nguyen Van Cuong,0
RENT_HCM_00390,37E-977.04,Mazda,3,7/11/2024,7/18/2024,6710109,Vu Van Quyen,2
RENT_HCM_00391,75C-107.61,Vinfast,Fadil,12/23/2022,12/28/2022,3993210,Do Thi Em,1
RENT_HCM_00392,52B-953.14,Kia,Soluto,9/15/2026,9/16/2026,553364,Do Thi Oanh,1
RENT_HCM_00393,83B-797.49,Mazda,3,4/19/2025,4/26/2025,5252611,Bui Thi Linh,2
RENT_HCM_00394,32K-304.31,Kia,Morning,3/12/2025,3/13/2025,504878,Ngo Van Phong,0
RENT_HCM_00395,90A-463.29,Hyundai,i10,7/6/2026,7/9/2026,1980738,Vu Van Cuong,1
RENT_HCM_00396,68D-390.90,Kia,Morning,12/14/2025,12/20/2025,3772638,Bui Thi An,0
RENT_HCM_00397,22E-897.25,Mazda,CX-5,3/5/2024,3/6/2024,578508,Vu Van Em,3
RENT_HCM_00398,50G-118.24,Honda,CR-V,7/24/2024,7/26/2024,1111476,Tran Thi Oanh,1
RENT_HCM_00399,40B-456.25,Hyundai,i10,1/9/2021,1/13/2021,4523456,Le Van Em,0
RENT_HCM_00400,65B-452.82,Toyota,Innova,3/8/2026,3/15/2026,4023285,Nguyen Van Giang,0
RENT_HCM_00401,46E-807.16,Honda,City,8/5/2025,8/12/2025,5814998,Tran Thi Oanh,2
RENT_HCM_00402,21A-335.92,Vinfast,Fadil,5/22/2022,5/29/2022,4018448,Do Thi Quyen,0
RENT_HCM_00403,24A-237.02,Hyundai,Accent,10/8/2024,10/9/2024,510495,Do Thi Minh,1
RENT_HCM_00404,50D-378.78,Vinfast,Lux A2.0,6/21/2025,6/23/2025,2247220,Ngo Van Phuc,0
RENT_HCM_00405,93D-583.18,Hyundai,Accent,5/12/2026,5/15/2026,2598426,Pham Thi Phuc,0
RENT_HCM_00406,16K-535.88,Kia,Soluto,6/21/2024,6/25/2024,3326380,Bui Thi Phuc,1
RENT_HCM_00407,72K-707.72,Toyota,Camry,9/2/2025,9/9/2025,6347593,Vu Van Phong,0
RENT_HCM_00408,22K-526.15,Hyundai,Accent,9/23/2022,9/29/2022,6558276,Do Thi Minh,1
RENT_HCM_00409,46C-855.60,Vinfast,Fadil,1/16/2023,1/22/2023,4197576,Pham Thi Cuong,0
RENT_HCM_00410,72K-707.72,Toyota,Camry,1/7/2024,1/14/2024,7965839,Bui Thi Hoa,2
RENT_HCM_00411,83F-155.85,Vinfast,Fadil,9/18/2023,9/20/2023,1884036,Dang Thi Linh,1
RENT_HCM_00412,27H-701.29,Toyota,Camry,4/10/2021,4/16/2021,2544522,Ngo Van Dung,0
RENT_HCM_00413,35G-898.00,Vinfast,Fadil,3/28/2025,4/1/2025,2026252,Tran Thi An,0
RENT_HCM_00414,25A-321.29,Toyota,Innova,7/24/2022,7/25/2022,1035507,Ngo Van Khoa,0
RENT_HCM_00415,32K-304.31,Kia,Morning,12/25/2023,12/26/2023,1006017,Tran Thi Dung,1
RENT_HCM_00416,94G-517.12,Mazda,CX-5,4/2/2026,4/8/2026,3826212,Do Thi Nam,1
RENT_HCM_00417,59B-706.42,Toyota,Vios,2/2/2021,2/8/2021,2877756,Do Thi Khoa,1
RENT_HCM_00418,84G-796.42,Kia,Morning,7/31/2021,8/7/2021,3640812,Do Thi Giang,1
RENT_HCM_00419,76K-194.55,Toyota,Innova,10/15/2023,10/22/2023,6791295,Le Van Phong,1
RENT_HCM_00420,63E-560.78,Kia,Morning,9/30/2021,10/3/2021,2740092,Bui Thi Nam,0
RENT_HCM_00421,37F-841.13,Kia,Morning,8/17/2022,8/20/2022,3562641,Tran Thi Minh,0
RENT_HCM_00422,76H-418.80,Hyundai,Accent,2/22/2026,2/25/2026,3189882,Hoang Van Giang,2
RENT_HCM_00423,96E-688.41,Toyota,Innova,9/3/2021,9/6/2021,2320356,Dang Thi Nam,0
RENT_HCM_00424,88K-102.81,Hyundai,Accent,4/23/2025,4/28/2025,3743765,Pham Thi Linh,0
RENT_HCM_00425,16K-535.88,Kia,Soluto,12/26/2024,1/2/2025,4563062,Hoang Van Quyen,0
RENT_HCM_00426,41C-516.21,Hyundai,i10,10/20/2024,10/26/2024,3788118,Dang Thi Phuc,0
RENT_HCM_00427,84A-192.77,Toyota,Camry,3/19/2025,3/25/2025,6131526,Dang Thi Em,1
RENT_HCM_00428,47E-150.60,Kia,Seltos,11/29/2025,12/3/2025,3687416,Vu Van Phuc,0
RENT_HCM_00429,49F-678.30,Vinfast,Lux A2.0,5/7/2022,5/9/2022,1070824,Ngo Van An,0
RENT_HCM_00430,37G-231.27,Toyota,Camry,11/9/2025,11/16/2025,6910337,Bui Thi An,0
RENT_HCM_00431,80H-858.85,Ford,Ranger,1/6/2023,1/11/2023,3977305,Vu Van Giang,0
RENT_HCM_00432,89G-388.88,Hyundai,Accent,8/27/2022,8/30/2022,2595798,Tran Thi Cuong,1
RENT_HCM_00433,32C-510.80,Hyundai,Grand i10,4/15/2023,4/22/2023,6185907,Vu Van Phuc,0
RENT_HCM_00434,28B-288.64,Hyundai,Accent,8/19/2021,8/23/2021,1602196,Hoang Van Hoa,1
RENT_HCM_00435,31G-307.19,Honda,City,1/16/2023,1/22/2023,2516940,Pham Thi Khoa,1
RENT_HCM_00436,34K-392.12,Kia,Morning,7/13/2022,7/19/2022,6322974,Tran Thi An,0
RENT_HCM_00437,22E-897.25,Mazda,CX-5,1/3/2023,1/8/2023,3812675,Vu Van Linh,0
RENT_HCM_00438,40E-511.08,Honda,CR-V,11/10/2024,11/12/2024,2014482,Nguyen Van An,1
RENT_HCM_00439,72K-707.72,Toyota,Camry,2/2/2026,2/3/2026,606191,Tran Thi Oanh,1
RENT_HCM_00440,28D-108.89,Hyundai,i10,5/15/2023,5/18/2023,2253351,Hoang Van Linh,0
RENT_HCM_00441,82E-939.56,Hyundai,Accent,4/1/2021,4/2/2021,684153,Do Thi Minh,1
RENT_HCM_00442,22E-888.71,Honda,CR-V,11/29/2022,12/4/2022,4271795,Le Van Hoa,1
RENT_HCM_00443,43G-993.34,Kia,Soluto,7/24/2022,7/28/2022,1709600,Pham Thi Phuc,3
RENT_HCM_00444,13H-835.85,Ford,EcoSport,2/8/2026,2/9/2026,940334,Hoang Van Linh,0
RENT_HCM_00445,76K-194.55,Toyota,Innova,1/28/2021,1/30/2021,1761172,Vu Van Em,0
RENT_HCM_00446,86B-468.95,Toyota,Camry,5/15/2024,5/22/2024,3093300,Pham Thi Oanh,0
RENT_HCM_00447,72K-707.72,Toyota,Camry,7/4/2026,7/6/2026,1971194,Ngo Van Cuong,1
RENT_HCM_00448,31G-307.19,Honda,City,9/27/2024,10/1/2024,2539272,Dang Thi Phuc,1
RENT_HCM_00449,82K-625.14,Honda,City,1/25/2023,1/28/2023,1598289,Bui Thi Quyen,1
RENT_HCM_00450,45C-536.55,Ford,EcoSport,5/23/2025,5/29/2025,2662794,Tran Thi Quyen,1
RENT_HCM_00451,86B-468.95,Toyota,Camry,11/27/2024,12/2/2024,3908850,Dang Thi Nam,0
RENT_HCM_00452,22E-897.25,Mazda,CX-5,10/4/2025,10/6/2025,1350156,Tran Thi Phuc,0
RENT_HCM_00453,18C-484.21,Ford,Ranger,10/27/2024,10/30/2024,1992075,Do Thi Oanh,0
RENT_HCM_00454,40H-661.06,Mazda,3,5/7/2026,5/9/2026,1912160,Le Van Giang,0
RENT_HCM_00455,20K-624.55,Mazda,3,2/2/2021,2/4/2021,1779608,Bui Thi Cuong,0
RENT_HCM_00456,97D-214.30,Honda,CR-V,4/12/2021,4/13/2021,825816,Vu Van Cuong,1
RENT_HCM_00457,90A-485.48,Mazda,CX-5,4/16/2024,4/20/2024,1709532,Dang Thi Dung,2
RENT_HCM_00458,27G-984.07,Ford,Ranger,4/4/2025,4/11/2025,4635141,Le Van Minh,2
RENT_HCM_00459,72D-907.40,Hyundai,i10,3/18/2022,3/20/2022,1409386,Vu Van Minh,2
RENT_HCM_00460,34K-392.12,Kia,Morning,6/8/2021,6/12/2021,4671636,Le Van Em,1
RENT_HCM_00461,36E-560.60,Toyota,Vios,9/17/2024,9/23/2024,4574148,Hoang Van Nam,0
RENT_HCM_00462,70D-192.58,Kia,Morning,2/18/2026,2/20/2026,2056634,Vu Van Dung,0
RENT_HCM_00463,31F-834.71,Hyundai,Grand i10,9/29/2025,9/30/2025,592053,Dang Thi Oanh,1
RENT_HCM_00464,15C-124.07,Toyota,Innova,3/27/2023,4/3/2023,3895549,Do Thi Phong,3
RENT_HCM_00465,93F-865.25,Mazda,3,6/29/2022,7/5/2022,3443142,Dang Thi Phuc,0
RENT_HCM_00466,23D-400.10,Kia,Morning,6/19/2025,6/24/2025,4643285,Pham Thi Minh,2
RENT_HCM_00467,13C-595.73,Vinfast,Lux A2.0,5/23/2022,5/26/2022,2060631,Hoang Van Cuong,0
RENT_HCM_00468,50G-118.24,Honda,CR-V,8/30/2021,9/6/2021,6366689,Vu Van Phuc,0
RENT_HCM_00469,63A-217.47,Hyundai,i10,10/2/2024,10/9/2024,5175331,Hoang Van Phong,3
RENT_HCM_00470,66E-447.50,Mazda,CX-5,2/26/2025,3/4/2025,5439978,Bui Thi Dung,1
RENT_HCM_00471,80H-858.85,Ford,Ranger,5/27/2024,5/28/2024,1073255,Hoang Van Minh,0
RENT_HCM_00472,64F-676.74,Hyundai,Accent,12/20/2022,12/22/2022,2158316,Do Thi Khoa,1
RENT_HCM_00473,65B-452.82,Toyota,Innova,10/9/2021,10/15/2021,3216498,Le Van Minh,0
RENT_HCM_00474,99E-453.66,Kia,Soluto,1/14/2024,1/18/2024,2434204,Bui Thi Cuong,2
RENT_HCM_00475,21G-202.34,Honda,City,10/11/2024,10/15/2024,3437092,Dang Thi Phuc,2
RENT_HCM_00476,72G-969.58,Toyota,Vios,9/14/2026,9/20/2026,5213364,Ngo Van Cuong,2
RENT_HCM_00477,76G-211.58,Hyundai,Accent,9/8/2022,9/11/2022,2737608,Do Thi Quyen,1
RENT_HCM_00478,87C-525.97,Ford,Ranger,6/18/2025,6/22/2025,3813144,Nguyen Van Phong,1
RENT_HCM_00479,33F-566.78,Toyota,Vios,3/18/2025,3/25/2025,5303851,Tran Thi An,0
RENT_HCM_00480,89C-852.67,Vinfast,Fadil,9/28/2024,9/30/2024,1277902,Dang Thi Minh,1
RENT_HCM_00481,73D-927.45,Mazda,CX-5,8/19/2021,8/22/2021,2408709,Tran Thi Dung,1
RENT_HCM_00482,96D-838.67,Vinfast,Lux A2.0,10/21/2024,10/24/2024,1468920,Vu Van Cuong,0
RENT_HCM_00483,45F-232.07,Vinfast,Lux A2.0,4/8/2026,4/14/2026,3469416,Dang Thi Oanh,0
RENT_HCM_00484,92A-672.48,Ford,EcoSport,8/12/2023,8/15/2023,2228085,Vu Van Dung,0
RENT_HCM_00485,64K-177.33,Vinfast,Lux A2.0,5/4/2025,5/8/2025,2743560,Nguyen Van Linh,0
RENT_HCM_00486,11C-319.16,Toyota,Innova,8/29/2024,9/3/2024,2428705,Le Van Minh,2
RENT_HCM_00487,64K-177.33,Vinfast,Lux A2.0,9/27/2026,10/1/2026,3259976,Hoang Van Phuc,0
RENT_HCM_00488,50G-118.24,Honda,CR-V,10/4/2024,10/8/2024,4506684,Le Van Cuong,0
RENT_HCM_00489,93F-865.25,Mazda,3,8/14/2022,8/19/2022,2840505,Do Thi Em,0
RENT_HCM_00490,41C-516.21,Hyundai,i10,6/9/2023,6/16/2023,5040700,Bui Thi Hoa,0
RENT_HCM_00491,53K-126.49,Toyota,Innova,11/23/2021,11/30/2021,8364370,Bui Thi Phong,1
RENT_HCM_00492,66F-164.86,Kia,Soluto,6/26/2021,6/29/2021,2683200,Do Thi Giang,0
RENT_HCM_00493,91G-764.50,Toyota,Vios,11/7/2025,11/14/2025,2848804,Hoang Van Hoa,1
RENT_HCM_00494,37G-231.27,Toyota,Camry,7/28/2024,8/4/2024,6654242,Dang Thi Quyen,2
RENT_HCM_00495,37F-841.13,Kia,Morning,11/28/2023,11/29/2023,553990,Hoang Van Minh,1
RENT_HCM_00496,49D-328.28,Kia,Morning,6/12/2021,6/13/2021,694662,Nguyen Van Nam,2
RENT_HCM_00497,39H-996.40,Honda,CR-V,6/21/2025,6/28/2025,6274800,Nguyen Van Oanh,0
RENT_HCM_00498,93A-482.11,Toyota,Camry,9/21/2022,9/27/2022,3650772,Bui Thi Quyen,0
RENT_HCM_00499,59C-409.49,Honda,CR-V,7/29/2024,8/2/2024,3701344,Vu Van Em,2
RENT_HCM_00500,13H-835.85,Ford,EcoSport,7/10/2023,7/13/2023,2590194,Do Thi Dung,3
RENT_HCM_00501,39B-248.98,Hyundai,Grand i10,9/25/2026,10/1/2026,4245516,Pham Thi Linh,1
RENT_HCM_00502,38E-944.15,Mazda,3,7/18/2022,7/24/2022,3797892,Le Van An,0
RENT_HCM_00503,21A-335.92,Vinfast,Fadil,6/28/2021,7/4/2021,2902332,Tran Thi Phuc,1
RENT_HCM_00504,90A-485.48,Mazda,CX-5,4/5/2021,4/8/2021,3292662,Bui Thi Em,2
RENT_HCM_00505,81H-361.56,Vinfast,Lux A2.0,12/4/2021,12/10/2021,7134612,Bui Thi Minh,1
RENT_HCM_00506,30K-166.87,Hyundai,Accent,10/18/2025,10/24/2025,5798358,Ngo Van Giang,0
RENT_HCM_00507,85H-903.18,Kia,Morning,6/22/2026,6/24/2026,2120566,Hoang Van Giang,0
RENT_HCM_00508,85E-378.37,Ford,Ranger,2/27/2021,3/5/2021,6629106,Pham Thi Giang,1
RENT_HCM_00509,68C-733.66,Hyundai,Accent,7/14/2024,7/19/2024,5736990,Pham Thi Phuc,3
RENT_HCM_00510,65B-452.82,Toyota,Innova,10/7/2022,10/13/2022,2422956,Pham Thi Cuong,0
RENT_HCM_00511,26D-656.30,Honda,City,6/14/2024,6/17/2024,3023316,Vu Van Hoa,2
RENT_HCM_00512,93F-865.25,Mazda,3,6/27/2023,6/29/2023,2388968,Tran Thi Khoa,0
RENT_HCM_00513,78B-364.49,Toyota,Camry,4/6/2023,4/12/2023,4431486,Do Thi Phong,2
RENT_HCM_00514,33B-472.24,Kia,Seltos,6/1/2021,6/7/2021,4069026,Hoang Van Linh,0
RENT_HCM_00515,25D-575.36,Hyundai,Accent,7/25/2023,7/29/2023,2286980,Ngo Van An,3
RENT_HCM_00516,39H-996.40,Honda,CR-V,6/22/2026,6/25/2026,2468421,Pham Thi Khoa,1
RENT_HCM_00517,96D-838.67,Vinfast,Lux A2.0,4/28/2025,5/4/2025,4331046,Bui Thi Oanh,0
RENT_HCM_00518,77C-616.68,Toyota,Camry,9/12/2023,9/14/2023,1694052,Hoang Van Quyen,1
RENT_HCM_00519,90D-598.73,Toyota,Innova,5/14/2026,5/21/2026,6525470,Vu Van Oanh,0
RENT_HCM_00520,68K-951.28,Hyundai,i10,7/29/2024,8/2/2024,1730140,Dang Thi An,0
RENT_HCM_00521,25B-454.15,Toyota,Innova,9/13/2026,9/14/2026,432373,Tran Thi Quyen,0
RENT_HCM_00522,43K-499.70,Kia,Seltos,10/27/2025,11/1/2025,2234070,Do Thi Linh,1
RENT_HCM_00523,32F-733.46,Toyota,Vios,8/3/2026,8/5/2026,2142924,Nguyen Van Phong,0
RENT_HCM_00524,14B-920.02,Toyota,Vios,6/2/2026,6/6/2026,4102960,Do Thi Oanh,0
RENT_HCM_00525,78C-146.78,Ford,Ranger,8/28/2025,8/31/2025,2681829,Dang Thi Phong,0
RENT_HCM_00526,18C-484.21,Ford,Ranger,9/13/2025,9/19/2025,3065352,Pham Thi Minh,0
RENT_HCM_00527,45C-524.00,Toyota,Camry,4/29/2021,5/1/2021,1409644,Dang Thi Binh,3
RENT_HCM_00528,66G-320.55,Kia,Soluto,10/24/2024,10/30/2024,4582680,Vu Van Em,1
RENT_HCM_00529,21A-335.92,Vinfast,Fadil,10/8/2023,10/10/2023,1431378,Pham Thi Minh,3
RENT_HCM_00530,14G-415.24,Hyundai,i10,2/13/2021,2/18/2021,3133505,Dang Thi Minh,1
RENT_HCM_00531,56B-609.78,Honda,CR-V,1/5/2025,1/6/2025,592545,Do Thi Binh,3
RENT_HCM_00532,84G-796.42,Kia,Morning,4/22/2022,4/25/2022,2251113,Bui Thi Minh,3
RENT_HCM_00533,14H-574.13,Kia,Morning,4/2/2026,4/7/2026,5101995,Nguyen Van Oanh,1
RENT_HCM_00534,87B-430.99,Honda,City,3/14/2021,3/16/2021,1686502,Nguyen Van Binh,2
RENT_HCM_00535,72K-221.19,Toyota,Innova,12/11/2024,12/16/2024,5243215,Dang Thi An,1
RENT_HCM_00536,24A-237.02,Hyundai,Accent,8/30/2021,9/1/2021,1895396,Bui Thi Khoa,1
RENT_HCM_00537,11H-964.02,Ford,Ranger,4/25/2026,4/28/2026,3352053,Ngo Van Nam,0
RENT_HCM_00538,50G-877.98,Hyundai,i10,10/17/2025,10/21/2025,1949192,Bui Thi An,0
RENT_HCM_00539,63E-560.78,Kia,Morning,3/7/2021,3/11/2021,3550624,Vu Van Em,1
RENT_HCM_00540,45D-330.83,Mazda,CX-5,8/7/2022,8/11/2022,3877104,Hoang Van Oanh,1
RENT_HCM_00541,64F-676.74,Hyundai,Accent,3/29/2025,3/31/2025,1811330,Pham Thi Binh,0
RENT_HCM_00542,30K-166.87,Hyundai,Accent,10/4/2025,10/10/2025,6889596,Tran Thi Binh,0
RENT_HCM_00543,96D-497.47,Hyundai,i10,9/4/2022,9/8/2022,4247480,Ngo Van Cuong,0
RENT_HCM_00544,68A-588.72,Ford,EcoSport,1/15/2026,1/22/2026,4974375,Le Van Giang,1
RENT_HCM_00545,40E-606.38,Vinfast,Lux A2.0,12/25/2021,12/31/2021,6463212,Ngo Van Binh,0
RENT_HCM_00546,96H-976.38,Hyundai,i10,3/25/2026,3/26/2026,1102801,Bui Thi Dung,0
RENT_HCM_00547,46C-855.60,Vinfast,Fadil,9/26/2022,9/28/2022,2325844,Bui Thi Cuong,0
RENT_HCM_00548,39H-896.77,Toyota,Vios,1/18/2022,1/24/2022,4138530,Bui Thi Quyen,0
RENT_HCM_00549,91A-212.00,Hyundai,Grand i10,9/22/2021,9/24/2021,1789018,Le Van Phong,2
RENT_HCM_00550,72K-707.72,Toyota,Camry,1/19/2026,1/20/2026,867125,Nguyen Van Nam,2
RENT_HCM_00551,45F-232.07,Vinfast,Lux A2.0,9/15/2024,9/19/2024,3241116,Dang Thi Linh,0
RENT_HCM_00552,71D-707.45,Mazda,3,12/13/2024,12/18/2024,5736745,Tran Thi Em,1
RENT_HCM_00553,82K-625.14,Honda,City,11/9/2024,11/11/2024,1698484,Vu Van An,0
RENT_HCM_00554,50G-118.24,Honda,CR-V,3/25/2026,3/29/2026,4417576,Dang Thi Giang,0
RENT_HCM_00555,77A-503.91,Mazda,3,2/22/2024,2/27/2024,5525330,Do Thi Cuong,1
RENT_HCM_00556,62B-172.41,Kia,Soluto,3/7/2022,3/8/2022,483507,Vu Van Oanh,1
RENT_HCM_00557,32K-304.31,Kia,Morning,6/10/2022,6/16/2022,5182362,Le Van Binh,0
RENT_HCM_00558,71C-946.67,Ford,EcoSport,1/13/2023,1/19/2023,4467654,Pham Thi Minh,3
RENT_HCM_00559,86E-413.23,Toyota,Vios,9/1/2026,9/4/2026,2930445,Ngo Van Minh,3
RENT_HCM_00560,72G-969.58,Toyota,Vios,4/23/2021,4/26/2021,1690548,Vu Van Binh,0
RENT_HCM_00561,21G-202.34,Honda,City,5/30/2022,6/5/2022,5721408,Do Thi Binh,1
RENT_HCM_00562,13E-299.60,Honda,CR-V,1/31/2021,2/5/2021,5769485,Bui Thi Khoa,1
RENT_HCM_00563,11H-964.02,Ford,Ranger,3/8/2024,3/14/2024,3518808,Hoang Van Cuong,0
RENT_HCM_00564,76H-418.80,Hyundai,Accent,1/4/2023,1/9/2023,3803040,Dang Thi Binh,1
RENT_HCM_00565,95H-477.98,Kia,Seltos,8/30/2026,8/31/2026,1135165,Le Van Binh,0
RENT_HCM_00566,54G-335.06,Honda,CR-V,7/21/2024,7/26/2024,3905145,Pham Thi Phong,1
RENT_HCM_00567,85H-903.18,Kia,Morning,12/17/2021,12/22/2021,5219585,Nguyen Van Phuc,2
RENT_HCM_00568,38E-944.15,Mazda,3,8/19/2026,8/26/2026,7904295,Do Thi Minh,0
RENT_HCM_00569,53K-126.49,Toyota,Innova,9/5/2025,9/7/2025,1000180,Vu Van Binh,0
RENT_HCM_00570,87C-525.97,Ford,Ranger,10/3/2022,10/4/2022,1163236,Pham Thi Oanh,1
RENT_HCM_00571,12B-182.67,Toyota,Vios,8/14/2026,8/17/2026,3265500,Vu Van Em,1
RENT_HCM_00572,97D-214.30,Honda,CR-V,1/8/2021,1/13/2021,5931405,Vu Van Khoa,0
RENT_HCM_00573,37F-841.13,Kia,Morning,7/31/2026,8/5/2026,5474835,Dang Thi Oanh,0
RENT_HCM_00574,64F-676.74,Hyundai,Accent,4/27/2021,5/3/2021,7084230,Le Van Hoa,2
RENT_HCM_00575,32F-733.46,Toyota,Vios,1/25/2025,1/28/2025,1868994,Nguyen Van Em,1
RENT_HCM_00576,29C-652.72,Mazda,3,6/30/2025,7/3/2025,2343483,Tran Thi Linh,0
RENT_HCM_00577,12E-196.98,Ford,EcoSport,4/26/2026,5/2/2026,6811560,Le Van An,2
RENT_HCM_00578,91B-105.47,Toyota,Innova,11/12/2023,11/15/2023,1289064,Ngo Van Em,3
RENT_HCM_00579,72C-183.23,Ford,Ranger,9/9/2026,9/16/2026,5003789,Ngo Van Oanh,0
RENT_HCM_00580,98B-587.88,Vinfast,Fadil,6/11/2026,6/15/2026,4087576,Bui Thi Cuong,0
RENT_HCM_00581,82E-939.56,Hyundai,Accent,1/13/2024,1/19/2024,3940836,Dang Thi Em,0
RENT_HCM_00582,84G-796.42,Kia,Morning,8/2/2025,8/4/2025,1810554,Ngo Van Giang,2
RENT_HCM_00583,96E-688.41,Toyota,Innova,10/12/2021,10/13/2021,1043152,Do Thi Khoa,0
RENT_HCM_00584,57C-660.60,Toyota,Vios,11/8/2022,11/10/2022,1209452,Ngo Van Quyen,3
RENT_HCM_00585,39H-896.77,Toyota,Vios,7/3/2024,7/5/2024,2197798,Le Van Binh,1
RENT_HCM_00586,90A-485.48,Mazda,CX-5,3/3/2024,3/9/2024,5023650,Hoang Van Phong,1
RENT_HCM_00587,24A-237.02,Hyundai,Accent,7/25/2023,7/29/2023,4493484,Vu Van Quyen,1
RENT_HCM_00588,66E-447.50,Mazda,CX-5,7/27/2022,7/31/2022,4105092,Do Thi Phuc,2
RENT_HCM_00589,66G-887.42,Vinfast,Lux A2.0,12/27/2021,1/3/2022,4982922,Tran Thi Dung,0
RENT_HCM_00590,18E-187.25,Mazda,3,12/11/2024,12/18/2024,7085351,Le Van Dung,3
RENT_HCM_00591,99E-453.66,Kia,Soluto,11/13/2025,11/18/2025,3152515,Bui Thi Phong,0
RENT_HCM_00592,95B-546.55,Hyundai,Accent,9/20/2025,9/21/2025,748308,Nguyen Van Phuc,1
RENT_HCM_00593,28A-321.73,Hyundai,Accent,2/8/2025,2/12/2025,3026644,Le Van Nam,2
RENT_HCM_00594,12E-196.98,Ford,EcoSport,3/15/2023,3/21/2023,5043522,Vu Van An,0
RENT_HCM_00595,40E-511.08,Honda,CR-V,10/3/2024,10/8/2024,2389950,Tran Thi An,1
RENT_HCM_00596,16K-535.88,Kia,Soluto,10/9/2022,10/14/2022,5877275,Tran Thi Dung,0
RENT_HCM_00597,22E-888.71,Honda,CR-V,3/16/2021,3/19/2021,3274671,Hoang Van Giang,2
RENT_HCM_00598,30E-325.25,Kia,Morning,1/31/2026,2/5/2026,3965610,Hoang Van Hoa,0
RENT_HCM_00599,83F-155.85,Vinfast,Fadil,9/25/2026,10/1/2026,4588212,Vu Van Linh,0
RENT_HCM_00600,40B-456.25,Hyundai,i10,3/8/2023,3/9/2023,1154752,Dang Thi Giang,0
RENT_HCM_00601,20K-624.55,Mazda,3,2/5/2021,2/11/2021,3329970,Hoang Van Binh,0
RENT_HCM_00602,68A-588.72,Ford,EcoSport,2/17/2022,2/20/2022,1561473,Dang Thi Hoa,0
RENT_HCM_00603,83B-797.49,Mazda,3,2/13/2021,2/17/2021,4377144,Bui Thi Phuc,1
RENT_HCM_00604,98B-587.88,Vinfast,Fadil,6/19/2021,6/26/2021,5594939,Tran Thi Hoa,1
RENT_HCM_00605,54G-335.06,Honda,CR-V,1/18/2021,1/23/2021,3488960,Hoang Van Cuong,1
RENT_HCM_00606,77F-485.44,Hyundai,i10,5/28/2023,6/2/2023,2222410,Hoang Van Linh,2
RENT_HCM_00607,33C-941.96,Kia,Morning,6/2/2025,6/7/2025,5033890,Pham Thi Linh,0
RENT_HCM_00608,23D-400.10,Kia,Morning,9/24/2025,9/29/2025,4575365,Pham Thi Phuc,2
RENT_HCM_00609,25A-321.29,Toyota,Innova,4/2/2022,4/6/2022,3315984,Hoang Van Linh,0
RENT_HCM_00610,92D-335.06,Toyota,Camry,8/24/2026,8/26/2026,1410556,Nguyen Van Linh,1
RENT_HCM_00611,74H-842.20,Kia,Morning,9/26/2023,10/3/2023,3620260,Le Van Em,0
RENT_HCM_00612,52B-953.14,Kia,Soluto,5/8/2025,5/14/2025,6580302,Hoang Van Khoa,3
RENT_HCM_00613,30D-278.73,Hyundai,Accent,2/12/2026,2/13/2026,459814,Dang Thi Khoa,0
RENT_HCM_00614,68C-733.66,Hyundai,Accent,9/9/2023,9/16/2023,5188078,Bui Thi Phong,0
RENT_HCM_00615,43G-993.34,Kia,Soluto,4/6/2025,4/12/2025,2855784,Vu Van Cuong,1
RENT_HCM_00616,12B-182.67,Toyota,Vios,6/24/2022,6/28/2022,1943540,Vu Van Giang,2
RENT_HCM_00617,93F-865.25,Mazda,3,10/10/2021,10/11/2021,1017759,Nguyen Van Nam,0
RENT_HCM_00618,31E-660.71,Toyota,Camry,9/12/2021,9/14/2021,1511806,Pham Thi Binh,0
RENT_HCM_00619,62A-523.15,Honda,CR-V,6/13/2021,6/15/2021,1366202,Vu Van Phuc,1
RENT_HCM_00620,14B-920.02,Toyota,Vios,2/19/2022,2/26/2022,8211462,Le Van Em,1
RENT_HCM_00621,32F-733.46,Toyota,Vios,6/18/2024,6/22/2024,2029548,Bui Thi Dung,0
RENT_HCM_00622,97D-214.30,Honda,CR-V,10/17/2023,10/21/2023,2618288,Do Thi Linh,0
RENT_HCM_00623,90D-598.73,Toyota,Innova,1/4/2022,1/7/2022,3176079,Nguyen Van Phuc,0
RENT_HCM_00624,14C-459.98,Ford,EcoSport,8/6/2026,8/10/2026,1662904,Ngo Van Em,0
RENT_HCM_00625,47D-840.33,Kia,Morning,9/20/2021,9/24/2021,2030644,Vu Van Giang,1
RENT_HCM_00626,39A-767.06,Honda,CR-V,2/17/2024,2/22/2024,4161565,Ngo Van Nam,0
RENT_HCM_00627,86E-413.23,Toyota,Vios,5/7/2026,5/12/2026,4038750,Do Thi Minh,0
RENT_HCM_00628,47B-414.62,Honda,City,5/11/2023,5/16/2023,5945785,Hoang Van Em,1
RENT_HCM_00629,63A-217.47,Hyundai,i10,1/24/2025,1/30/2025,5682570,Nguyen Van An,2
RENT_HCM_00630,33F-566.78,Toyota,Vios,9/25/2021,9/30/2021,5431350,Do Thi Giang,3
RENT_HCM_00631,82K-625.14,Honda,City,5/7/2021,5/11/2021,2625816,Vu Van Em,0
RENT_HCM_00632,41C-516.21,Hyundai,i10,11/28/2025,11/29/2025,840284,Vu Van Phuc,0
RENT_HCM_00633,22G-155.46,Hyundai,i10,9/10/2026,9/12/2026,2074130,Le Van Phong,0
RENT_HCM_00634,26E-180.53,Hyundai,Accent,8/20/2022,8/23/2022,2615160,Le Van Phong,0
RENT_HCM_00635,26D-656.30,Honda,City,7/7/2024,7/12/2024,5617100,Pham Thi Phuc,0
RENT_HCM_00636,95H-477.98,Kia,Seltos,10/30/2022,11/5/2022,5588070,Hoang Van Minh,1
RENT_HCM_00637,36E-560.60,Toyota,Vios,6/24/2025,6/29/2025,2016390,Pham Thi Minh,3
RENT_HCM_00638,37B-826.15,Kia,Soluto,2/21/2021,2/25/2021,4454696,Bui Thi Phuc,0
RENT_HCM_00639,89G-388.88,Hyundai,Accent,5/23/2026,5/24/2026,651445,Ngo Van Phong,0
RENT_HCM_00640,68K-951.28,Hyundai,i10,10/15/2024,10/18/2024,1524201,Vu Van Binh,1
RENT_HCM_00641,73A-575.16,Ford,Ranger,9/23/2024,9/29/2024,2567364,Nguyen Van Em,0
RENT_HCM_00642,24E-955.46,Toyota,Vios,6/26/2025,7/2/2025,5028288,Do Thi Cuong,2
RENT_HCM_00643,23D-400.10,Kia,Morning,1/26/2023,1/29/2023,2779650,Hoang Van Oanh,1
RENT_HCM_00644,20A-146.45,Honda,City,9/18/2022,9/21/2022,2604903,Hoang Van Dung,1
RENT_HCM_00645,38E-944.15,Mazda,3,8/13/2025,8/20/2025,8302630,Dang Thi Phong,1
RENT_HCM_00646,28D-108.89,Hyundai,i10,1/29/2024,2/4/2024,6895026,Do Thi An,0
RENT_HCM_00647,59B-706.42,Toyota,Vios,9/12/2022,9/16/2022,4567916,Hoang Van Quyen,1
RENT_HCM_00648,76G-211.58,Hyundai,Accent,2/2/2022,2/8/2022,3714372,Nguyen Van An,1
RENT_HCM_00649,37E-977.04,Mazda,3,3/13/2025,3/16/2025,3443403,Do Thi Cuong,1
RENT_HCM_00650,86E-413.23,Toyota,Vios,2/2/2021,2/3/2021,1124137,Tran Thi Binh,1
RENT_HCM_00651,40B-456.25,Hyundai,i10,6/16/2025,6/19/2025,1917990,Ngo Van Minh,1
RENT_HCM_00652,11G-399.40,Kia,Morning,2/26/2023,3/3/2023,4016510,Ngo Van Oanh,1
RENT_HCM_00653,96B-415.49,Mazda,3,4/12/2026,4/18/2026,3645606,Pham Thi Binh,0
RENT_HCM_00654,86C-265.81,Ford,Ranger,3/7/2022,3/10/2022,1245927,Nguyen Van An,0
RENT_HCM_00655,15A-216.83,Honda,City,2/13/2025,2/20/2025,6972091,Hoang Van Oanh,0
RENT_HCM_00656,72K-221.19,Toyota,Innova,2/22/2022,2/27/2022,5024265,Bui Thi Dung,0
RENT_HCM_00657,94G-517.12,Mazda,CX-5,2/8/2024,2/15/2024,5747028,Do Thi Khoa,3
RENT_HCM_00658,99C-732.83,Ford,EcoSport,11/21/2024,11/22/2024,778785,Dang Thi Hoa,1
RENT_HCM_00659,13E-299.60,Honda,CR-V,11/28/2024,12/3/2024,5744440,Nguyen Van Giang,2
RENT_HCM_00660,90D-598.73,Toyota,Innova,2/17/2025,2/21/2025,4569348,Ngo Van Linh,0
RENT_HCM_00661,82E-939.56,Hyundai,Accent,3/27/2022,3/30/2022,3551988,Dang Thi An,0
RENT_HCM_00662,86C-265.81,Ford,Ranger,7/20/2021,7/24/2021,3489888,Bui Thi Cuong,0
RENT_HCM_00663,11C-738.22,Vinfast,Fadil,10/10/2025,10/11/2025,1172304,Do Thi Minh,1
RENT_HCM_00664,95B-546.55,Hyundai,Accent,7/3/2024,7/9/2024,7035702,Pham Thi Khoa,0
RENT_HCM_00665,40E-606.38,Vinfast,Lux A2.0,12/21/2023,12/22/2023,1080485,Le Van Em,1
RENT_HCM_00666,31F-834.71,Hyundai,Grand i10,2/9/2024,2/11/2024,1959716,Tran Thi Oanh,1
RENT_HCM_00667,30E-325.25,Kia,Morning,2/22/2021,2/25/2021,3318840,Dang Thi Minh,1
RENT_HCM_00668,43G-780.01,Kia,Morning,5/16/2023,5/21/2023,5007130,Bui Thi Quyen,0
RENT_HCM_00669,37G-231.27,Toyota,Camry,3/9/2025,3/11/2025,1132736,Pham Thi Khoa,1
RENT_HCM_00670,62B-172.41,Kia,Soluto,6/24/2024,6/27/2024,1375284,Nguyen Van An,0
RENT_HCM_00671,11C-319.16,Toyota,Innova,12/20/2024,12/26/2024,6593304,Dang Thi An,0
RENT_HCM_00672,91A-212.00,Hyundai,Grand i10,9/12/2022,9/17/2022,4182880,Vu Van Nam,0
RENT_HCM_00673,74A-942.98,Hyundai,Accent,9/29/2024,10/1/2024,1793478,Do Thi Minh,0
RENT_HCM_00674,68A-105.33,Toyota,Innova,7/26/2021,7/27/2021,867091,Ngo Van Oanh,0
RENT_HCM_00675,62G-115.18,Ford,Ranger,11/2/2021,11/9/2021,8207381,Nguyen Van Khoa,0
RENT_HCM_00676,66F-164.86,Kia,Soluto,9/6/2022,9/7/2022,496952,Ngo Van Linh,2
RENT_HCM_00677,77C-616.68,Toyota,Camry,10/28/2023,10/30/2023,2306578,Do Thi Cuong,2
RENT_HCM_00678,59A-901.69,Kia,Soluto,4/6/2025,4/13/2025,3734318,Tran Thi Phuc,0
RENT_HCM_00679,81H-361.56,Vinfast,Lux A2.0,8/13/2026,8/20/2026,3352573,Tran Thi Giang,0
RENT_HCM_00680,28D-108.89,Hyundai,i10,9/2/2024,9/5/2024,1678047,Tran Thi Quyen,0
RENT_HCM_00681,12B-182.67,Toyota,Vios,11/23/2025,11/28/2025,2236000,Dang Thi Hoa,1
RENT_HCM_00682,40E-606.38,Vinfast,Lux A2.0,11/24/2024,11/30/2024,5556660,Le Van Giang,1
RENT_HCM_00683,72C-183.23,Ford,Ranger,3/24/2021,3/27/2021,2934483,Dang Thi Linh,3
RENT_HCM_00684,62K-469.95,Vinfast,Fadil,12/28/2025,1/4/2026,7074571,Do Thi Phuc,3
RENT_HCM_00685,94D-176.27,Ford,Ranger,11/11/2025,11/16/2025,2482385,Le Van Minh,3
RENT_HCM_00686,50G-877.98,Hyundai,i10,4/25/2023,4/29/2023,3295816,Hoang Van Binh,1
RENT_HCM_00687,93A-482.11,Toyota,Camry,9/16/2023,9/17/2023,549799,Pham Thi Minh,0
RENT_HCM_00688,18E-187.25,Mazda,3,9/24/2026,9/26/2026,1232316,Dang Thi Khoa,0
RENT_HCM_00689,80G-716.32,Kia,Soluto,9/29/2022,10/3/2022,3246432,Vu Van Cuong,0
RENT_HCM_00690,76B-763.75,Honda,City,7/31/2022,8/3/2022,2355849,Le Van Nam,0
RENT_HCM_00691,21K-767.03,Hyundai,i10,12/8/2024,12/13/2024,3542980,Nguyen Van Linh,0
RENT_HCM_00692,94G-517.12,Mazda,CX-5,5/12/2024,5/15/2024,3526269,Tran Thi Phuc,1
RENT_HCM_00693,25A-321.29,Toyota,Innova,3/17/2026,3/18/2026,455491,Dang Thi Cuong,1
RENT_HCM_00694,11C-493.44,Mazda,3,1/13/2024,1/16/2024,3103572,Ngo Van Dung,2
RENT_HCM_00695,38E-944.15,Mazda,3,2/12/2024,2/17/2024,3424595,Hoang Van Dung,0
RENT_HCM_00696,32C-510.80,Hyundai,Grand i10,1/31/2026,2/1/2026,850837,Dang Thi Cuong,0
RENT_HCM_00697,45F-232.07,Vinfast,Lux A2.0,7/7/2026,7/14/2026,6896722,Bui Thi Binh,1
RENT_HCM_00698,21A-335.92,Vinfast,Fadil,9/9/2025,9/13/2025,3338444,Pham Thi Linh,0
RENT_HCM_00699,96B-415.49,Mazda,3,3/10/2024,3/14/2024,2937084,Ngo Van Nam,0
RENT_HCM_00700,33C-941.96,Kia,Morning,6/7/2025,6/9/2025,1972104,Le Van Khoa,0
RENT_HCM_00701,87B-430.99,Honda,City,5/7/2024,5/8/2024,1050777,Tran Thi Nam,0
RENT_HCM_00702,94D-176.27,Ford,Ranger,7/25/2025,7/26/2025,1188520,Dang Thi Khoa,0
RENT_HCM_00703,12B-182.67,Toyota,Vios,6/16/2023,6/17/2023,454769,Vu Van Hoa,0
RENT_HCM_00704,25A-321.29,Toyota,Innova,9/9/2024,9/10/2024,1181916,Ngo Van Linh,2
RENT_HCM_00705,38G-497.95,Kia,Soluto,2/1/2024,2/2/2024,555160,Dang Thi Cuong,0
RENT_HCM_00706,42H-912.12,Toyota,Innova,12/20/2021,12/27/2021,4136797,Vu Van Minh,2
RENT_HCM_00707,64K-177.33,Vinfast,Lux A2.0,12/24/2025,12/29/2025,3297815,Tran Thi Phong,1
RENT_HCM_00708,69D-543.35,Honda,City,2/19/2023,2/22/2023,1522887,Nguyen Van Em,0
RENT_HCM_00709,50F-310.34,Kia,Morning,4/27/2024,4/30/2024,2390022,Vu Van Nam,0
RENT_HCM_00710,73A-575.16,Ford,Ranger,9/26/2021,10/1/2021,5110550,Tran Thi Binh,1
RENT_HCM_00711,86G-330.15,Toyota,Vios,2/23/2021,2/28/2021,3942300,Nguyen Van Khoa,1
RENT_HCM_00712,92D-335.06,Toyota,Camry,8/15/2025,8/16/2025,1194258,Vu Van Binh,1
RENT_HCM_00713,91H-439.88,Mazda,CX-5,5/20/2023,5/21/2023,1041269,Bui Thi Hoa,0
RENT_HCM_00714,11C-319.16,Toyota,Innova,10/20/2021,10/21/2021,498796,Do Thi An,0
RENT_HCM_00715,91G-764.50,Toyota,Vios,10/26/2021,11/2/2021,6131020,Pham Thi Nam,2
RENT_HCM_00716,37B-826.15,Kia,Soluto,5/29/2025,6/5/2025,8121918,Ngo Van Dung,2
RENT_HCM_00717,42D-602.47,Honda,City,8/23/2021,8/27/2021,3752904,Do Thi Phuc,2
RENT_HCM_00718,15F-595.30,Honda,City,7/17/2023,7/21/2023,4345848,Bui Thi Binh,0
RENT_HCM_00719,84A-192.77,Toyota,Camry,10/17/2022,10/21/2022,3807356,Bui Thi Giang,0
RENT_HCM_00720,80K-657.71,Toyota,Innova,6/21/2025,6/28/2025,3196599,Tran Thi Oanh,0
RENT_HCM_00721,16K-535.88,Kia,Soluto,2/3/2021,2/6/2021,3252522,Tran Thi Linh,3
RENT_HCM_00722,23D-400.10,Kia,Morning,4/16/2026,4/20/2026,4079916,Vu Van Minh,2
RENT_HCM_00723,47E-150.60,Kia,Seltos,9/4/2021,9/6/2021,980930,Do Thi Nam,2
RENT_HCM_00724,12B-182.67,Toyota,Vios,12/24/2024,12/27/2024,1698093,Do Thi An,0
RENT_HCM_00725,39H-562.25,Ford,EcoSport,3/5/2024,3/8/2024,3206055,Pham Thi Giang,0
RENT_HCM_00726,47D-840.33,Kia,Morning,6/14/2021,6/15/2021,1126819,Le Van Minh,0
RENT_HCM_00727,95E-747.86,Mazda,CX-5,11/14/2023,11/15/2023,1115080,Hoang Van Giang,1
RENT_HCM_00728,37F-841.13,Kia,Morning,5/27/2021,6/3/2021,6027959,Pham Thi Giang,0
RENT_HCM_00729,62H-628.28,Toyota,Camry,11/13/2025,11/18/2025,2106795,Le Van Phong,0
RENT_HCM_00730,96B-415.49,Mazda,3,12/8/2025,12/9/2025,645234,Bui Thi Oanh,1
RENT_HCM_00731,45C-524.00,Toyota,Camry,3/13/2023,3/19/2023,5642232,Vu Van Phuc,0
RENT_HCM_00732,77C-680.84,Honda,City,5/28/2026,5/29/2026,796843,Do Thi Minh,2
RENT_HCM_00733,26D-656.30,Honda,City,11/17/2025,11/19/2025,989180,Le Van Linh,1
RENT_HCM_00734,55K-383.25,Mazda,3,10/31/2023,11/3/2023,2556441,Do Thi Oanh,0
RENT_HCM_00735,87B-430.99,Honda,City,2/28/2026,3/2/2026,873366,Tran Thi Linh,0
RENT_HCM_00736,16B-618.82,Hyundai,Grand i10,1/15/2025,1/20/2025,5279650,Hoang Van Minh,2
RENT_HCM_00737,60A-977.72,Hyundai,Grand i10,2/27/2023,2/28/2023,1085511,Dang Thi Giang,0
RENT_HCM_00738,39H-457.60,Hyundai,Grand i10,4/5/2026,4/10/2026,4247160,Le Van Giang,0
RENT_HCM_00739,89G-388.88,Hyundai,Accent,1/25/2024,1/31/2024,5050326,Hoang Van Dung,0
RENT_HCM_00740,12E-196.98,Ford,EcoSport,5/26/2025,5/31/2025,4748220,Pham Thi Nam,1
RENT_HCM_00741,63A-217.47,Hyundai,i10,8/30/2021,9/2/2021,2679120,Hoang Van Giang,1
RENT_HCM_00742,71C-946.67,Ford,EcoSport,8/10/2026,8/13/2026,2768436,Pham Thi Khoa,1
RENT_HCM_00743,99E-453.66,Kia,Soluto,2/20/2025,2/26/2025,2626428,Tran Thi Minh,0
RENT_HCM_00744,31G-307.19,Honda,City,8/21/2022,8/22/2022,455177,Dang Thi Phong,0
RENT_HCM_00745,95E-747.86,Mazda,CX-5,1/1/2025,1/8/2025,5220068,Tran Thi Linh,0
RENT_HCM_00746,15A-216.83,Honda,City,10/29/2021,11/5/2021,6033139,Hoang Van An,0
RENT_HCM_00747,14G-415.24,Hyundai,i10,6/19/2021,6/23/2021,2315488,Bui Thi Phong,0
RENT_HCM_00748,50D-378.78,Vinfast,Lux A2.0,2/12/2021,2/19/2021,4683504,Le Van Nam,3
RENT_HCM_00749,22E-897.25,Mazda,CX-5,5/3/2024,5/7/2024,3486120,Ngo Van An,0
RENT_HCM_00750,33F-566.78,Toyota,Vios,3/8/2026,3/10/2026,1154870,Do Thi Hoa,2
RENT_HCM_00751,26E-180.53,Hyundai,Accent,11/11/2021,11/16/2021,4092210,Nguyen Van Phong,0
RENT_HCM_00752,77C-616.68,Toyota,Camry,6/18/2021,6/19/2021,1191032,Do Thi Oanh,1
RENT_HCM_00753,43G-993.34,Kia,Soluto,5/10/2023,5/16/2023,4010208,Tran Thi Linh,3
RENT_HCM_00754,27B-423.19,Hyundai,Grand i10,7/19/2023,7/21/2023,2036380,Tran Thi Giang,0
RENT_HCM_00755,73A-575.16,Ford,Ranger,12/24/2023,12/25/2023,863500,Do Thi Nam,2
RENT_HCM_00756,25B-454.15,Toyota,Innova,1/19/2022,1/26/2022,4188737,Le Van Cuong,1
RENT_HCM_00757,90A-485.48,Mazda,CX-5,10/11/2021,10/13/2021,919814,Ngo Van An,1
RENT_HCM_00758,25D-575.36,Hyundai,Accent,4/21/2024,4/24/2024,2969505,Tran Thi Phong,0
RENT_HCM_00759,77C-616.68,Toyota,Camry,9/18/2021,9/19/2021,930711,Do Thi Khoa,1
RENT_HCM_00760,33C-941.96,Kia,Morning,11/19/2023,11/26/2023,4200609,Tran Thi Quyen,0
RENT_HCM_00761,69D-543.35,Honda,City,3/26/2023,3/27/2023,838500,Do Thi Oanh,2
RENT_HCM_00762,11G-399.40,Kia,Morning,10/18/2025,10/24/2025,3165018,Nguyen Van Dung,2
RENT_HCM_00763,27G-984.07,Ford,Ranger,1/28/2023,1/30/2023,1682718,Ngo Van An,0
RENT_HCM_00764,76H-418.80,Hyundai,Accent,1/8/2024,1/15/2024,7748167,Do Thi Em,1
RENT_HCM_00765,30E-325.25,Kia,Morning,7/13/2021,7/19/2021,5910672,Vu Van Em,0
RENT_HCM_00766,13E-299.60,Honda,CR-V,10/11/2021,10/16/2021,2809545,Dang Thi Minh,2
RENT_HCM_00767,40E-511.08,Honda,CR-V,5/14/2023,5/21/2023,5288759,Do Thi Linh,1
RENT_HCM_00768,80K-657.71,Toyota,Innova,4/18/2025,4/24/2025,5243868,Ngo Van Giang,0
RENT_HCM_00769,27G-984.07,Ford,Ranger,9/23/2024,9/24/2024,741800,Le Van Hoa,0
RENT_HCM_00770,42D-602.47,Honda,City,2/26/2021,3/3/2021,5829185,Pham Thi Nam,0
RENT_HCM_00771,93A-482.11,Toyota,Camry,3/4/2023,3/11/2023,8050203,Le Van Oanh,0
RENT_HCM_00772,76H-418.80,Hyundai,Accent,4/8/2023,4/14/2023,4013424,Ngo Van Oanh,0
RENT_HCM_00773,81H-361.56,Vinfast,Lux A2.0,10/10/2025,10/15/2025,3089750,Do Thi Quyen,2
RENT_HCM_00774,16B-618.82,Hyundai,Grand i10,6/13/2026,6/15/2026,1513982,Le Van Binh,1
RENT_HCM_00775,60A-977.72,Hyundai,Grand i10,5/31/2021,6/6/2021,2892462,Do Thi Nam,0
RENT_HCM_00776,90B-179.51,Vinfast,Fadil,8/22/2021,8/23/2021,567367,Do Thi An,0
RENT_HCM_00777,13C-595.73,Vinfast,Lux A2.0,9/10/2021,9/14/2021,3599456,Dang Thi Phuc,0
RENT_HCM_00778,36E-560.60,Toyota,Vios,7/1/2024,7/6/2024,4278055,Nguyen Van An,3
RENT_HCM_00779,74D-805.08,Hyundai,Accent,11/21/2022,11/24/2022,1449498,Tran Thi Hoa,1
RENT_HCM_00780,62K-469.95,Vinfast,Fadil,2/8/2024,2/10/2024,1818852,Le Van Binh,0
RENT_HCM_00781,21K-767.03,Hyundai,i10,6/25/2021,6/30/2021,4802885,Le Van Nam,0
RENT_HCM_00782,37K-262.20,Mazda,3,3/4/2025,3/7/2025,1621275,Nguyen Van Giang,0
RENT_HCM_00783,33B-472.24,Kia,Seltos,5/3/2023,5/5/2023,1624334,Do Thi Dung,0
RENT_HCM_00784,55B-647.43,Mazda,3,1/7/2022,1/8/2022,450093,Do Thi Giang,1
RENT_HCM_00785,86C-265.81,Ford,Ranger,7/12/2021,7/17/2021,4295660,Bui Thi Linh,0
RENT_HCM_00786,59B-706.42,Toyota,Vios,8/13/2021,8/18/2021,3877840,Nguyen Van Dung,1
RENT_HCM_00787,76K-194.55,Toyota,Innova,12/1/2023,12/3/2023,2116962,Do Thi Binh,1
RENT_HCM_00788,21A-335.92,Vinfast,Fadil,5/16/2024,5/22/2024,6214698,Le Van Cuong,0
RENT_HCM_00789,78B-364.49,Toyota,Camry,8/6/2023,8/12/2023,6052134,Dang Thi Minh,0
RENT_HCM_00790,40E-606.38,Vinfast,Lux A2.0,9/1/2026,9/2/2026,501519,Bui Thi Oanh,0
RENT_HCM_00791,13H-835.85,Ford,EcoSport,5/10/2024,5/13/2024,3282507,Ngo Van Phong,0
RENT_HCM_00792,21A-335.92,Vinfast,Fadil,12/18/2025,12/24/2025,5556012,Le Van Oanh,0
RENT_HCM_00793,16K-535.88,Kia,Soluto,12/9/2022,12/12/2022,2742732,Do Thi Oanh,0
RENT_HCM_00794,74D-805.08,Hyundai,Accent,6/3/2022,6/5/2022,1773822,Do Thi Minh,0
RENT_HCM_00795,62A-523.15,Honda,CR-V,1/14/2025,1/19/2025,3547500,Vu Van Linh,0
RENT_HCM_00796,26D-656.30,Honda,City,4/12/2026,4/16/2026,4720524,Ngo Van Minh,1
RENT_HCM_00797,70D-192.58,Kia,Morning,11/1/2024,11/4/2024,2097063,Do Thi Linh,3
RENT_HCM_00798,75C-107.61,Vinfast,Fadil,5/22/2021,5/28/2021,2774130,Tran Thi Minh,2
RENT_HCM_00799,15F-595.30,Honda,City,12/5/2021,12/6/2021,747217,Hoang Van Minh,0
RENT_HCM_00800,80H-858.85,Ford,Ranger,1/23/2021,1/25/2021,902278,Ngo Van Khoa,0
RENT_HCM_00801,45C-524.00,Toyota,Camry,5/3/2026,5/5/2026,2192732,Vu Van Em,1
RENT_HCM_00802,50D-378.78,Vinfast,Lux A2.0,6/12/2024,6/18/2024,2573196,Vu Van Phuc,0
RENT_HCM_00803,26E-180.53,Hyundai,Accent,7/22/2024,7/29/2024,3480785,Hoang Van Nam,0
RENT_HCM_00804,67C-665.78,Hyundai,i10,1/9/2024,1/11/2024,1350722,Tran Thi Binh,2
RENT_HCM_00805,11C-319.16,Toyota,Innova,4/29/2023,5/4/2023,2595780,Vu Van Binh,0
RENT_HCM_00806,25B-454.15,Toyota,Innova,7/31/2025,8/3/2025,3000513,Dang Thi Cuong,0
RENT_HCM_00807,30K-166.87,Hyundai,Accent,5/14/2021,5/20/2021,5736000,Tran Thi Khoa,0
RENT_HCM_00808,47B-414.62,Honda,City,7/16/2022,7/19/2022,1458192,Bui Thi Minh,1
RENT_HCM_00809,71C-946.67,Ford,EcoSport,8/15/2021,8/16/2021,881779,Pham Thi Cuong,0
RENT_HCM_00810,80G-716.32,Kia,Soluto,8/1/2023,8/8/2023,6896029,Ngo Van Quyen,0
RENT_HCM_00811,72C-183.23,Ford,Ranger,1/29/2026,1/31/2026,2180524,Dang Thi Em,1
RENT_HCM_00812,20A-146.45,Honda,City,10/1/2024,10/2/2024,1019432,Bui Thi Dung,2
RENT_HCM_00813,85C-925.94,Hyundai,Grand i10,5/25/2021,5/28/2021,2833302,Bui Thi Linh,0
RENT_HCM_00814,11C-493.44,Mazda,3,10/25/2024,10/30/2024,2576530,Bui Thi Phong,1
RENT_HCM_00815,68A-588.72,Ford,EcoSport,5/2/2024,5/6/2024,3099924,Do Thi Em,0
RENT_HCM_00816,45C-536.55,Ford,EcoSport,6/3/2024,6/7/2024,4220420,Dang Thi Giang,0
RENT_HCM_00817,49E-348.68,Kia,Soluto,8/24/2024,8/26/2024,1853870,Dang Thi Dung,0
RENT_HCM_00818,77C-211.72,Kia,Seltos,10/5/2023,10/7/2023,1887522,Dang Thi Dung,1
RENT_HCM_00819,73D-927.45,Mazda,CX-5,11/10/2023,11/15/2023,2557070,Pham Thi Minh,0
RENT_HCM_00820,37B-826.15,Kia,Soluto,6/30/2026,7/5/2026,4334000,Vu Van Giang,2
RENT_HCM_00821,95H-477.98,Kia,Seltos,9/29/2021,10/6/2021,6505884,Nguyen Van Oanh,1
RENT_HCM_00822,25A-321.29,Toyota,Innova,4/14/2022,4/19/2022,2090620,Tran Thi Quyen,0
RENT_HCM_00823,76H-418.80,Hyundai,Accent,3/18/2021,3/23/2021,3485950,Bui Thi Phong,1
RENT_HCM_00824,32D-394.35,Toyota,Vios,11/30/2021,12/6/2021,7148274,Dang Thi Nam,1
RENT_HCM_00825,72K-707.72,Toyota,Camry,6/29/2022,7/6/2022,7547988,Dang Thi Quyen,1
RENT_HCM_00826,95B-546.55,Hyundai,Accent,5/23/2025,5/25/2025,881742,Hoang Van Cuong,0
RENT_HCM_00827,77B-234.63,Mazda,3,6/8/2024,6/9/2024,1007896,Dang Thi Khoa,1
RENT_HCM_00828,37E-977.04,Mazda,3,6/23/2025,6/30/2025,4318090,Dang Thi Em,0
RENT_HCM_00829,26E-180.53,Hyundai,Accent,7/4/2024,7/11/2024,4463914,Hoang Van Quyen,1
RENT_HCM_00830,43G-780.01,Kia,Morning,8/21/2023,8/28/2023,3611321,Tran Thi Phong,1
RENT_HCM_00831,80K-657.71,Toyota,Innova,3/8/2024,3/11/2024,1772496,Pham Thi Phuc,0
RENT_HCM_00832,33B-472.24,Kia,Seltos,10/8/2024,10/14/2024,3900996,Ngo Van Em,1
RENT_HCM_00833,49D-328.28,Kia,Morning,1/9/2021,1/10/2021,890957,Le Van Quyen,2
RENT_HCM_00834,96E-688.41,Toyota,Innova,2/11/2021,2/17/2021,3048516,Nguyen Van Phong,0
RENT_HCM_00835,32F-733.46,Toyota,Vios,11/30/2024,12/6/2024,6536700,Pham Thi An,0
RENT_HCM_00836,57C-660.60,Toyota,Vios,4/17/2024,4/22/2024,2740515,Do Thi Em,0
RENT_HCM_00837,43G-993.34,Kia,Soluto,2/11/2026,2/17/2026,2827026,Do Thi Dung,0
RENT_HCM_00838,73A-575.16,Ford,Ranger,5/27/2025,6/3/2025,6274541,Pham Thi Quyen,2
RENT_HCM_00839,96D-838.67,Vinfast,Lux A2.0,11/3/2022,11/7/2022,3628844,Tran Thi Linh,2
RENT_HCM_00840,66E-447.50,Mazda,CX-5,3/1/2022,3/3/2022,1382674,Do Thi Binh,0
RENT_HCM_00841,70D-192.58,Kia,Morning,10/14/2021,10/21/2021,4847038,Pham Thi Linh,0
RENT_HCM_00842,22B-585.78,Ford,EcoSport,9/15/2024,9/22/2024,3240874,Tran Thi An,0
RENT_HCM_00843,62B-172.41,Kia,Soluto,6/26/2022,6/27/2022,1176426,Tran Thi Phong,0
RENT_HCM_00844,11C-319.16,Toyota,Innova,5/2/2022,5/4/2022,1145984,Pham Thi Cuong,1
RENT_HCM_00845,69D-543.35,Honda,City,4/28/2025,5/4/2025,5746794,Ngo Van Nam,0
RENT_HCM_00846,30K-166.87,Hyundai,Accent,4/21/2024,4/24/2024,2654715,Do Thi Quyen,1
RENT_HCM_00847,93F-865.25,Mazda,3,11/5/2025,11/6/2025,814045,Nguyen Van Quyen,1
RENT_HCM_00848,24A-237.02,Hyundai,Accent,8/15/2025,8/17/2025,1816410,Do Thi Dung,1
RENT_HCM_00849,25A-321.29,Toyota,Innova,4/4/2021,4/11/2021,3916451,Vu Van Em,2
RENT_HCM_00850,85C-925.94,Hyundai,Grand i10,10/2/2023,10/4/2023,2068644,Le Van Phong,0
RENT_HCM_00851,72H-414.63,Ford,Ranger,4/6/2022,4/10/2022,2875284,Pham Thi Giang,0
RENT_HCM_00852,92D-335.06,Toyota,Camry,7/3/2025,7/8/2025,3196800,Dang Thi Oanh,1
RENT_HCM_00853,64F-676.74,Hyundai,Accent,5/16/2024,5/18/2024,1646448,Vu Van Khoa,1
RENT_HCM_00854,38G-667.86,Mazda,3,2/10/2022,2/17/2022,4203654,Le Van Phuc,0
RENT_HCM_00855,50G-118.24,Honda,CR-V,2/19/2024,2/26/2024,5795811,Pham Thi Binh,0
RENT_HCM_00856,51G-626.30,Vinfast,Lux A2.0,2/27/2024,2/28/2024,703613,Le Van Linh,0
RENT_HCM_00857,31E-660.71,Toyota,Camry,2/15/2024,2/16/2024,583968,Ngo Van Cuong,1
RENT_HCM_00858,62K-469.95,Vinfast,Fadil,5/29/2024,6/1/2024,1849884,Tran Thi Quyen,0
RENT_HCM_00859,64K-177.33,Vinfast,Lux A2.0,5/13/2023,5/15/2023,1792460,Tran Thi Khoa,2
RENT_HCM_00860,49D-328.28,Kia,Morning,10/9/2023,10/12/2023,1842147,Dang Thi Khoa,0
RENT_HCM_00861,71D-707.45,Mazda,3,8/28/2024,8/30/2024,1652832,Pham Thi Binh,2
RENT_HCM_00862,90D-598.73,Toyota,Innova,8/2/2025,8/5/2025,2993928,Do Thi An,0
RENT_HCM_00863,78C-146.78,Ford,Ranger,2/25/2026,3/3/2026,5918724,Le Van Khoa,1
RENT_HCM_00864,87C-525.97,Ford,Ranger,1/20/2024,1/27/2024,3776521,Tran Thi Phuc,0
RENT_HCM_00865,68D-390.90,Kia,Morning,9/24/2022,10/1/2022,7248304,Tran Thi Linh,1
RENT_HCM_00866,77C-616.68,Toyota,Camry,2/9/2023,2/11/2023,2105726,Hoang Van Em,0
RENT_HCM_00867,37F-841.13,Kia,Morning,7/20/2021,7/24/2021,2516968,Tran Thi Nam,2
RENT_HCM_00868,74H-842.20,Kia,Morning,8/26/2021,8/29/2021,1266198,Dang Thi Phong,0
RENT_HCM_00869,36K-772.94,Ford,EcoSport,5/10/2023,5/17/2023,3480162,Do Thi Dung,1
RENT_HCM_00870,72G-969.58,Toyota,Vios,10/14/2022,10/19/2022,2627600,Do Thi Khoa,0
RENT_HCM_00871,84G-796.42,Kia,Morning,5/23/2023,5/30/2023,7461307,Tran Thi An,1
RENT_HCM_00872,69F-764.42,Mazda,CX-5,11/21/2023,11/27/2023,3965220,Ngo Van An,0
RENT_HCM_00873,74A-942.98,Hyundai,Accent,11/18/2025,11/21/2025,3191490,Vu Van Nam,1
RENT_HCM_00874,38G-667.86,Mazda,3,1/9/2021,1/12/2021,3046281,Do Thi Hoa,0
RENT_HCM_00875,74D-805.08,Hyundai,Accent,6/22/2024,6/26/2024,4158920,Bui Thi Binh,0
RENT_HCM_00876,62G-115.18,Ford,Ranger,4/7/2026,4/8/2026,631274,Ngo Van Dung,0
RENT_HCM_00877,64C-859.87,Toyota,Vios,3/18/2022,3/19/2022,982509,Nguyen Van Binh,1
RENT_HCM_00878,31F-834.71,Hyundai,Grand i10,2/1/2025,2/2/2025,413305,Bui Thi Em,1
RENT_HCM_00879,40A-169.95,Toyota,Vios,10/1/2025,10/5/2025,3722732,Nguyen Van Cuong,1
RENT_HCM_00880,33B-472.24,Kia,Seltos,10/9/2023,10/12/2023,2422728,Nguyen Van Oanh,1
RENT_HCM_00881,85H-903.18,Kia,Morning,7/12/2026,7/18/2026,4731078,Nguyen Van Phuc,0
RENT_HCM_00882,37B-826.15,Kia,Soluto,1/3/2023,1/8/2023,3241835,Dang Thi Phong,2
RENT_HCM_00883,43G-993.34,Kia,Soluto,4/30/2023,5/6/2023,5485800,Ngo Van Nam,0
RENT_HCM_00884,76G-211.58,Hyundai,Accent,5/18/2024,5/24/2024,5106444,Ngo Van Minh,2
RENT_HCM_00885,47D-840.33,Kia,Morning,6/2/2022,6/9/2022,5320742,Tran Thi Khoa,2
RENT_HCM_00886,37E-977.04,Mazda,3,10/9/2022,10/12/2022,1690227,Ngo Van Phong,2
RENT_HCM_00887,32K-304.31,Kia,Morning,8/25/2023,8/31/2023,3647040,Bui Thi Cuong,1
RENT_HCM_00888,21K-767.03,Hyundai,i10,12/1/2024,12/3/2024,1486322,Do Thi Em,3
RENT_HCM_00889,59A-901.69,Kia,Soluto,8/2/2023,8/8/2023,4146156,Pham Thi Nam,0
RENT_HCM_00890,40E-511.08,Honda,CR-V,8/18/2023,8/24/2023,2869050,Bui Thi Dung,0
RENT_HCM_00891,97D-214.30,Honda,CR-V,7/5/2026,7/10/2026,3113955,Vu Van Em,3
RENT_HCM_00892,71D-707.45,Mazda,3,1/8/2024,1/9/2024,902555,Vu Van Quyen,0
RENT_HCM_00893,15F-595.30,Honda,City,6/26/2024,7/1/2024,2526420,Ngo Van Dung,0
RENT_HCM_00894,41C-516.21,Hyundai,i10,9/13/2026,9/17/2026,3109516,Do Thi Minh,2
RENT_HCM_00895,33C-941.96,Kia,Morning,3/28/2025,4/1/2025,2579328,Tran Thi An,0
RENT_HCM_00896,12B-182.67,Toyota,Vios,8/31/2021,9/2/2021,1070186,Dang Thi Quyen,0
RENT_HCM_00897,66G-320.55,Kia,Soluto,9/22/2021,9/25/2021,2800347,Dang Thi Hoa,2
RENT_HCM_00898,80G-716.32,Kia,Soluto,1/14/2024,1/17/2024,3477264,Tran Thi Khoa,1
RENT_HCM_00899,32F-733.46,Toyota,Vios,12/21/2023,12/28/2023,4058516,Tran Thi Em,0
RENT_HCM_00900,73A-575.16,Ford,Ranger,5/9/2021,5/11/2021,839468,Ngo Van Binh,3
RENT_HCM_00901,76B-763.75,Honda,City,6/3/2024,6/7/2024,3874852,Vu Van Hoa,0
RENT_HCM_00902,23C-148.49,Hyundai,i10,1/25/2022,1/26/2022,792270,Le Van Binh,0
RENT_HCM_00903,72G-969.58,Toyota,Vios,5/1/2024,5/6/2024,2122965,Do Thi Quyen,2
RENT_HCM_00904,80K-657.71,Toyota,Innova,2/5/2023,2/11/2023,5067894,Hoang Van Hoa,0
RENT_HCM_00905,77B-234.63,Mazda,3,12/10/2022,12/12/2022,1387518,Pham Thi Phong,0
RENT_HCM_00906,97D-214.30,Honda,CR-V,2/28/2025,3/1/2025,484695,Tran Thi Giang,0
RENT_HCM_00907,63A-217.47,Hyundai,i10,8/5/2023,8/8/2023,2717586,Vu Van Giang,3
RENT_HCM_00908,96D-838.67,Vinfast,Lux A2.0,11/7/2025,11/12/2025,2322585,Le Van Oanh,1
RENT_HCM_00909,95B-546.55,Hyundai,Accent,4/4/2024,4/11/2024,6810356,Ngo Van Giang,1
RENT_HCM_00910,11G-731.54,Honda,City,2/8/2025,2/13/2025,3925030,Do Thi Cuong,1
RENT_HCM_00911,30E-325.25,Kia,Morning,5/12/2024,5/18/2024,4651998,Vu Van An,1
RENT_HCM_00912,72C-183.23,Ford,Ranger,9/2/2023,9/3/2023,471360,Hoang Van Hoa,2
RENT_HCM_00913,83B-797.49,Mazda,3,7/14/2026,7/16/2026,1071560,Bui Thi Nam,0
RENT_HCM_00914,13H-835.85,Ford,EcoSport,12/21/2023,12/28/2023,6769497,Nguyen Van An,0
RENT_HCM_00915,43G-993.34,Kia,Soluto,8/12/2023,8/17/2023,2440785,Dang Thi Khoa,1
RENT_HCM_00916,39H-562.25,Ford,EcoSport,11/26/2021,11/28/2021,936418,Do Thi Khoa,0
RENT_HCM_00917,33B-472.24,Kia,Seltos,9/28/2022,10/1/2022,3110973,Ngo Van Linh,1
RENT_HCM_00918,96B-415.49,Mazda,3,9/10/2024,9/11/2024,638200,Pham Thi Hoa,1
RENT_HCM_00919,16K-535.88,Kia,Soluto,9/8/2025,9/13/2025,5219300,Le Van Cuong,1
RENT_HCM_00920,62K-469.95,Vinfast,Fadil,1/29/2021,1/30/2021,458350,Nguyen Van Phuc,0
RENT_HCM_00921,71D-707.45,Mazda,3,6/25/2022,6/30/2022,3140005,Hoang Van An,1
RENT_HCM_00922,91H-439.88,Mazda,CX-5,7/19/2022,7/26/2022,6632493,Ngo Van Binh,1
RENT_HCM_00923,39H-896.77,Toyota,Vios,9/10/2025,9/16/2025,3757470,Pham Thi Oanh,0
RENT_HCM_00924,28B-378.39,Toyota,Innova,4/18/2026,4/19/2026,590477,Le Van Hoa,0
RENT_HCM_00925,66G-887.42,Vinfast,Lux A2.0,3/17/2025,3/19/2025,1009344,Pham Thi An,0
RENT_HCM_00926,53K-126.49,Toyota,Innova,12/17/2024,12/18/2024,1013074,Ngo Van Phuc,0
RENT_HCM_00927,50G-877.98,Hyundai,i10,8/25/2021,8/26/2021,706900,Vu Van Oanh,0
RENT_HCM_00928,95E-747.86,Mazda,CX-5,6/18/2024,6/25/2024,3709076,Nguyen Van An,0
RENT_HCM_00929,39H-562.25,Ford,EcoSport,9/19/2024,9/24/2024,5456935,Hoang Van Nam,1
RENT_HCM_00930,68K-951.28,Hyundai,i10,10/3/2023,10/7/2023,3681296,Bui Thi Nam,0
RENT_HCM_00931,42D-602.47,Honda,City,2/12/2021,2/13/2021,576191,Le Van Minh,1
RENT_HCM_00932,59C-409.49,Honda,CR-V,9/24/2023,9/27/2023,1659093,Do Thi Minh,0
RENT_HCM_00933,72K-221.19,Toyota,Innova,11/27/2021,12/2/2021,5435670,Ngo Van Phuc,0
RENT_HCM_00934,22E-888.71,Honda,CR-V,3/26/2021,4/1/2021,7056186,Vu Van Linh,1
RENT_HCM_00935,32C-510.80,Hyundai,Grand i10,2/3/2025,2/4/2025,920019,Do Thi Oanh,0
RENT_HCM_00936,11G-731.54,Honda,City,3/19/2025,3/24/2025,2648585,Bui Thi Minh,0
RENT_HCM_00937,71C-946.67,Ford,EcoSport,12/18/2023,12/24/2023,6325578,Pham Thi Phong,2
RENT_HCM_00938,15C-124.07,Toyota,Innova,1/7/2024,1/11/2024,4729008,Nguyen Van Oanh,0
RENT_HCM_00939,65B-452.82,Toyota,Innova,9/11/2023,9/14/2023,1835709,Do Thi Cuong,0
RENT_HCM_00940,77A-503.91,Mazda,3,11/30/2021,12/2/2021,1072702,Dang Thi Binh,2
RENT_HCM_00941,22K-526.15,Hyundai,Accent,9/3/2024,9/7/2024,2120080,Ngo Van An,1
RENT_HCM_00942,98B-587.88,Vinfast,Fadil,8/31/2024,9/7/2024,3298918,Bui Thi Binh,1
RENT_HCM_00943,37E-977.04,Mazda,3,2/19/2026,2/26/2026,3795708,Do Thi Cuong,0
RENT_HCM_00944,87C-525.97,Ford,Ranger,9/19/2023,9/26/2023,6023003,Do Thi Dung,2
RENT_HCM_00945,49C-168.30,Vinfast,Fadil,8/15/2023,8/16/2023,748168,Nguyen Van Dung,1
RENT_HCM_00946,39A-767.06,Honda,CR-V,5/31/2026,6/4/2026,2378868,Nguyen Van Phuc,1
RENT_HCM_00947,72D-907.40,Hyundai,i10,10/17/2024,10/18/2024,1021990,Bui Thi Quyen,0
RENT_HCM_00948,22E-888.71,Honda,CR-V,12/20/2021,12/26/2021,6454770,Pham Thi Nam,0
RENT_HCM_00949,95E-747.86,Mazda,CX-5,5/24/2022,5/25/2022,1053304,Vu Van Dung,1
RENT_HCM_00950,40E-606.38,Vinfast,Lux A2.0,1/10/2025,1/15/2025,3716840,Nguyen Van Nam,2
RENT_HCM_00951,14B-920.02,Toyota,Vios,3/13/2024,3/18/2024,2219425,Le Van Khoa,2
RENT_HCM_00952,35G-898.00,Vinfast,Fadil,5/27/2025,6/1/2025,2848480,Pham Thi Minh,1
RENT_HCM_00953,42H-912.12,Toyota,Innova,10/9/2025,10/15/2025,6200178,Vu Van Quyen,2
RENT_HCM_00954,40E-606.38,Vinfast,Lux A2.0,1/9/2024,1/12/2024,2089839,Ngo Van Phuc,2
RENT_HCM_00955,86E-413.23,Toyota,Vios,3/17/2022,3/23/2022,7197096,Pham Thi An,3
RENT_HCM_00956,72G-969.58,Toyota,Vios,2/24/2021,3/2/2021,6826764,Dang Thi Phuc,0
RENT_HCM_00957,59A-901.69,Kia,Soluto,12/15/2023,12/17/2023,1916730,Nguyen Van Khoa,0
RENT_HCM_00958,85C-925.94,Hyundai,Grand i10,10/1/2025,10/7/2025,5632302,Le Van Binh,0
RENT_HCM_00959,93F-865.25,Mazda,3,10/28/2021,10/31/2021,1354299,Do Thi Phuc,2
RENT_HCM_00960,27B-423.19,Hyundai,Grand i10,10/14/2023,10/21/2023,5536202,Do Thi Phuc,0
RENT_HCM_00961,53K-126.49,Toyota,Innova,12/5/2022,12/9/2022,2776744,Hoang Van An,0
RENT_HCM_00962,77C-680.84,Honda,City,6/30/2024,7/6/2024,6582630,Ngo Van Giang,1
RENT_HCM_00963,40A-169.95,Toyota,Vios,5/8/2025,5/15/2025,6627957,Vu Van Phong,1
RENT_HCM_00964,63E-560.78,Kia,Morning,7/2/2025,7/5/2025,3597339,Pham Thi Nam,0
RENT_HCM_00965,35C-671.07,Hyundai,i10,2/17/2026,2/20/2026,1801743,Bui Thi Nam,0
RENT_HCM_00966,15C-124.07,Toyota,Innova,10/10/2023,10/13/2023,2846223,Do Thi Giang,0
RENT_HCM_00967,88K-102.81,Hyundai,Accent,8/27/2026,8/30/2026,1248300,Ngo Van An,0
RENT_HCM_00968,25B-454.15,Toyota,Innova,7/9/2025,7/13/2025,2212756,Bui Thi Minh,2
RENT_HCM_00969,25A-321.29,Toyota,Innova,4/29/2022,4/30/2022,582590,Tran Thi An,0
RENT_HCM_00970,30F-808.46,Toyota,Camry,4/5/2021,4/10/2021,4370585,Do Thi Quyen,0
RENT_HCM_00971,84A-192.77,Toyota,Camry,9/27/2026,10/4/2026,7072590,Bui Thi Oanh,1
RENT_HCM_00972,22B-585.78,Ford,EcoSport,12/20/2022,12/23/2022,3485721,Pham Thi Em,0
RENT_HCM_00973,91B-105.47,Toyota,Innova,9/5/2023,9/9/2023,4616328,Nguyen Van Hoa,3
RENT_HCM_00974,39A-767.06,Honda,CR-V,12/31/2023,1/6/2024,4081296,Vu Van Em,0
RENT_HCM_00975,76K-194.55,Toyota,Innova,4/5/2025,4/9/2025,2848344,Tran Thi Cuong,0
RENT_HCM_00976,99C-732.83,Ford,EcoSport,9/21/2023,9/26/2023,2849025,Vu Van Em,1
RENT_HCM_00977,67C-665.78,Hyundai,i10,1/24/2026,1/27/2026,2154213,Le Van Phong,1
RENT_HCM_00978,49F-678.30,Vinfast,Lux A2.0,2/3/2023,2/10/2023,7448378,Hoang Van Dung,3
RENT_HCM_00979,66E-447.50,Mazda,CX-5,12/19/2022,12/25/2022,5203044,Hoang Van Cuong,2
RENT_HCM_00980,75C-107.61,Vinfast,Fadil,7/12/2024,7/19/2024,8125026,Le Van Dung,0
RENT_HCM_00981,22K-526.15,Hyundai,Accent,1/16/2022,1/23/2022,2917432,Ngo Van Em,1
RENT_HCM_00982,28B-288.64,Hyundai,Accent,8/11/2021,8/13/2021,1060162,Hoang Van Quyen,0
RENT_HCM_00983,68D-390.90,Kia,Morning,8/4/2026,8/7/2026,2264520,Bui Thi Em,0
RENT_HCM_00984,11C-738.22,Vinfast,Fadil,11/25/2021,11/28/2021,3213267,Ngo Van Em,0
RENT_HCM_00985,36E-560.60,Toyota,Vios,4/2/2023,4/8/2023,6410664,Le Van Oanh,0
RENT_HCM_00986,89C-852.67,Vinfast,Fadil,7/24/2023,7/30/2023,3958500,Nguyen Van Hoa,1
RENT_HCM_00987,40A-169.95,Toyota,Vios,2/4/2021,2/9/2021,5081675,Pham Thi Nam,0
RENT_HCM_00988,31A-995.79,Mazda,3,8/22/2026,8/28/2026,3154206,Nguyen Van Cuong,1
RENT_HCM_00989,88K-102.81,Hyundai,Accent,4/29/2023,5/6/2023,7627970,Le Van Cuong,1
RENT_HCM_00990,74A-942.98,Hyundai,Accent,6/8/2025,6/11/2025,3271299,Dang Thi Quyen,2
RENT_HCM_00991,45C-536.55,Ford,EcoSport,5/23/2022,5/26/2022,1488435,Dang Thi Quyen,0
RENT_HCM_00992,66G-887.42,Vinfast,Lux A2.0,4/9/2023,4/13/2023,4396708,Do Thi Dung,0
RENT_HCM_00993,54G-335.06,Honda,CR-V,11/4/2021,11/10/2021,6823014,Hoang Van Em,1
RENT_HCM_00994,91A-212.00,Hyundai,Grand i10,5/31/2024,6/3/2024,2212806,Pham Thi Giang,0
RENT_HCM_00995,49E-348.68,Kia,Soluto,6/23/2025,6/30/2025,6219066,Pham Thi Minh,3
RENT_HCM_00996,90D-598.73,Toyota,Innova,1/26/2021,2/2/2021,3644011,Nguyen Van Em,0
RENT_HCM_00997,11C-738.22,Vinfast,Fadil,4/10/2026,4/14/2026,1792116,Le Van Khoa,1
RENT_HCM_00998,81A-639.94,Honda,City,8/2/2022,8/6/2022,3308892,Le Van Binh,0
RENT_HCM_00999,25D-448.59,Vinfast,Lux A2.0,3/28/2025,3/29/2025,1115079,Le Van An,0
RENT_HCM_01000,20K-624.55,Mazda,3,8/16/2026,8/18/2026,1741516,Bui Thi Phuc,0
RENT_HCM_01001,23C-148.49,Hyundai,i10,5/17/2026,5/18/2026,639107,Do Thi Oanh,0
RENT_HCM_01002,95C-492.50,Toyota,Innova,3/15/2022,3/22/2022,5760468,Nguyen Van Minh,2
RENT_HCM_01003,59B-706.42,Toyota,Vios,9/17/2021,9/20/2021,2917305,Tran Thi Em,1
RENT_HCM_01004,14C-459.98,Ford,EcoSport,12/15/2022,12/16/2022,963649,Tran Thi Minh,0
RENT_HCM_01005,42D-602.47,Honda,City,2/19/2022,2/20/2022,403446,Vu Van Khoa,0
RENT_HCM_01006,56B-609.78,Honda,CR-V,1/23/2024,1/26/2024,2718078,Le Van Quyen,0
RENT_HCM_01007,22E-897.25,Mazda,CX-5,3/27/2021,3/29/2021,2007404,Do Thi Quyen,1
RENT_HCM_01008,53E-229.68,Vinfast,Fadil,5/1/2021,5/3/2021,1129668,Dang Thi Hoa,1
RENT_HCM_01009,66G-320.55,Kia,Soluto,2/7/2021,2/12/2021,4870840,Bui Thi Minh,0
RENT_HCM_01010,13H-835.85,Ford,EcoSport,4/20/2025,4/26/2025,5964750,Dang Thi Minh,0
RENT_HCM_01011,21A-335.92,Vinfast,Fadil,3/12/2024,3/16/2024,3319604,Pham Thi Nam,0
RENT_HCM_01012,40G-744.81,Honda,City,2/11/2026,2/14/2026,2479539,Ngo Van Binh,1
RENT_HCM_01013,74H-842.20,Kia,Morning,8/2/2026,8/4/2026,1266470,Do Thi Em,0
RENT_HCM_01014,28D-108.89,Hyundai,i10,1/30/2026,2/3/2026,1763200,Ngo Van Nam,2
RENT_HCM_01015,35G-898.00,Vinfast,Fadil,8/2/2024,8/3/2024,483137,Ngo Van Hoa,1
RENT_HCM_01016,99C-732.83,Ford,EcoSport,7/28/2022,7/31/2022,3156525,Hoang Van Phong,0
RENT_HCM_01017,32K-304.31,Kia,Morning,10/27/2025,11/3/2025,6302632,Do Thi An,0
RENT_HCM_01018,78B-364.49,Toyota,Camry,7/20/2021,7/22/2021,858746,Dang Thi Quyen,0
RENT_HCM_01019,55B-647.43,Mazda,3,7/19/2024,7/25/2024,3773688,Tran Thi Giang,0
RENT_HCM_01020,18E-187.25,Mazda,3,3/4/2024,3/11/2024,4373278,Le Van Khoa,0
RENT_HCM_01021,15C-124.07,Toyota,Innova,6/16/2023,6/20/2023,3580860,Dang Thi Giang,0
RENT_HCM_01022,21A-335.92,Vinfast,Fadil,5/23/2026,5/29/2026,6848952,Bui Thi Binh,0
RENT_HCM_01023,95B-546.55,Hyundai,Accent,2/8/2021,2/9/2021,793356,Hoang Van Linh,1
RENT_HCM_01024,92A-672.48,Ford,EcoSport,9/11/2026,9/12/2026,822071,Le Van Phong,2
RENT_HCM_01025,31G-307.19,Honda,City,8/18/2021,8/20/2021,1296198,Dang Thi Khoa,0
RENT_HCM_01026,14C-459.98,Ford,EcoSport,12/4/2025,12/5/2025,640963,Dang Thi Giang,0
RENT_HCM_01027,14H-574.13,Kia,Morning,8/4/2025,8/8/2025,3795944,Ngo Van Phuc,0
RENT_HCM_01028,82E-939.56,Hyundai,Accent,4/2/2024,4/4/2024,1493778,Do Thi Giang,2
RENT_HCM_01029,43G-993.34,Kia,Soluto,6/4/2026,6/6/2026,1279236,Le Van Khoa,0
RENT_HCM_01030,27B-423.19,Hyundai,Grand i10,5/25/2025,5/27/2025,1789100,Nguyen Van An,2
RENT_HCM_01031,94D-176.27,Ford,Ranger,6/8/2021,6/10/2021,1423704,Tran Thi Phong,2
RENT_HCM_01032,62A-523.15,Honda,CR-V,6/8/2024,6/10/2024,1601042,Bui Thi Cuong,1
RENT_HCM_01033,20K-624.55,Mazda,3,9/9/2025,9/14/2025,4103075,Do Thi Oanh,1
RENT_HCM_01034,68K-951.28,Hyundai,i10,7/6/2022,7/13/2022,3479952,Hoang Van Binh,0
RENT_HCM_01035,82K-162.58,Mazda,CX-5,12/10/2021,12/13/2021,1470459,Le Van Nam,0
RENT_HCM_01036,39H-996.40,Honda,CR-V,7/22/2025,7/29/2025,3250156,Dang Thi Khoa,2
RENT_HCM_01037,40G-744.81,Honda,City,12/15/2023,12/17/2023,1518806,Ngo Van Phong,1
RENT_HCM_01038,53E-229.68,Vinfast,Fadil,12/14/2024,12/21/2024,7125279,Hoang Van Nam,0
RENT_HCM_01039,72G-969.58,Toyota,Vios,8/7/2021,8/13/2021,3241914,Dang Thi Dung,0
RENT_HCM_01040,90A-485.48,Mazda,CX-5,8/30/2023,9/6/2023,6954675,Nguyen Van Phuc,0
RENT_HCM_01041,91G-764.50,Toyota,Vios,1/8/2021,1/15/2021,6694870,Do Thi Khoa,0
RENT_HCM_01042,52B-953.14,Kia,Soluto,9/12/2021,9/17/2021,4062330,Le Van Oanh,0
RENT_HCM_01043,20A-146.45,Honda,City,1/15/2022,1/19/2022,1673548,Vu Van Oanh,1
RENT_HCM_01044,74H-842.20,Kia,Morning,1/10/2023,1/14/2023,4190652,Le Van Dung,2
RENT_HCM_01045,37F-841.13,Kia,Morning,12/10/2024,12/14/2024,2090112,Nguyen Van Em,2
RENT_HCM_01046,87K-428.26,Honda,CR-V,12/29/2023,1/4/2024,5639016,Nguyen Van Minh,1
RENT_HCM_01047,21A-335.92,Vinfast,Fadil,7/10/2026,7/14/2026,3151536,Bui Thi Linh,1
RENT_HCM_01048,46C-855.60,Vinfast,Fadil,2/19/2023,2/20/2023,758384,Nguyen Van Linh,0
RENT_HCM_01049,94D-176.27,Ford,Ranger,10/12/2022,10/13/2022,1198118,Le Van Linh,0
RENT_HCM_01050,97D-214.30,Honda,CR-V,8/3/2023,8/7/2023,4585304,Dang Thi Quyen,2
RENT_HCM_01051,30E-325.25,Kia,Morning,9/17/2022,9/20/2022,1591119,Ngo Van Linh,1
RENT_HCM_01052,59B-706.42,Toyota,Vios,2/8/2021,2/10/2021,1350668,Tran Thi Oanh,1
RENT_HCM_01053,80K-657.71,Toyota,Innova,1/17/2023,1/20/2023,3156372,Do Thi Phuc,0
RENT_HCM_01054,76K-194.55,Toyota,Innova,4/1/2022,4/6/2022,3708790,Bui Thi Nam,1
RENT_HCM_01055,39A-767.06,Honda,CR-V,2/5/2026,2/9/2026,1718288,Do Thi Nam,0
RENT_HCM_01056,90F-168.01,Toyota,Vios,11/28/2024,11/30/2024,1438596,Nguyen Van Phong,2
RENT_HCM_01057,39A-767.06,Honda,CR-V,1/13/2023,1/16/2023,3562671,Nguyen Van Quyen,0
RENT_HCM_01058,38E-944.15,Mazda,3,12/26/2024,12/28/2024,1619828,Bui Thi Giang,0
RENT_HCM_01059,24A-237.02,Hyundai,Accent,4/27/2022,4/30/2022,2619339,Hoang Van Linh,1
RENT_HCM_01060,78B-364.49,Toyota,Camry,8/24/2021,8/30/2021,6349050,Pham Thi Dung,0
RENT_HCM_01061,85E-378.37,Ford,Ranger,11/25/2025,11/30/2025,4713675,Tran Thi Hoa,0
RENT_HCM_01062,42D-602.47,Honda,City,1/26/2026,2/1/2026,5854074,Le Van Dung,0
RENT_HCM_01063,22K-526.15,Hyundai,Accent,10/24/2025,10/25/2025,545699,Do Thi Khoa,0
RENT_HCM_01064,22K-526.15,Hyundai,Accent,6/4/2025,6/9/2025,5022290,Dang Thi Nam,1
RENT_HCM_01065,12G-744.89,Mazda,CX-5,2/12/2024,2/13/2024,540120,Hoang Van Phuc,0
RENT_HCM_01066,83B-797.49,Mazda,3,6/15/2024,6/21/2024,3726528,Ngo Van Minh,2
RENT_HCM_01067,70D-192.58,Kia,Morning,4/8/2024,4/15/2024,8304002,Hoang Van Linh,1
RENT_HCM_01068,18E-187.25,Mazda,3,3/29/2024,4/4/2024,3851544,Le Van Quyen,1
RENT_HCM_01069,87B-430.99,Honda,City,7/6/2025,7/7/2025,792198,Nguyen Van Binh,0
RENT_HCM_01070,86G-330.15,Toyota,Vios,1/2/2021,1/9/2021,2806482,Vu Van Phong,3
RENT_HCM_01071,39C-734.09,Ford,EcoSport,9/29/2023,10/4/2023,5681360,Tran Thi Nam,1
RENT_HCM_01072,69F-764.42,Mazda,CX-5,6/17/2022,6/19/2022,886922,Bui Thi Binh,2
RENT_HCM_01073,21G-202.34,Honda,City,6/21/2024,6/25/2024,2697332,Pham Thi Oanh,3
RENT_HCM_01074,15F-595.30,Honda,City,6/30/2023,7/1/2023,492197,Hoang Van Binh,0
RENT_HCM_01075,66G-320.55,Kia,Soluto,4/21/2022,4/24/2022,2407659,Pham Thi Phuc,0
RENT_HCM_01076,39H-996.40,Honda,CR-V,5/8/2024,5/13/2024,3594530,Nguyen Van Dung,0
RENT_HCM_01077,25D-448.59,Vinfast,Lux A2.0,2/8/2023,2/14/2023,6876780,Hoang Van Hoa,2
RENT_HCM_01078,11G-731.54,Honda,City,1/6/2024,1/9/2024,1346304,Ngo Van Linh,1
RENT_HCM_01079,18A-563.17,Toyota,Innova,12/27/2025,12/29/2025,1747186,Dang Thi An,1
RENT_HCM_01080,39K-469.95,Mazda,CX-5,9/11/2026,9/13/2026,2264562,Tran Thi Quyen,0
RENT_HCM_01081,25A-321.29,Toyota,Innova,5/3/2025,5/8/2025,5353400,Ngo Van Quyen,1
RENT_HCM_01082,96H-976.38,Hyundai,i10,1/7/2024,1/8/2024,750397,Dang Thi Quyen,1
RENT_HCM_01083,59A-901.69,Kia,Soluto,9/8/2025,9/9/2025,451292,Nguyen Van Em,2
RENT_HCM_01084,39H-996.40,Honda,CR-V,11/1/2022,11/5/2022,2236108,Le Van Cuong,0
RENT_HCM_01085,67C-665.78,Hyundai,i10,2/19/2021,2/20/2021,891127,Bui Thi Hoa,0
RENT_HCM_01086,83F-155.85,Vinfast,Fadil,7/29/2024,8/1/2024,1830210,Tran Thi Minh,1
RENT_HCM_01087,40E-606.38,Vinfast,Lux A2.0,11/26/2025,11/27/2025,545659,Tran Thi Khoa,3
RENT_HCM_01088,12E-196.98,Ford,EcoSport,1/31/2024,2/7/2024,2882509,Ngo Van Nam,2
RENT_HCM_01089,11C-493.44,Mazda,3,9/8/2023,9/10/2023,1510658,Vu Van Phuc,1
RENT_HCM_01090,68A-588.72,Ford,EcoSport,9/23/2025,9/30/2025,4186119,Dang Thi Quyen,0
RENT_HCM_01091,20A-146.45,Honda,City,12/24/2023,12/25/2023,762128,Nguyen Van Quyen,0
RENT_HCM_01092,87B-373.03,Honda,City,4/7/2026,4/9/2026,891880,Vu Van Phong,0
RENT_HCM_01093,86E-413.23,Toyota,Vios,8/21/2026,8/24/2026,1801506,Tran Thi Binh,1
RENT_HCM_01094,46C-855.60,Vinfast,Fadil,11/18/2023,11/25/2023,4368161,Nguyen Van Em,0
RENT_HCM_01095,14H-574.13,Kia,Morning,11/25/2022,12/1/2022,5653716,Hoang Van Dung,0
RENT_HCM_01096,32C-510.80,Hyundai,Grand i10,10/19/2025,10/20/2025,1028572,Bui Thi Giang,0
RENT_HCM_01097,72D-907.40,Hyundai,i10,3/16/2021,3/19/2021,1883943,Hoang Van An,1
RENT_HCM_01098,72C-183.23,Ford,Ranger,11/2/2024,11/6/2024,2462532,Pham Thi Dung,2
RENT_HCM_01099,28B-378.39,Toyota,Innova,8/29/2026,8/31/2026,1974482,Pham Thi Binh,0
RENT_HCM_01100,74A-942.98,Hyundai,Accent,11/27/2025,12/1/2025,2103472,Le Van Phuc,0
RENT_HCM_01101,31A-995.79,Mazda,3,2/8/2021,2/11/2021,3501405,Dang Thi Quyen,0
RENT_HCM_01102,28B-378.39,Toyota,Innova,11/10/2021,11/12/2021,1512402,Ngo Van Quyen,1
RENT_HCM_01103,90A-485.48,Mazda,CX-5,9/14/2026,9/15/2026,638448,Vu Van Phuc,0
RENT_HCM_01104,12G-744.89,Mazda,CX-5,4/11/2021,4/15/2021,4769120,Pham Thi Cuong,1
RENT_HCM_01105,95C-492.50,Toyota,Innova,4/2/2026,4/3/2026,674762,Nguyen Van Cuong,1
RENT_HCM_01106,45D-330.83,Mazda,CX-5,7/13/2026,7/19/2026,5483760,Bui Thi Cuong,0
RENT_HCM_01107,26E-180.53,Hyundai,Accent,4/8/2025,4/13/2025,2999780,Bui Thi Nam,2
RENT_HCM_01108,22B-585.78,Ford,EcoSport,3/10/2023,3/13/2023,1953546,Nguyen Van Em,0
RENT_HCM_01109,81A-639.94,Honda,City,2/27/2023,3/6/2023,7184807,Tran Thi Quyen,0
RENT_HCM_01110,66G-887.42,Vinfast,Lux A2.0,3/27/2026,4/3/2026,6163038,Vu Van Dung,0
RENT_HCM_01111,39H-457.60,Hyundai,Grand i10,9/24/2024,9/28/2024,1683820,Bui Thi Hoa,2
RENT_HCM_01112,78B-364.49,Toyota,Camry,8/29/2025,9/5/2025,3052119,Pham Thi Minh,1
RENT_HCM_01113,11C-319.16,Toyota,Innova,10/31/2023,11/4/2023,4421356,Pham Thi Quyen,0
RENT_HCM_01114,31F-834.71,Hyundai,Grand i10,8/16/2021,8/17/2021,596313,Hoang Van Dung,0
RENT_HCM_01115,85C-925.94,Hyundai,Grand i10,8/21/2026,8/24/2026,2786973,Tran Thi Phong,0
RENT_HCM_01116,15C-124.07,Toyota,Innova,11/16/2023,11/21/2023,3772530,Bui Thi Oanh,0
RENT_HCM_01117,90D-598.73,Toyota,Innova,7/24/2025,7/26/2025,1211880,Dang Thi Nam,0
RENT_HCM_01118,49C-168.30,Vinfast,Fadil,9/2/2025,9/3/2025,831481,Nguyen Van An,2
RENT_HCM_01119,39B-248.98,Hyundai,Grand i10,7/26/2026,7/27/2026,806985,Do Thi Phuc,1
RENT_HCM_01120,15C-124.07,Toyota,Innova,7/9/2024,7/15/2024,3470058,Ngo Van Giang,1
RENT_HCM_01121,62H-628.28,Toyota,Camry,6/9/2026,6/16/2026,5735821,Le Van Minh,0
RENT_HCM_01122,40E-511.08,Honda,CR-V,2/3/2026,2/4/2026,692266,Vu Van Khoa,2
RENT_HCM_01123,21G-202.34,Honda,City,7/17/2025,7/20/2025,2392650,Dang Thi Phuc,0
RENT_HCM_01124,30K-166.87,Hyundai,Accent,3/27/2024,4/3/2024,8142365,Ngo Van Giang,1
RENT_HCM_01125,47E-150.60,Kia,Seltos,5/31/2021,6/2/2021,2122638,Bui Thi Quyen,0
RENT_HCM_01126,38C-142.53,Hyundai,i10,10/3/2025,10/9/2025,3323082,Pham Thi Phuc,0
RENT_HCM_01127,14C-459.98,Ford,EcoSport,10/31/2023,11/2/2023,1310398,Hoang Van Em,2
RENT_HCM_01128,40E-606.38,Vinfast,Lux A2.0,2/25/2021,3/1/2021,2060804,Ngo Van Cuong,0
RENT_HCM_01129,72K-707.72,Toyota,Camry,12/8/2023,12/10/2023,1173924,Dang Thi Minh,1
RENT_HCM_01130,94D-176.27,Ford,Ranger,11/3/2021,11/7/2021,2340996,Do Thi Minh,0
RENT_HCM_01131,86B-468.95,Toyota,Camry,4/15/2025,4/21/2025,4588920,Ngo Van Linh,0
RENT_HCM_01132,18A-563.17,Toyota,Innova,6/26/2025,7/3/2025,7460936,Dang Thi Em,1
RENT_HCM_01133,50G-877.98,Hyundai,i10,7/30/2026,8/5/2026,4374894,Do Thi Giang,3
RENT_HCM_01134,80K-657.71,Toyota,Innova,12/1/2023,12/2/2023,1001720,Tran Thi An,2
RENT_HCM_01135,46C-855.60,Vinfast,Fadil,6/18/2021,6/24/2021,4532388,Bui Thi Quyen,1
RENT_HCM_01136,38C-383.91,Ford,Ranger,7/15/2024,7/17/2024,1994764,Pham Thi Dung,1
RENT_HCM_01137,62G-115.18,Ford,Ranger,1/28/2022,2/1/2022,3922340,Pham Thi Em,2
RENT_HCM_01138,30K-166.87,Hyundai,Accent,3/10/2025,3/14/2025,4706904,Dang Thi Nam,2
RENT_HCM_01139,98B-587.88,Vinfast,Fadil,3/28/2026,3/31/2026,3044970,Bui Thi Quyen,0
RENT_HCM_01140,38G-667.86,Mazda,3,4/1/2026,4/8/2026,3999919,Nguyen Van Oanh,0
RENT_HCM_01141,16B-618.82,Hyundai,Grand i10,6/11/2025,6/17/2025,6179202,Dang Thi Binh,1
RENT_HCM_01142,18H-105.04,Hyundai,i10,8/24/2024,8/29/2024,2995555,Tran Thi Hoa,2
RENT_HCM_01143,71C-946.67,Ford,EcoSport,6/15/2023,6/16/2023,1140575,Hoang Van Giang,2
RENT_HCM_01144,53K-126.49,Toyota,Innova,2/7/2026,2/14/2026,5398512,Nguyen Van Dung,2
RENT_HCM_01145,52B-953.14,Kia,Soluto,3/9/2025,3/16/2025,7019082,Do Thi Binh,1
RENT_HCM_01146,80K-657.71,Toyota,Innova,12/12/2024,12/13/2024,1054854,Pham Thi Nam,0
RENT_HCM_01147,73A-575.16,Ford,Ranger,9/22/2021,9/29/2021,4453316,Le Van Hoa,2
RENT_HCM_01148,38C-383.91,Ford,Ranger,12/11/2021,12/17/2021,5643168,Vu Van Quyen,0
RENT_HCM_01149,47B-414.62,Honda,City,5/4/2026,5/6/2026,853240,Vu Van Phuc,0
RENT_HCM_01150,53K-126.49,Toyota,Innova,10/23/2025,10/25/2025,1598090,Tran Thi Linh,0
RENT_HCM_01151,66E-447.50,Mazda,CX-5,7/26/2022,7/31/2022,5870935,Do Thi Em,0
RENT_HCM_01152,11C-319.16,Toyota,Innova,6/11/2022,6/12/2022,1098964,Dang Thi Phuc,1
RENT_HCM_01153,37F-841.13,Kia,Morning,7/12/2021,7/17/2021,2578250,Nguyen Van Minh,0
RENT_HCM_01154,86B-468.95,Toyota,Camry,6/17/2023,6/19/2023,906274,Dang Thi An,0
RENT_HCM_01155,25D-575.36,Hyundai,Accent,11/8/2024,11/12/2024,2734072,Bui Thi Linh,0
RENT_HCM_01156,84A-192.77,Toyota,Camry,7/4/2025,7/11/2025,6212724,Vu Van Quyen,0
RENT_HCM_01157,28A-321.73,Hyundai,Accent,1/26/2023,1/27/2023,977375,Vu Van Hoa,0
RENT_HCM_01158,28B-288.64,Hyundai,Accent,1/23/2026,1/24/2026,1079882,Pham Thi Oanh,0
RENT_HCM_01159,50G-877.98,Hyundai,i10,1/31/2026,2/1/2026,989524,Nguyen Van Phong,0
RENT_HCM_01160,38C-383.91,Ford,Ranger,7/26/2024,7/31/2024,5374970,Hoang Van Dung,0
RENT_HCM_01161,47B-414.62,Honda,City,9/29/2023,10/3/2023,3676304,Bui Thi Linh,0
RENT_HCM_01162,20K-624.55,Mazda,3,12/27/2023,1/3/2024,4057410,Do Thi Oanh,1
RENT_HCM_01163,43G-993.34,Kia,Soluto,8/7/2021,8/10/2021,2064078,Ngo Van Hoa,1
RENT_HCM_01164,57C-660.60,Toyota,Vios,9/18/2021,9/23/2021,4287920,Tran Thi Cuong,0
RENT_HCM_01165,87C-525.97,Ford,Ranger,12/6/2021,12/11/2021,3284520,Nguyen Van Phong,0
RENT_HCM_01166,13E-299.60,Honda,CR-V,3/21/2022,3/26/2022,3199875,Hoang Van Cuong,1
RENT_HCM_01167,11H-964.02,Ford,Ranger,4/1/2024,4/5/2024,3387904,Hoang Van An,1
RENT_HCM_01168,42H-912.12,Toyota,Innova,4/20/2023,4/24/2023,1610952,Bui Thi An,1
RENT_HCM_01169,16K-690.45,Vinfast,Lux A2.0,2/12/2026,2/18/2026,4824612,Dang Thi An,0
RENT_HCM_01170,56B-609.78,Honda,CR-V,1/9/2026,1/10/2026,1101545,Bui Thi Binh,1
RENT_HCM_01171,30F-808.46,Toyota,Camry,4/13/2022,4/14/2022,634118,Le Van Dung,0
RENT_HCM_01172,72K-707.72,Toyota,Camry,1/27/2025,1/28/2025,1095669,Bui Thi Oanh,0
RENT_HCM_01173,32C-510.80,Hyundai,Grand i10,9/27/2025,10/1/2025,2823116,Pham Thi Giang,2
RENT_HCM_01174,15A-216.83,Honda,City,9/9/2023,9/14/2023,3197285,Do Thi Giang,0
RENT_HCM_01175,67C-665.78,Hyundai,i10,9/13/2026,9/16/2026,3319836,Dang Thi Quyen,0
RENT_HCM_01176,22B-585.78,Ford,EcoSport,9/7/2024,9/13/2024,2982330,Le Van Em,0
RENT_HCM_01177,85C-925.94,Hyundai,Grand i10,12/16/2022,12/18/2022,2030094,Bui Thi Em,0
RENT_HCM_01178,26E-180.53,Hyundai,Accent,12/3/2023,12/6/2023,2514408,Do Thi Minh,0
RENT_HCM_01179,89G-388.88,Hyundai,Accent,7/22/2021,7/23/2021,744274,Tran Thi Minh,0
RENT_HCM_01180,49E-348.68,Kia,Soluto,12/6/2025,12/9/2025,3441684,Bui Thi Phong,0
RENT_HCM_01181,67C-665.78,Hyundai,i10,5/1/2021,5/2/2021,624524,Do Thi Minh,1
RENT_HCM_01182,31G-307.19,Honda,City,2/18/2022,2/22/2022,3058832,Dang Thi Linh,2
RENT_HCM_01183,47B-414.62,Honda,City,1/5/2022,1/10/2022,4540880,Nguyen Van Phuc,0
RENT_HCM_01184,37K-262.20,Mazda,3,4/27/2025,5/4/2025,6676656,Do Thi An,0
RENT_HCM_01185,68A-588.72,Ford,EcoSport,12/14/2024,12/15/2024,736669,Hoang Van Hoa,3
RENT_HCM_01186,32F-733.46,Toyota,Vios,12/10/2022,12/17/2022,7597926,Pham Thi An,3
RENT_HCM_01187,87B-373.03,Honda,City,6/13/2024,6/16/2024,2870439,Pham Thi Phuc,2
RENT_HCM_01188,16B-618.82,Hyundai,Grand i10,9/18/2024,9/20/2024,1742518,Tran Thi Phuc,1
RENT_HCM_01189,28B-378.39,Toyota,Innova,6/19/2024,6/23/2024,3946204,Tran Thi Minh,0
RENT_HCM_01190,99C-732.83,Ford,EcoSport,8/3/2024,8/6/2024,2412744,Hoang Van Khoa,1
RENT_HCM_01191,83F-155.85,Vinfast,Fadil,6/18/2024,6/22/2024,1701316,Do Thi Hoa,1
RENT_HCM_01192,42H-912.12,Toyota,Innova,1/9/2025,1/10/2025,830969,Ngo Van Linh,3
RENT_HCM_01193,49E-348.68,Kia,Soluto,7/22/2022,7/24/2022,2332498,Tran Thi Khoa,2
RENT_HCM_01194,31G-307.19,Honda,City,10/19/2025,10/22/2025,2419434,Vu Van Phong,0
RENT_HCM_01195,23C-148.49,Hyundai,i10,4/11/2024,4/14/2024,2479758,Bui Thi Dung,3
RENT_HCM_01196,47D-840.33,Kia,Morning,5/12/2025,5/16/2025,4059848,Bui Thi Minh,1
RENT_HCM_01197,40A-169.95,Toyota,Vios,12/16/2025,12/19/2025,3149970,Pham Thi Nam,0
RENT_HCM_01198,91G-764.50,Toyota,Vios,9/6/2025,9/13/2025,7751394,Pham Thi Minh,0
RENT_HCM_01199,51G-626.30,Vinfast,Lux A2.0,6/30/2022,7/2/2022,1793336,Tran Thi Cuong,0
RENT_HCM_01200,73D-927.45,Mazda,CX-5,1/28/2024,2/4/2024,8356278,Nguyen Van Giang,0
RENT_HCM_01201,36D-337.43,Vinfast,Lux A2.0,10/10/2022,10/12/2022,884408,Bui Thi Linh,3
RENT_HCM_01202,53K-126.49,Toyota,Innova,2/3/2024,2/8/2024,4352180,Le Van Em,0
RENT_HCM_01203,62H-628.28,Toyota,Camry,9/17/2024,9/20/2024,3220128,Tran Thi Linh,0
RENT_HCM_01204,87B-650.29,Toyota,Camry,2/2/2023,2/9/2023,5283740,Le Van Linh,1
RENT_HCM_01205,99C-732.83,Ford,EcoSport,3/31/2021,4/7/2021,5096602,Vu Van Nam,0
RENT_HCM_01206,59B-706.42,Toyota,Vios,9/1/2024,9/7/2024,6965586,Tran Thi Phong,0
RENT_HCM_01207,77C-211.72,Kia,Seltos,6/8/2026,6/12/2026,3604740,Hoang Van Khoa,0
RENT_HCM_01208,51G-626.30,Vinfast,Lux A2.0,11/5/2021,11/11/2021,6578802,Dang Thi Hoa,1
RENT_HCM_01209,13H-835.85,Ford,EcoSport,8/29/2023,8/31/2023,2202278,Do Thi Cuong,1
RENT_HCM_01210,47E-150.60,Kia,Seltos,3/27/2023,4/2/2023,6486516,Nguyen Van Cuong,0
RENT_HCM_01211,89C-852.67,Vinfast,Fadil,10/16/2024,10/18/2024,1061432,Hoang Van Phuc,0
RENT_HCM_01212,37G-231.27,Toyota,Camry,12/12/2022,12/13/2022,1124845,Hoang Van Khoa,1
RENT_HCM_01213,37E-977.04,Mazda,3,9/26/2024,9/28/2024,1672910,Ngo Van Em,0
RENT_HCM_01214,16K-535.88,Kia,Soluto,4/5/2025,4/9/2025,3028324,Le Van Em,1
RENT_HCM_01215,66F-164.86,Kia,Soluto,2/9/2025,2/12/2025,1780545,Nguyen Van Phuc,1
RENT_HCM_01216,22E-897.25,Mazda,CX-5,9/20/2025,9/25/2025,3494450,Bui Thi Giang,1
RENT_HCM_01217,23C-148.49,Hyundai,i10,7/14/2024,7/18/2024,3891644,Pham Thi An,3
RENT_HCM_01218,47D-840.33,Kia,Morning,12/6/2023,12/13/2023,8229179,Bui Thi Quyen,1
RENT_HCM_01219,76G-211.58,Hyundai,Accent,9/19/2021,9/25/2021,6957606,Le Van Giang,0
RENT_HCM_01220,91H-439.88,Mazda,CX-5,6/23/2025,6/24/2025,753182,Bui Thi Hoa,1
RENT_HCM_01221,68D-390.90,Kia,Morning,11/5/2025,11/9/2025,1828764,Dang Thi Quyen,0
RENT_HCM_01222,52B-953.14,Kia,Soluto,8/13/2025,8/19/2025,5686950,Dang Thi Khoa,0
RENT_HCM_01223,40E-511.08,Honda,CR-V,7/30/2021,8/1/2021,1040460,Bui Thi Phuc,0
RENT_HCM_01224,54G-335.06,Honda,CR-V,4/24/2024,4/27/2024,1706877,Ngo Van Oanh,1
RENT_HCM_01225,92D-335.06,Toyota,Camry,8/22/2023,8/26/2023,2342848,Ngo Van Giang,0
RENT_HCM_01226,77F-485.44,Hyundai,i10,1/13/2025,1/19/2025,6773376,Le Van Em,0
RENT_HCM_01227,28A-321.73,Hyundai,Accent,4/2/2021,4/5/2021,3189405,Le Van Em,0
RENT_HCM_01228,60A-977.72,Hyundai,Grand i10,8/26/2024,8/31/2024,4585900,Ngo Van Phong,0
RENT_HCM_01229,46C-855.60,Vinfast,Fadil,6/2/2022,6/8/2022,4402446,Hoang Van Nam,0
RENT_HCM_01230,45C-536.55,Ford,EcoSport,11/18/2024,11/25/2024,6895987,Ngo Van Giang,1
RENT_HCM_01231,39H-896.77,Toyota,Vios,2/1/2022,2/6/2022,2493150,Ngo Van Phuc,0
RENT_HCM_01232,15C-124.07,Toyota,Innova,3/16/2023,3/17/2023,1189439,Dang Thi Cuong,0
RENT_HCM_01233,49D-328.28,Kia,Morning,12/17/2024,12/20/2024,3599172,Nguyen Van Em,0
RENT_HCM_01234,95C-492.50,Toyota,Innova,10/25/2021,11/1/2021,8194935,Pham Thi Dung,0
RENT_HCM_01235,20K-624.55,Mazda,3,12/22/2022,12/27/2022,3404970,Le Van Phong,1
RENT_HCM_01236,38C-383.91,Ford,Ranger,12/4/2021,12/7/2021,2017884,Dang Thi Em,1
RENT_HCM_01237,36E-560.60,Toyota,Vios,3/20/2026,3/23/2026,2587188,Dang Thi Dung,0
RENT_HCM_01238,86E-413.23,Toyota,Vios,10/3/2024,10/7/2024,2005788,Le Van Khoa,0
RENT_HCM_01239,18E-187.25,Mazda,3,11/25/2022,11/26/2022,1016945,Le Van Minh,0
RENT_HCM_01240,77F-485.44,Hyundai,i10,8/27/2025,8/28/2025,727979,Nguyen Van Hoa,0
RENT_HCM_01241,30E-325.25,Kia,Morning,3/29/2021,3/31/2021,2325136,Tran Thi Minh,0
RENT_HCM_01242,18E-187.25,Mazda,3,2/3/2025,2/4/2025,743671,Do Thi Oanh,0
RENT_HCM_01243,49D-328.28,Kia,Morning,9/6/2025,9/7/2025,703342,Le Van Em,0
RENT_HCM_01244,28A-321.73,Hyundai,Accent,10/19/2024,10/23/2024,3279940,Nguyen Van Phong,1
RENT_HCM_01245,38G-497.95,Kia,Soluto,6/16/2022,6/22/2022,4774356,Pham Thi Dung,0
RENT_HCM_01246,66E-447.50,Mazda,CX-5,12/28/2023,1/2/2024,2313215,Le Van Em,2
RENT_HCM_01247,69F-764.42,Mazda,CX-5,11/24/2021,11/29/2021,2761645,Nguyen Van Cuong,0
RENT_HCM_01248,56B-609.78,Honda,CR-V,3/22/2022,3/25/2022,2606079,Tran Thi Hoa,2
RENT_HCM_01249,62G-115.18,Ford,Ranger,1/12/2024,1/15/2024,2451003,Tran Thi Giang,1
RENT_HCM_01250,86B-468.95,Toyota,Camry,1/19/2023,1/22/2023,1369284,Dang Thi Linh,0
RENT_HCM_01251,39B-248.98,Hyundai,Grand i10,1/5/2022,1/7/2022,2148038,Ngo Van Quyen,1
RENT_HCM_01252,89C-852.67,Vinfast,Fadil,1/30/2026,2/5/2026,5350164,Bui Thi Phong,0
RENT_HCM_01253,72D-907.40,Hyundai,i10,2/17/2022,2/21/2022,3516132,Ngo Van Cuong,1
RENT_HCM_01254,32D-394.35,Toyota,Vios,2/4/2025,2/10/2025,5440980,Do Thi Linh,1
RENT_HCM_01255,83F-155.85,Vinfast,Fadil,12/25/2023,12/30/2023,5100080,Vu Van Phong,0
RENT_HCM_01256,38G-667.86,Mazda,3,8/30/2024,9/1/2024,868342,Tran Thi Giang,3
RENT_HCM_01257,37G-231.27,Toyota,Camry,7/26/2023,8/1/2023,4545228,Pham Thi An,0
RENT_HCM_01258,35C-671.07,Hyundai,i10,10/28/2024,11/1/2024,2059340,Do Thi Phuc,0
RENT_HCM_01259,37G-231.27,Toyota,Camry,6/12/2023,6/16/2023,4543936,Tran Thi Minh,1
RENT_HCM_01260,28B-288.64,Hyundai,Accent,8/25/2026,8/28/2026,3280671,Bui Thi Oanh,0
RENT_HCM_01261,83B-797.49,Mazda,3,4/3/2022,4/8/2022,4679005,Hoang Van Binh,2
RENT_HCM_01262,32F-733.46,Toyota,Vios,4/29/2022,5/5/2022,3401280,Do Thi Em,3
RENT_HCM_01263,87C-525.97,Ford,Ranger,10/16/2024,10/20/2024,3849032,Tran Thi Quyen,0
RENT_HCM_01264,18A-563.17,Toyota,Innova,8/13/2022,8/15/2022,808846,Pham Thi Linh,0
RENT_HCM_01265,30E-325.25,Kia,Morning,9/23/2023,9/24/2023,781737,Dang Thi Dung,1
RENT_HCM_01266,48B-706.17,Toyota,Camry,7/5/2021,7/10/2021,3804730,Tran Thi Cuong,3
RENT_HCM_01267,82K-162.58,Mazda,CX-5,8/10/2021,8/12/2021,2172918,Ngo Van Giang,1
RENT_HCM_01268,82E-939.56,Hyundai,Accent,2/9/2022,2/11/2022,1081476,Pham Thi Minh,0
RENT_HCM_01269,69D-543.35,Honda,City,3/6/2025,3/10/2025,3374828,Tran Thi Minh,0
RENT_HCM_01270,90D-598.73,Toyota,Innova,7/6/2025,7/9/2025,1602996,Le Van Khoa,2
RENT_HCM_01271,62G-115.18,Ford,Ranger,4/23/2026,4/27/2026,3860008,Pham Thi Hoa,1
RENT_HCM_01272,25D-448.59,Vinfast,Lux A2.0,4/25/2025,4/29/2025,2378460,Bui Thi Dung,1
RENT_HCM_01273,64K-177.33,Vinfast,Lux A2.0,4/15/2025,4/20/2025,3338815,Do Thi Linh,0
RENT_HCM_01274,11C-319.16,Toyota,Innova,3/8/2022,3/14/2022,4730778,Vu Van Hoa,0
RENT_HCM_01275,20K-624.55,Mazda,3,4/9/2021,4/15/2021,4761636,Tran Thi Em,0
RENT_HCM_01276,88K-102.81,Hyundai,Accent,3/22/2025,3/24/2025,2383816,Bui Thi Linh,0
RENT_HCM_01277,32F-733.46,Toyota,Vios,4/19/2025,4/23/2025,3253020,Tran Thi Khoa,1
RENT_HCM_01278,91A-212.00,Hyundai,Grand i10,1/13/2025,1/19/2025,4203756,Ngo Van Em,0
RENT_HCM_01279,91H-439.88,Mazda,CX-5,1/16/2021,1/20/2021,2796468,Do Thi Khoa,0
RENT_HCM_01280,39K-469.95,Mazda,CX-5,1/31/2022,2/5/2022,4540900,Nguyen Van Hoa,1
RENT_HCM_01281,77A-503.91,Mazda,3,6/27/2022,6/30/2022,3430140,Nguyen Van Hoa,1
RENT_HCM_01282,20K-624.55,Mazda,3,9/11/2023,9/18/2023,2992773,Ngo Van Hoa,2
RENT_HCM_01283,49F-678.30,Vinfast,Lux A2.0,6/6/2023,6/12/2023,3345588,Do Thi Phuc,0
RENT_HCM_01284,62B-172.41,Kia,Soluto,2/25/2026,3/3/2026,6542700,Bui Thi Linh,2
RENT_HCM_01285,24E-955.46,Toyota,Vios,2/26/2025,3/2/2025,3151488,Do Thi Dung,2
RENT_HCM_01286,72K-707.72,Toyota,Camry,4/20/2023,4/23/2023,2581905,Pham Thi Phuc,0
RENT_HCM_01287,80K-657.71,Toyota,Innova,8/13/2021,8/15/2021,1172310,Hoang Van Quyen,0
RENT_HCM_01288,84G-796.42,Kia,Morning,4/21/2024,4/22/2024,616183,Ngo Van Khoa,2
RENT_HCM_01289,86B-468.95,Toyota,Camry,2/6/2022,2/8/2022,2399690,Dang Thi Hoa,0
RENT_HCM_01290,49F-678.30,Vinfast,Lux A2.0,1/8/2023,1/12/2023,1946588,Le Van Oanh,1
RENT_HCM_01291,68K-951.28,Hyundai,i10,3/14/2022,3/19/2022,2832760,Le Van Quyen,2
RENT_HCM_01292,36E-560.60,Toyota,Vios,12/3/2021,12/9/2021,5712582,Ngo Van Phuc,0
RENT_HCM_01293,45D-330.83,Mazda,CX-5,10/27/2022,10/30/2022,3288276,Hoang Van Linh,0
RENT_HCM_01294,21K-767.03,Hyundai,i10,6/10/2021,6/14/2021,3056576,Do Thi Hoa,1
RENT_HCM_01295,91G-764.50,Toyota,Vios,6/6/2021,6/11/2021,2653750,Vu Van Quyen,3
RENT_HCM_01296,11G-399.40,Kia,Morning,12/2/2021,12/7/2021,3356390,Do Thi Minh,0
RENT_HCM_01297,71C-946.67,Ford,EcoSport,10/8/2022,10/14/2022,4130106,Tran Thi Dung,2
RENT_HCM_01298,94G-517.12,Mazda,CX-5,4/9/2023,4/14/2023,2416610,Pham Thi Quyen,0
RENT_HCM_01299,57C-660.60,Toyota,Vios,1/15/2022,1/20/2022,2549350,Bui Thi Linh,0
RENT_HCM_01300,40A-169.95,Toyota,Vios,3/23/2023,3/24/2023,513240,Nguyen Van Hoa,1
RENT_HCM_01301,32K-304.31,Kia,Morning,5/2/2026,5/5/2026,1231923,Ngo Van Dung,3
RENT_HCM_01302,21A-335.92,Vinfast,Fadil,7/18/2024,7/25/2024,6126470,Pham Thi Nam,2
RENT_HCM_01303,64C-859.87,Toyota,Vios,3/27/2024,4/2/2024,3699546,Ngo Van Quyen,0
RENT_HCM_01304,74D-805.08,Hyundai,Accent,12/24/2023,12/27/2023,2859336,Bui Thi Em,1
RENT_HCM_01305,63E-560.78,Kia,Morning,3/9/2025,3/12/2025,2797260,Pham Thi Khoa,1
RENT_HCM_01306,87B-373.03,Honda,City,12/22/2021,12/24/2021,1483026,Le Van Linh,3
RENT_HCM_01307,86B-468.95,Toyota,Camry,5/28/2025,5/31/2025,3164001,Dang Thi Phuc,2
RENT_HCM_01308,95C-492.50,Toyota,Innova,7/8/2024,7/12/2024,4138448,Pham Thi Quyen,0
RENT_HCM_01309,38C-383.91,Ford,Ranger,9/13/2026,9/15/2026,1625058,Nguyen Van Dung,1
RENT_HCM_01310,40G-744.81,Honda,City,11/1/2023,11/8/2023,5312888,Ngo Van An,0
RENT_HCM_01311,22E-888.71,Honda,CR-V,5/26/2023,5/30/2023,3630500,Le Van Nam,0
RENT_HCM_01312,99C-732.83,Ford,EcoSport,1/15/2025,1/16/2025,763209,Tran Thi Binh,0
RENT_HCM_01313,15A-216.83,Honda,City,1/23/2025,1/24/2025,1144734,Ngo Van Phuc,3
RENT_HCM_01314,39H-996.40,Honda,CR-V,6/29/2025,7/2/2025,2449956,Pham Thi Nam,2
RENT_HCM_01315,90F-168.01,Toyota,Vios,2/4/2025,2/10/2025,5396808,Vu Van Oanh,2
RENT_HCM_01316,81H-361.56,Vinfast,Lux A2.0,1/29/2023,2/2/2023,4587792,Le Van Linh,0
RENT_HCM_01317,38C-383.91,Ford,Ranger,6/17/2023,6/24/2023,6628412,Le Van Khoa,1
RENT_HCM_01318,28B-378.39,Toyota,Innova,1/1/2026,1/5/2026,2726072,Bui Thi Minh,0
RENT_HCM_01319,11H-964.02,Ford,Ranger,12/14/2021,12/15/2021,547901,Vu Van Giang,2
RENT_HCM_01320,92A-672.48,Ford,EcoSport,1/21/2025,1/22/2025,939908,Tran Thi An,0
RENT_HCM_01321,45C-524.00,Toyota,Camry,1/21/2023,1/25/2023,3948032,Ngo Van Minh,1
RENT_HCM_01322,72K-221.19,Toyota,Innova,6/6/2024,6/9/2024,3333816,Le Van Nam,0
RENT_HCM_01323,80K-657.71,Toyota,Innova,9/7/2026,9/13/2026,4285242,Bui Thi Giang,1
RENT_HCM_01324,82K-162.58,Mazda,CX-5,9/19/2021,9/25/2021,2456694,Nguyen Van Minh,0
RENT_HCM_01325,20A-146.45,Honda,City,10/3/2021,10/6/2021,2586747,Ngo Van Oanh,1
RENT_HCM_01326,33B-472.24,Kia,Seltos,1/7/2021,1/9/2021,1023638,Nguyen Van An,0
RENT_HCM_01327,11C-319.16,Toyota,Innova,7/7/2021,7/10/2021,3580053,Vu Van Phong,0
RENT_HCM_01328,77C-211.72,Kia,Seltos,10/25/2021,10/29/2021,2252220,Dang Thi Em,3
RENT_HCM_01329,65B-452.82,Toyota,Innova,6/25/2021,6/29/2021,3861604,Vu Van An,0
RENT_HCM_01330,16B-618.82,Hyundai,Grand i10,11/30/2021,12/3/2021,1223088,Ngo Van Dung,0
RENT_HCM_01331,72H-414.63,Ford,Ranger,7/10/2026,7/11/2026,555793,Le Van Nam,0
RENT_HCM_01332,90B-179.51,Vinfast,Fadil,1/10/2025,1/12/2025,1571534,Hoang Van Dung,3
RENT_HCM_01333,80K-657.71,Toyota,Innova,4/14/2025,4/16/2025,1439508,Nguyen Van Dung,3
RENT_HCM_01334,28D-108.89,Hyundai,i10,9/25/2026,9/26/2026,522738,Nguyen Van Khoa,0
RENT_HCM_01335,97D-214.30,Honda,CR-V,9/23/2023,9/25/2023,1073488,Dang Thi Giang,1
RENT_HCM_01336,99E-453.66,Kia,Soluto,3/20/2026,3/25/2026,2747030,Hoang Van Phong,1
RENT_HCM_01337,54G-335.06,Honda,CR-V,12/5/2025,12/12/2025,6507172,Hoang Van Khoa,0
RENT_HCM_01338,15A-216.83,Honda,City,7/24/2022,7/29/2022,3084140,Pham Thi Minh,0
RENT_HCM_01339,38C-142.53,Hyundai,i10,12/4/2021,12/10/2021,6508164,Nguyen Van Quyen,3
RENT_HCM_01340,72C-183.23,Ford,Ranger,11/27/2025,11/28/2025,448018,Do Thi Phuc,2
RENT_HCM_01341,81A-639.94,Honda,City,1/25/2022,1/30/2022,3952080,Bui Thi Phong,1
RENT_HCM_01342,68A-588.72,Ford,EcoSport,5/4/2024,5/8/2024,3994280,Nguyen Van Em,0
RENT_HCM_01343,30E-325.25,Kia,Morning,2/9/2023,2/14/2023,5949600,Vu Van Phuc,0
RENT_HCM_01344,62K-469.95,Vinfast,Fadil,12/11/2025,12/18/2025,3688755,Do Thi An,1
RENT_HCM_01345,77A-503.91,Mazda,3,1/20/2021,1/27/2021,4637864,Nguyen Van Linh,1
RENT_HCM_01346,59C-409.49,Honda,CR-V,6/2/2021,6/8/2021,4163538,Le Van Khoa,3
RENT_HCM_01347,72C-183.23,Ford,Ranger,3/1/2025,3/5/2025,2580764,Nguyen Van Quyen,0
RENT_HCM_01348,72G-969.58,Toyota,Vios,6/22/2023,6/23/2023,1145446,Dang Thi Cuong,0
RENT_HCM_01349,30K-166.87,Hyundai,Accent,8/26/2025,8/30/2025,1658720,Nguyen Van Hoa,0
RENT_HCM_01350,18A-563.17,Toyota,Innova,10/12/2024,10/19/2024,5685547,Dang Thi Giang,2
RENT_HCM_01351,87C-525.97,Ford,Ranger,1/3/2025,1/6/2025,1813974,Pham Thi Phong,2
RENT_HCM_01352,11C-738.22,Vinfast,Fadil,2/14/2025,2/18/2025,2443128,Hoang Van Hoa,0
RENT_HCM_01353,43G-780.01,Kia,Morning,5/29/2022,6/3/2022,4148465,Ngo Van An,0
RENT_HCM_01354,93A-482.11,Toyota,Camry,4/27/2026,5/1/2026,2277988,Bui Thi Phong,1
RENT_HCM_01355,92D-335.06,Toyota,Camry,5/12/2022,5/16/2022,2685400,Hoang Van Em,1
RENT_HCM_01356,94G-517.12,Mazda,CX-5,1/12/2026,1/13/2026,522065,Le Van Quyen,0
RENT_HCM_01357,36F-989.46,Mazda,3,8/6/2022,8/7/2022,1048147,Do Thi Phong,0
RENT_HCM_01358,31E-660.71,Toyota,Camry,3/31/2022,4/1/2022,763111,Nguyen Van Dung,0
RENT_HCM_01359,80H-858.85,Ford,Ranger,4/17/2024,4/21/2024,4065100,Hoang Van Phuc,1
RENT_HCM_01360,29C-652.72,Mazda,3,6/26/2023,7/1/2023,3579700,Bui Thi Linh,0
RENT_HCM_01361,21A-335.92,Vinfast,Fadil,6/10/2021,6/15/2021,2164165,Le Van Dung,2
RENT_HCM_01362,49C-168.30,Vinfast,Fadil,3/13/2023,3/18/2023,3462335,Pham Thi Hoa,2
RENT_HCM_01363,34K-392.12,Kia,Morning,4/6/2025,4/11/2025,2935845,Hoang Van Dung,0
RENT_HCM_01364,76G-211.58,Hyundai,Accent,6/7/2021,6/10/2021,2307825,Ngo Van Giang,2
RENT_HCM_01365,97D-214.30,Honda,CR-V,1/13/2023,1/18/2023,5923925,Hoang Van An,0
RENT_HCM_01366,39H-996.40,Honda,CR-V,9/7/2022,9/11/2022,2903276,Ngo Van Linh,1
RENT_HCM_01367,18C-484.21,Ford,Ranger,4/15/2023,4/19/2023,2372316,Bui Thi Cuong,0
RENT_HCM_01368,68K-951.28,Hyundai,i10,6/22/2021,6/26/2021,1606536,Vu Van Quyen,0
RENT_HCM_01369,86E-413.23,Toyota,Vios,3/7/2024,3/13/2024,5583210,Bui Thi Nam,1
RENT_HCM_01370,71C-946.67,Ford,EcoSport,5/17/2022,5/21/2022,2961628,Bui Thi Quyen,1
RENT_HCM_01371,95B-546.55,Hyundai,Accent,3/15/2022,3/21/2022,3106104,Hoang Van Phong,1
RENT_HCM_01372,86C-265.81,Ford,Ranger,3/19/2024,3/23/2024,3973600,Tran Thi Dung,0
RENT_HCM_01373,37E-977.04,Mazda,3,1/28/2024,1/31/2024,3483663,Ngo Van Quyen,0
RENT_HCM_01374,39H-896.77,Toyota,Vios,1/5/2022,1/12/2022,8359351,Bui Thi An,1
RENT_HCM_01375,37G-231.27,Toyota,Camry,10/28/2022,11/3/2022,2914386,Dang Thi Binh,0
RENT_HCM_01376,11C-319.16,Toyota,Innova,12/7/2025,12/8/2025,743256,Ngo Van Quyen,1
RENT_HCM_01377,18E-187.25,Mazda,3,4/4/2026,4/9/2026,5260280,Vu Van Dung,1
RENT_HCM_01378,95C-492.50,Toyota,Innova,9/2/2026,9/3/2026,603966,Le Van Linh,1
RENT_HCM_01379,43K-499.70,Kia,Seltos,6/2/2025,6/3/2025,752057,Vu Van Oanh,1
RENT_HCM_01380,39B-248.98,Hyundai,Grand i10,10/1/2024,10/6/2024,2782530,Pham Thi Dung,0
RENT_HCM_01381,18H-105.04,Hyundai,i10,1/18/2023,1/22/2023,2144728,Do Thi Phuc,1
RENT_HCM_01382,60A-977.72,Hyundai,Grand i10,11/13/2023,11/19/2023,4158450,Ngo Van Hoa,1
RENT_HCM_01383,15A-216.83,Honda,City,10/21/2022,10/27/2022,4280640,Vu Van Binh,0
RENT_HCM_01384,23G-543.44,Hyundai,i10,9/29/2022,10/2/2022,3128271,Le Van Minh,2
RENT_HCM_01385,77A-503.91,Mazda,3,9/8/2023,9/12/2023,3571504,Do Thi An,1
RENT_HCM_01386,82E-939.56,Hyundai,Accent,11/21/2021,11/26/2021,3213845,Dang Thi Oanh,3
RENT_HCM_01387,30D-278.73,Hyundai,Accent,2/18/2025,2/25/2025,7233884,Nguyen Van Quyen,2
RENT_HCM_01388,39H-457.60,Hyundai,Grand i10,5/7/2022,5/12/2022,4423970,Do Thi Khoa,0
RENT_HCM_01389,90D-598.73,Toyota,Innova,12/22/2024,12/29/2024,8052478,Do Thi An,0
RENT_HCM_01390,73D-927.45,Mazda,CX-5,10/25/2024,10/27/2024,1648572,Bui Thi Khoa,0
RENT_HCM_01391,49F-678.30,Vinfast,Lux A2.0,1/15/2023,1/16/2023,858111,Hoang Van Dung,0
RENT_HCM_01392,38E-944.15,Mazda,3,9/18/2022,9/24/2022,4322022,Vu Van Phuc,0
RENT_HCM_01393,14H-574.13,Kia,Morning,1/23/2023,1/27/2023,4043608,Pham Thi Quyen,0
RENT_HCM_01394,16K-690.45,Vinfast,Lux A2.0,1/23/2026,1/30/2026,3551037,Pham Thi Linh,0
RENT_HCM_01395,34H-793.09,Mazda,CX-5,11/10/2024,11/15/2024,5373280,Vu Van Quyen,0
RENT_HCM_01396,85H-903.18,Kia,Morning,3/21/2022,3/24/2022,3455766,Dang Thi Nam,0
RENT_HCM_01397,66G-320.55,Kia,Soluto,2/24/2022,2/28/2022,2240416,Hoang Van Hoa,0
RENT_HCM_01398,47E-150.60,Kia,Seltos,7/27/2023,7/28/2023,863973,Hoang Van Binh,0
RENT_HCM_01399,59B-706.42,Toyota,Vios,9/15/2022,9/17/2022,2158054,Bui Thi Dung,3
RENT_HCM_01400,36F-989.46,Mazda,3,10/27/2022,10/28/2022,552718,Do Thi Khoa,0
RENT_HCM_01401,11H-964.02,Ford,Ranger,7/30/2022,8/5/2022,3245982,Bui Thi An,0
RENT_HCM_01402,35G-898.00,Vinfast,Fadil,4/16/2022,4/20/2022,4291812,Do Thi Binh,0
RENT_HCM_01403,39H-996.40,Honda,CR-V,2/6/2021,2/10/2021,2441088,Tran Thi Cuong,1
RENT_HCM_01404,76G-211.58,Hyundai,Accent,3/31/2025,4/4/2025,3319652,Do Thi Binh,1
RENT_HCM_01405,14H-574.13,Kia,Morning,4/28/2025,4/30/2025,1863846,Nguyen Van Giang,2
RENT_HCM_01406,92A-672.48,Ford,EcoSport,3/28/2026,3/30/2026,2253072,Tran Thi Hoa,0
RENT_HCM_01407,50G-877.98,Hyundai,i10,3/11/2024,3/12/2024,992044,Nguyen Van Minh,0
RENT_HCM_01408,89G-388.88,Hyundai,Accent,7/25/2024,7/27/2024,1966618,Tran Thi Oanh,0
RENT_HCM_01409,41C-516.21,Hyundai,i10,10/13/2024,10/20/2024,4088525,Nguyen Van Linh,0
RENT_HCM_01410,39H-562.25,Ford,EcoSport,1/5/2022,1/8/2022,2964420,Le Van Minh,1
RENT_HCM_01411,66G-320.55,Kia,Soluto,8/18/2026,8/20/2026,2233498,Hoang Van Em,2
RENT_HCM_01412,48B-706.17,Toyota,Camry,11/1/2023,11/5/2023,4586780,Le Van Linh,1
RENT_HCM_01413,21K-767.03,Hyundai,i10,8/30/2026,9/3/2026,3145912,Nguyen Van Cuong,2
RENT_HCM_01414,92D-335.06,Toyota,Camry,3/10/2024,3/12/2024,2152146,Dang Thi Phong,0
RENT_HCM_01415,95E-747.86,Mazda,CX-5,12/25/2023,12/30/2023,5601785,Tran Thi Binh,0
RENT_HCM_01416,14G-415.24,Hyundai,i10,3/10/2024,3/13/2024,2955483,Nguyen Van Oanh,0
RENT_HCM_01417,64F-676.74,Hyundai,Accent,3/19/2025,3/20/2025,1066349,Hoang Van Khoa,0
RENT_HCM_01418,73A-575.16,Ford,Ranger,6/10/2026,6/15/2026,3695720,Bui Thi An,1
RENT_HCM_01419,40B-456.25,Hyundai,i10,10/16/2024,10/21/2024,2882615,Nguyen Van Hoa,2
RENT_HCM_01420,91B-105.47,Toyota,Innova,7/6/2026,7/13/2026,7314279,Do Thi Khoa,3
RENT_HCM_01421,12E-196.98,Ford,EcoSport,1/6/2023,1/10/2023,3743040,Bui Thi Binh,1
RENT_HCM_01422,39H-896.77,Toyota,Vios,2/12/2023,2/15/2023,2447376,Do Thi Khoa,0
RENT_HCM_01423,32D-394.35,Toyota,Vios,8/30/2022,9/3/2022,3274156,Nguyen Van Minh,0
RENT_HCM_01424,13E-299.60,Honda,CR-V,3/13/2025,3/15/2025,895116,Le Van Binh,1
RENT_HCM_01425,26E-180.53,Hyundai,Accent,1/21/2021,1/22/2021,899688,Ngo Van An,1
RENT_HCM_01426,32K-304.31,Kia,Morning,4/27/2023,4/28/2023,410957,Le Van Minh,2
RENT_HCM_01427,36D-337.43,Vinfast,Lux A2.0,4/18/2024,4/25/2024,4560948,Do Thi An,3
RENT_HCM_01428,55K-383.25,Mazda,3,11/13/2023,11/20/2023,3448872,Pham Thi Phuc,2
RENT_HCM_01429,40A-169.95,Toyota,Vios,9/10/2023,9/17/2023,5678204,Le Van Khoa,2
RENT_HCM_01430,18H-105.04,Hyundai,i10,1/27/2024,1/30/2024,2493714,Pham Thi Phong,0
RENT_HCM_01431,36D-337.43,Vinfast,Lux A2.0,6/27/2026,6/28/2026,1003141,Bui Thi An,1
RENT_HCM_01432,76H-418.80,Hyundai,Accent,2/23/2021,2/25/2021,1451726,Tran Thi Minh,0
RENT_HCM_01433,95H-477.98,Kia,Seltos,1/6/2023,1/11/2023,3081580,Do Thi Minh,2
RENT_HCM_01434,23D-400.10,Kia,Morning,2/20/2021,2/26/2021,5432118,Do Thi Phuc,1
RENT_HCM_01435,47B-414.62,Honda,City,10/6/2021,10/11/2021,4364855,Bui Thi Minh,0
RENT_HCM_01436,15F-595.30,Honda,City,10/7/2022,10/12/2022,2109260,Hoang Van Quyen,1
RENT_HCM_01437,43G-993.34,Kia,Soluto,10/7/2023,10/9/2023,1929162,Hoang Van Oanh,0
RENT_HCM_01438,77F-485.44,Hyundai,i10,4/1/2021,4/6/2021,5324055,Hoang Van Minh,1
RENT_HCM_01439,11C-738.22,Vinfast,Fadil,2/27/2024,3/1/2024,3217155,Vu Van Giang,1
RENT_HCM_01440,39A-767.06,Honda,CR-V,3/8/2022,3/9/2022,788958,Nguyen Van Dung,0
RENT_HCM_01441,38G-667.86,Mazda,3,6/4/2023,6/6/2023,2032768,Do Thi Binh,0
RENT_HCM_01442,38E-944.15,Mazda,3,1/19/2023,1/21/2023,1124590,Vu Van Giang,0
RENT_HCM_01443,91B-105.47,Toyota,Innova,7/30/2026,8/2/2026,2739762,Pham Thi Hoa,0
RENT_HCM_01444,32K-304.31,Kia,Morning,7/1/2022,7/3/2022,1079772,Nguyen Van Oanh,1
RENT_HCM_01445,72G-969.58,Toyota,Vios,5/23/2026,5/28/2026,4723510,Nguyen Van Minh,1
RENT_HCM_01446,48B-706.17,Toyota,Camry,7/3/2024,7/4/2024,570272,Ngo Van Oanh,0
RENT_HCM_01447,30D-278.73,Hyundai,Accent,2/21/2024,2/25/2024,1874912,Tran Thi Nam,0
RENT_HCM_01448,83B-797.49,Mazda,3,7/12/2025,7/18/2025,5099052,Hoang Van Hoa,0
RENT_HCM_01449,22G-155.46,Hyundai,i10,9/3/2026,9/7/2026,4208720,Tran Thi Dung,1
RENT_HCM_01450,24E-955.46,Toyota,Vios,7/24/2025,7/27/2025,2486766,Ngo Van Khoa,0
RENT_HCM_01451,39H-457.60,Hyundai,Grand i10,3/16/2024,3/23/2024,5178670,Dang Thi Khoa,0
RENT_HCM_01452,23C-148.49,Hyundai,i10,10/30/2025,11/1/2025,829476,Do Thi Binh,1
RENT_HCM_01453,68D-390.90,Kia,Morning,5/26/2025,5/30/2025,3569172,Pham Thi Dung,1
RENT_HCM_01454,40H-661.06,Mazda,3,3/14/2022,3/16/2022,1753218,Dang Thi Cuong,0
RENT_HCM_01455,40H-661.06,Mazda,3,3/22/2025,3/29/2025,7891590,Bui Thi Phuc,0
RENT_HCM_01456,27G-984.07,Ford,Ranger,7/16/2022,7/18/2022,1609282,Dang Thi Minh,2
RENT_HCM_01457,90F-168.01,Toyota,Vios,2/17/2022,2/20/2022,1713741,Le Van Hoa,0
RENT_HCM_01458,82E-939.56,Hyundai,Accent,9/23/2026,9/24/2026,708470,Nguyen Van Phuc,0
RENT_HCM_01459,39H-996.40,Honda,CR-V,7/17/2022,7/21/2022,2655048,Nguyen Van Linh,0
RENT_HCM_01460,66G-887.42,Vinfast,Lux A2.0,4/19/2024,4/25/2024,4517520,Hoang Van Oanh,1
RENT_HCM_01461,28A-321.73,Hyundai,Accent,4/2/2023,4/8/2023,3573936,Le Van Binh,1
RENT_HCM_01462,15C-124.07,Toyota,Innova,12/7/2024,12/12/2024,2033525,Ngo Van Nam,2
RENT_HCM_01463,74A-942.98,Hyundai,Accent,7/28/2022,7/31/2022,2632725,Nguyen Van Phuc,0
RENT_HCM_01464,28B-288.64,Hyundai,Accent,11/21/2022,11/25/2022,3501136,Ngo Van Em,0
RENT_HCM_01465,98B-587.88,Vinfast,Fadil,1/22/2021,1/27/2021,4238475,Dang Thi Dung,0
RENT_HCM_01466,38C-142.53,Hyundai,i10,2/16/2023,2/21/2023,2145260,Hoang Van An,2
RENT_HCM_01467,27H-701.29,Toyota,Camry,1/25/2026,1/28/2026,2937243,Le Van Em,1
RENT_HCM_01468,24A-237.02,Hyundai,Accent,10/19/2025,10/24/2025,4207310,Nguyen Van An,0
RENT_HCM_01469,13H-835.85,Ford,EcoSport,2/24/2024,2/26/2024,1782966,Tran Thi Nam,0
RENT_HCM_01470,85H-903.18,Kia,Morning,8/6/2021,8/11/2021,3040805,Ngo Van Cuong,0
RENT_HCM_01471,87B-373.03,Honda,City,3/13/2021,3/14/2021,726795,Ngo Van An,1
RENT_HCM_01472,28D-108.89,Hyundai,i10,6/18/2023,6/24/2023,3052440,Vu Van Cuong,0
RENT_HCM_01473,49F-678.30,Vinfast,Lux A2.0,5/25/2026,5/27/2026,814596,Ngo Van Oanh,0
RENT_HCM_01474,32F-733.46,Toyota,Vios,11/30/2022,12/5/2022,2083700,Do Thi Linh,2
RENT_HCM_01475,27H-701.29,Toyota,Camry,6/28/2022,7/4/2022,7104612,Pham Thi Dung,0
RENT_HCM_01476,38C-142.53,Hyundai,i10,3/28/2023,4/3/2023,5561622,Dang Thi Phong,0
RENT_HCM_01477,22B-585.78,Ford,EcoSport,12/1/2021,12/5/2021,3975852,Tran Thi Dung,0
RENT_HCM_01478,22E-897.25,Mazda,CX-5,12/5/2023,12/12/2023,5364268,Le Van Quyen,2
RENT_HCM_01479,84G-796.42,Kia,Morning,6/12/2025,6/15/2025,2450079,Nguyen Van Phuc,1
RENT_HCM_01480,34K-392.12,Kia,Morning,8/7/2023,8/13/2023,3411894,Dang Thi Giang,0
RENT_HCM_01481,36K-772.94,Ford,EcoSport,5/30/2023,6/4/2023,2719955,Bui Thi An,1
RENT_HCM_01482,30F-808.46,Toyota,Camry,4/28/2023,5/4/2023,4781724,Nguyen Van Khoa,1
RENT_HCM_01483,18E-187.25,Mazda,3,7/22/2022,7/23/2022,632860,Bui Thi Linh,1
RENT_HCM_01484,39A-767.06,Honda,CR-V,8/7/2026,8/11/2026,4372576,Nguyen Van Quyen,0
RENT_HCM_01485,31A-995.79,Mazda,3,7/18/2026,7/21/2026,2713119,Dang Thi An,1
RENT_HCM_01486,42H-912.12,Toyota,Innova,4/10/2022,4/16/2022,6238026,Do Thi Nam,1
RENT_HCM_01487,18C-484.21,Ford,Ranger,4/22/2026,4/24/2026,1504680,Hoang Van Nam,0
RENT_HCM_01488,69D-543.35,Honda,City,5/31/2024,6/3/2024,2361081,Nguyen Van Khoa,2
RENT_HCM_01489,66G-320.55,Kia,Soluto,11/4/2022,11/5/2022,690793,Pham Thi Khoa,1
RENT_HCM_01490,23G-543.44,Hyundai,i10,10/1/2024,10/4/2024,1228644,Vu Van Binh,0
RENT_HCM_01491,99C-732.83,Ford,EcoSport,4/4/2022,4/7/2022,1473729,Ngo Van Em,0
RENT_HCM_01492,95H-477.98,Kia,Seltos,2/2/2023,2/6/2023,1764964,Pham Thi Linh,1
RENT_HCM_01493,93D-583.18,Hyundai,Accent,7/10/2025,7/11/2025,1172518,Bui Thi Giang,0
RENT_HCM_01494,94E-578.12,Hyundai,i10,5/7/2021,5/12/2021,5744530,Pham Thi Quyen,3
RENT_HCM_01495,30E-325.25,Kia,Morning,7/23/2022,7/27/2022,2977588,Hoang Van Khoa,1
RENT_HCM_01496,57C-660.60,Toyota,Vios,1/16/2026,1/21/2026,5456255,Ngo Van Linh,0
RENT_HCM_01497,37F-841.13,Kia,Morning,8/20/2025,8/27/2025,5706568,Bui Thi Oanh,1
RENT_HCM_01498,47E-150.60,Kia,Seltos,9/17/2024,9/18/2024,470450,Ngo Van An,0
RENT_HCM_01499,43G-780.01,Kia,Morning,4/13/2026,4/14/2026,1198848,Do Thi Khoa,2
RENT_HCM_01500,90D-598.73,Toyota,Innova,8/22/2021,8/26/2021,2369484,Le Van Phuc,1
RENT_HCM_01501,59B-706.42,Toyota,Vios,10/17/2023,10/18/2023,419881,Do Thi Oanh,0
RENT_HCM_01502,30E-325.25,Kia,Morning,8/20/2022,8/21/2022,1074475,Le Van Oanh,0
RENT_HCM_01503,83B-797.49,Mazda,3,6/6/2022,6/11/2022,5974655,Pham Thi Cuong,0
RENT_HCM_01504,72D-907.40,Hyundai,i10,9/20/2026,9/27/2026,3348443,Dang Thi Giang,1
RENT_HCM_01505,77C-616.68,Toyota,Camry,9/27/2023,9/29/2023,1988538,Pham Thi Minh,0
RENT_HCM_01506,76B-763.75,Honda,City,1/19/2026,1/25/2026,5668320,Hoang Van Dung,2
RENT_HCM_01507,21A-335.92,Vinfast,Fadil,3/14/2021,3/18/2021,2891012,Nguyen Van Khoa,0
RENT_HCM_01508,31A-995.79,Mazda,3,1/17/2022,1/24/2022,5516567,Do Thi Quyen,0
RENT_HCM_01509,39H-996.40,Honda,CR-V,8/2/2026,8/8/2026,6864744,Bui Thi Nam,0
RENT_HCM_01510,80H-858.85,Ford,Ranger,6/8/2022,6/9/2022,966976,Nguyen Van Phuc,1
RENT_HCM_01511,27B-423.19,Hyundai,Grand i10,6/11/2022,6/14/2022,3080757,Le Van An,0
RENT_HCM_01512,30D-278.73,Hyundai,Accent,6/11/2022,6/12/2022,424477,Pham Thi Cuong,2
RENT_HCM_01513,21G-202.34,Honda,City,5/21/2021,5/26/2021,5374690,Le Van Dung,2
RENT_HCM_01514,91G-764.50,Toyota,Vios,11/20/2022,11/26/2022,5201274,Nguyen Van Oanh,1
RENT_HCM_01515,72K-221.19,Toyota,Innova,9/13/2024,9/16/2024,3156717,Ngo Van Giang,1
RENT_HCM_01516,30K-166.87,Hyundai,Accent,10/30/2021,11/4/2021,5671785,Nguyen Van Dung,0
RENT_HCM_01517,69D-543.35,Honda,City,7/21/2026,7/23/2026,1543452,Do Thi Linh,0
RENT_HCM_01518,96B-415.49,Mazda,3,3/7/2026,3/9/2026,2149462,Pham Thi Dung,0
RENT_HCM_01519,82E-939.56,Hyundai,Accent,6/3/2021,6/4/2021,593796,Pham Thi An,0
RENT_HCM_01520,49E-348.68,Kia,Soluto,9/2/2023,9/8/2023,4499166,Ngo Van Cuong,0
RENT_HCM_01521,62A-523.15,Honda,CR-V,4/12/2021,4/15/2021,3173865,Vu Van Oanh,0
RENT_HCM_01522,90B-179.51,Vinfast,Fadil,3/17/2025,3/21/2025,2466404,Dang Thi An,1
RENT_HCM_01523,31A-995.79,Mazda,3,4/17/2023,4/19/2023,2250648,Pham Thi An,3
RENT_HCM_01524,31F-834.71,Hyundai,Grand i10,9/27/2021,10/1/2021,4555956,Le Van Linh,3
RENT_HCM_01525,34H-793.09,Mazda,CX-5,6/2/2025,6/6/2025,4461812,Dang Thi Binh,0
RENT_HCM_01526,80K-657.71,Toyota,Innova,9/27/2022,9/28/2022,437902,Nguyen Van Giang,1
RENT_HCM_01527,42H-912.12,Toyota,Innova,9/17/2026,9/21/2026,4304604,Hoang Van Binh,2
RENT_HCM_01528,69D-543.35,Honda,City,4/26/2021,5/1/2021,3121470,Nguyen Van Giang,0
RENT_HCM_01529,85C-925.94,Hyundai,Grand i10,10/27/2023,10/29/2023,819492,Hoang Van Minh,1
RENT_HCM_01530,90B-179.51,Vinfast,Fadil,7/27/2021,7/30/2021,3589572,Nguyen Van Hoa,0
RENT_HCM_01531,90F-168.01,Toyota,Vios,8/13/2021,8/19/2021,6424050,Tran Thi Minh,0
RENT_HCM_01532,66G-320.55,Kia,Soluto,12/31/2023,1/5/2024,4549895,Do Thi Phuc,0
RENT_HCM_01533,16K-690.45,Vinfast,Lux A2.0,10/26/2021,11/1/2021,2646018,Ngo Van Binh,0
RENT_HCM_01534,15C-124.07,Toyota,Innova,4/10/2024,4/14/2024,1708128,Pham Thi Em,0
RENT_HCM_01535,87K-428.26,Honda,CR-V,9/13/2023,9/15/2023,946814,Tran Thi Linh,0
RENT_HCM_01536,13C-595.73,Vinfast,Lux A2.0,11/13/2022,11/16/2022,2497734,Le Van Giang,0
RENT_HCM_01537,49C-168.30,Vinfast,Fadil,3/4/2021,3/9/2021,4134855,Vu Van Em,0
RENT_HCM_01538,16B-618.82,Hyundai,Grand i10,1/27/2021,2/2/2021,3508560,Pham Thi Giang,3
RENT_HCM_01539,31F-834.71,Hyundai,Grand i10,4/3/2023,4/6/2023,2452410,Bui Thi Nam,1
RENT_HCM_01540,23C-148.49,Hyundai,i10,1/6/2024,1/8/2024,1184676,Do Thi Quyen,1
RENT_HCM_01541,14G-415.24,Hyundai,i10,7/19/2021,7/22/2021,3444792,Le Van Phuc,0
RENT_HCM_01542,32D-394.35,Toyota,Vios,6/27/2025,7/2/2025,5148455,Le Van Nam,1
RENT_HCM_01543,96H-976.38,Hyundai,i10,6/23/2022,6/25/2022,1058522,Hoang Van Hoa,0
RENT_HCM_01544,72K-221.19,Toyota,Innova,7/24/2025,7/31/2025,8397907,Hoang Van Linh,1
RENT_HCM_01545,43G-780.01,Kia,Morning,6/23/2026,6/30/2026,5662839,Do Thi Quyen,1
RENT_HCM_01546,83F-155.85,Vinfast,Fadil,7/27/2023,7/29/2023,894412,Dang Thi Hoa,2
RENT_HCM_01547,68K-951.28,Hyundai,i10,12/7/2024,12/14/2024,4723754,Le Van Nam,0
RENT_HCM_01548,30F-808.46,Toyota,Camry,3/4/2024,3/7/2024,2615070,Tran Thi Dung,1
RENT_HCM_01549,50D-378.78,Vinfast,Lux A2.0,6/3/2023,6/9/2023,3514878,Vu Van Cuong,1
RENT_HCM_01550,28B-378.39,Toyota,Innova,2/20/2023,2/24/2023,3456584,Le Van Binh,1
RENT_HCM_01551,26E-180.53,Hyundai,Accent,5/28/2021,6/1/2021,2642324,Hoang Van An,0
RENT_HCM_01552,95E-747.86,Mazda,CX-5,6/29/2021,7/1/2021,2250228,Le Van Linh,0
RENT_HCM_01553,37E-977.04,Mazda,3,2/22/2021,2/26/2021,4789824,Bui Thi Linh,1
RENT_HCM_01554,68A-105.33,Toyota,Innova,4/18/2022,4/25/2022,3921701,Nguyen Van Dung,2
RENT_HCM_01555,56B-609.78,Honda,CR-V,1/13/2024,1/15/2024,1214570,Vu Van Dung,0
RENT_HCM_01556,66F-164.86,Kia,Soluto,6/22/2023,6/28/2023,3738336,Vu Van Oanh,2
RENT_HCM_01557,43G-780.01,Kia,Morning,4/9/2024,4/16/2024,4868514,Tran Thi Linh,1
RENT_HCM_01558,36F-989.46,Mazda,3,3/16/2023,3/18/2023,1460204,Vu Van Minh,1
RENT_HCM_01559,84G-796.42,Kia,Morning,12/29/2024,1/3/2025,4335750,Hoang Van Giang,0
RENT_HCM_01560,45C-524.00,Toyota,Camry,6/3/2022,6/9/2022,4093038,Ngo Van Phong,0
RENT_HCM_01561,32F-733.46,Toyota,Vios,8/9/2025,8/13/2025,3190176,Hoang Van Hoa,2
RENT_HCM_01562,94D-176.27,Ford,Ranger,6/1/2026,6/3/2026,1857650,Ngo Van Linh,1
RENT_HCM_01563,27B-423.19,Hyundai,Grand i10,3/19/2025,3/21/2025,2294486,Do Thi Linh,2
RENT_HCM_01564,96D-497.47,Hyundai,i10,4/13/2026,4/16/2026,1802757,Do Thi Quyen,0
RENT_HCM_01565,33F-566.78,Toyota,Vios,11/29/2023,12/5/2023,2499840,Dang Thi Giang,1
RENT_HCM_01566,52B-953.14,Kia,Soluto,1/6/2025,1/13/2025,6158754,Nguyen Van Dung,2
RENT_HCM_01567,87B-430.99,Honda,City,6/6/2021,6/9/2021,3475878,Pham Thi Minh,0
RENT_HCM_01568,20K-624.55,Mazda,3,8/9/2022,8/11/2022,1970372,Do Thi Linh,1
RENT_HCM_01569,94E-578.12,Hyundai,i10,4/18/2021,4/19/2021,1032277,Tran Thi Quyen,1
RENT_HCM_01570,25D-448.59,Vinfast,Lux A2.0,11/30/2023,12/5/2023,3632665,Le Van Phuc,0
RENT_HCM_01571,92D-335.06,Toyota,Camry,1/13/2022,1/14/2022,617704,Do Thi Phong,1
RENT_HCM_01572,63E-560.78,Kia,Morning,9/13/2021,9/19/2021,4351752,Le Van Cuong,1
RENT_HCM_01573,68C-733.66,Hyundai,Accent,10/11/2021,10/16/2021,3523080,Nguyen Van Phuc,0
RENT_HCM_01574,38G-667.86,Mazda,3,3/23/2025,3/26/2025,2645835,Ngo Van Cuong,1
RENT_HCM_01575,12E-196.98,Ford,EcoSport,6/29/2022,7/3/2022,4788948,Hoang Van Phong,0
RENT_HCM_01576,77A-503.91,Mazda,3,3/13/2026,3/20/2026,8259867,Ngo Van Oanh,0
RENT_HCM_01577,54G-335.06,Honda,CR-V,3/4/2023,3/10/2023,3649734,Dang Thi Nam,2
RENT_HCM_01578,11H-964.02,Ford,Ranger,6/6/2026,6/10/2026,2699152,Bui Thi Binh,1
RENT_HCM_01579,99C-732.83,Ford,EcoSport,1/28/2024,1/29/2024,419123,Tran Thi Binh,2
RENT_HCM_01580,86G-330.15,Toyota,Vios,5/2/2022,5/8/2022,6437016,Pham Thi Cuong,0
RENT_HCM_01581,46C-855.60,Vinfast,Fadil,5/14/2024,5/17/2024,3318885,Nguyen Van Quyen,0
RENT_HCM_01582,51G-626.30,Vinfast,Lux A2.0,2/26/2025,3/4/2025,4752240,Ngo Van Linh,1
RENT_HCM_01583,86B-468.95,Toyota,Camry,5/28/2025,6/3/2025,4007058,Ngo Van Em,0
RENT_HCM_01584,87B-650.29,Toyota,Camry,1/6/2023,1/13/2023,6139966,Le Van Nam,0
RENT_HCM_01585,28A-321.73,Hyundai,Accent,1/6/2025,1/11/2025,5369415,Pham Thi Linh,1
RENT_HCM_01586,95E-747.86,Mazda,CX-5,1/25/2024,1/30/2024,2390820,Vu Van Khoa,0
RENT_HCM_01587,15F-595.30,Honda,City,5/17/2021,5/20/2021,1997247,Bui Thi Binh,0
RENT_HCM_01588,25A-321.29,Toyota,Innova,11/29/2023,12/2/2023,2387742,Nguyen Van Phong,0
RENT_HCM_01589,74H-842.20,Kia,Morning,4/9/2024,4/13/2024,3657372,Hoang Van Giang,0
RENT_HCM_01590,66F-164.86,Kia,Soluto,8/29/2026,9/3/2026,2341985,Hoang Van Binh,1
RENT_HCM_01591,86G-330.15,Toyota,Vios,1/12/2026,1/18/2026,3193368,Dang Thi Nam,1
RENT_HCM_01592,14G-415.24,Hyundai,i10,11/24/2021,12/1/2021,7102263,Dang Thi Khoa,1
RENT_HCM_01593,43G-993.34,Kia,Soluto,9/26/2021,10/1/2021,2197765,Ngo Van Hoa,0
RENT_HCM_01594,18H-105.04,Hyundai,i10,1/8/2025,1/12/2025,1852552,Pham Thi Quyen,0
RENT_HCM_01595,40A-169.95,Toyota,Vios,10/6/2022,10/8/2022,1528894,Hoang Van Dung,2
RENT_HCM_01596,95E-747.86,Mazda,CX-5,10/10/2023,10/14/2023,2553908,Hoang Van Em,0
RENT_HCM_01597,96E-688.41,Toyota,Innova,2/7/2023,2/10/2023,2921283,Vu Van Phuc,0
RENT_HCM_01598,30E-325.25,Kia,Morning,12/16/2021,12/22/2021,6169926,Tran Thi Dung,0
RENT_HCM_01599,69D-543.35,Honda,City,5/17/2022,5/24/2022,7924595,Le Van Nam,0
RENT_HCM_01600,99C-732.83,Ford,EcoSport,12/7/2025,12/11/2025,2339108,Hoang Van Dung,1
RENT_HCM_01601,62H-628.28,Toyota,Camry,5/19/2025,5/26/2025,7363118,Le Van Cuong,0
RENT_HCM_01602,30E-325.25,Kia,Morning,5/13/2026,5/14/2026,972921,Nguyen Van Nam,1
RENT_HCM_01603,91H-439.88,Mazda,CX-5,1/21/2021,1/23/2021,2226466,Le Van Linh,0
RENT_HCM_01604,47B-414.62,Honda,City,1/17/2026,1/22/2026,3036700,Dang Thi Giang,0
RENT_HCM_01605,64C-859.87,Toyota,Vios,11/26/2021,11/28/2021,847618,Bui Thi Dung,0
RENT_HCM_01606,19K-348.27,Hyundai,i10,12/16/2023,12/20/2023,1694576,Pham Thi Phuc,0
RENT_HCM_01607,34K-392.12,Kia,Morning,2/21/2021,2/28/2021,8157254,Vu Van Dung,1
RENT_HCM_01608,80K-657.71,Toyota,Innova,7/14/2023,7/20/2023,5869092,Ngo Van Oanh,1
RENT_HCM_01609,24E-955.46,Toyota,Vios,7/23/2023,7/28/2023,4819195,Pham Thi An,1
RENT_HCM_01610,39H-896.77,Toyota,Vios,10/27/2022,10/31/2022,2401768,Do Thi Em,2
RENT_HCM_01611,77C-616.68,Toyota,Camry,11/26/2023,12/3/2023,6832378,Vu Van Quyen,1
RENT_HCM_01612,33F-566.78,Toyota,Vios,8/22/2025,8/27/2025,4434225,Hoang Van Khoa,0
RENT_HCM_01613,34K-392.12,Kia,Morning,5/30/2022,6/5/2022,4604598,Pham Thi Cuong,1
RENT_HCM_01614,12E-196.98,Ford,EcoSport,2/25/2025,2/26/2025,550692,Pham Thi Phuc,2
RENT_HCM_01615,62H-628.28,Toyota,Camry,5/24/2021,5/25/2021,517234,Do Thi Minh,1
RENT_HCM_01616,15C-124.07,Toyota,Innova,10/12/2023,10/19/2023,5079319,Hoang Van Nam,0
RENT_HCM_01617,16K-535.88,Kia,Soluto,5/26/2024,5/30/2024,2593928,Dang Thi Phuc,0
RENT_HCM_01618,39A-767.06,Honda,CR-V,3/3/2023,3/10/2023,3593625,Dang Thi Oanh,2
RENT_HCM_01619,81H-361.56,Vinfast,Lux A2.0,10/4/2021,10/10/2021,4764678,Pham Thi Khoa,1
RENT_HCM_01620,92A-672.48,Ford,EcoSport,11/17/2024,11/23/2024,2461272,Le Van Quyen,0
RENT_HCM_01621,81A-639.94,Honda,City,9/8/2025,9/15/2025,4822972,Pham Thi Giang,1
RENT_HCM_01622,14B-920.02,Toyota,Vios,12/29/2025,1/3/2026,4448220,Le Van Hoa,0
RENT_HCM_01623,95C-492.50,Toyota,Innova,9/5/2021,9/6/2021,576586,Do Thi Quyen,0
RENT_HCM_01624,99E-453.66,Kia,Soluto,4/17/2021,4/22/2021,2684890,Do Thi Giang,2
RENT_HCM_01625,85C-925.94,Hyundai,Grand i10,10/7/2021,10/14/2021,7348285,Le Van Khoa,1
RENT_HCM_01626,47D-840.33,Kia,Morning,1/24/2023,1/30/2023,5678784,Nguyen Van Dung,0
RENT_HCM_01627,76K-194.55,Toyota,Innova,4/27/2023,4/30/2023,2233245,Nguyen Van Nam,3
RENT_HCM_01628,69F-764.42,Mazda,CX-5,4/2/2025,4/7/2025,3821580,Hoang Van Hoa,0
RENT_HCM_01629,68A-105.33,Toyota,Innova,2/13/2024,2/20/2024,5486684,Hoang Van Minh,3
RENT_HCM_01630,32F-733.46,Toyota,Vios,1/26/2023,1/29/2023,2677245,Do Thi Minh,0
RENT_HCM_01631,74D-805.08,Hyundai,Accent,12/18/2023,12/23/2023,4564625,Ngo Van Oanh,0
RENT_HCM_01632,66G-320.55,Kia,Soluto,7/9/2025,7/12/2025,2015184,Dang Thi Giang,3
RENT_HCM_01633,63E-560.78,Kia,Morning,8/1/2023,8/8/2023,6694541,Bui Thi Khoa,2
RENT_HCM_01634,68A-105.33,Toyota,Innova,8/28/2021,9/4/2021,3946789,Le Van Cuong,1
RENT_HCM_01635,49C-168.30,Vinfast,Fadil,8/11/2022,8/15/2022,1774532,Pham Thi Linh,0
RENT_HCM_01636,13H-835.85,Ford,EcoSport,4/8/2026,4/11/2026,1626927,Nguyen Van Minh,0
RENT_HCM_01637,90D-598.73,Toyota,Innova,4/28/2023,5/5/2023,6765591,Nguyen Van Quyen,1
RENT_HCM_01638,64C-859.87,Toyota,Vios,3/18/2024,3/23/2024,3109860,Bui Thi Binh,1
RENT_HCM_01639,62K-469.95,Vinfast,Fadil,10/18/2021,10/25/2021,5357590,Dang Thi Dung,1
RENT_HCM_01640,77A-503.91,Mazda,3,10/9/2023,10/16/2023,3539851,Tran Thi Quyen,2
RENT_HCM_01641,74D-805.08,Hyundai,Accent,9/25/2021,9/27/2021,1435964,Tran Thi An,0
RENT_HCM_01642,37B-826.15,Kia,Soluto,9/19/2022,9/21/2022,1013978,Bui Thi Quyen,0
RENT_HCM_01643,96H-976.38,Hyundai,i10,1/5/2026,1/7/2026,1432226,Pham Thi Khoa,1
RENT_HCM_01644,86B-468.95,Toyota,Camry,7/9/2026,7/11/2026,1345082,Bui Thi Cuong,1
RENT_HCM_01645,76H-418.80,Hyundai,Accent,6/5/2022,6/11/2022,5967756,Ngo Van Quyen,0
RENT_HCM_01646,21K-767.03,Hyundai,i10,1/28/2025,2/2/2025,5687645,Pham Thi Dung,0
RENT_HCM_01647,32D-394.35,Toyota,Vios,8/3/2024,8/4/2024,590248,Nguyen Van Nam,0
RENT_HCM_01648,43K-499.70,Kia,Seltos,6/26/2026,7/2/2026,6195822,Vu Van Phong,1
RENT_HCM_01649,92A-672.48,Ford,EcoSport,4/25/2024,5/1/2024,5399142,Do Thi Cuong,0
RENT_HCM_01650,62B-172.41,Kia,Soluto,4/16/2021,4/17/2021,1018351,Nguyen Van Phuc,0
RENT_HCM_01651,11G-399.40,Kia,Morning,12/25/2025,1/1/2026,6530804,Dang Thi Nam,1
RENT_HCM_01652,45F-232.07,Vinfast,Lux A2.0,9/26/2026,10/1/2026,5511505,Pham Thi Quyen,0
RENT_HCM_01653,36D-337.43,Vinfast,Lux A2.0,2/19/2023,2/23/2023,3592308,Le Van Em,0
RENT_HCM_01654,95B-546.55,Hyundai,Accent,1/16/2025,1/22/2025,4732644,Nguyen Van An,2
RENT_HCM_01655,21G-202.34,Honda,City,4/1/2024,4/8/2024,5847044,Tran Thi Giang,1
RENT_HCM_01656,36F-989.46,Mazda,3,8/19/2021,8/25/2021,4037238,Nguyen Van Nam,1
RENT_HCM_01657,49D-328.28,Kia,Morning,8/25/2023,8/30/2023,4515560,Hoang Van Minh,0
RENT_HCM_01658,33F-566.78,Toyota,Vios,8/22/2021,8/29/2021,7728875,Dang Thi Phong,1
RENT_HCM_01659,18H-105.04,Hyundai,i10,12/27/2022,12/31/2022,4698160,Tran Thi An,2
RENT_HCM_01660,47B-414.62,Honda,City,5/24/2026,5/31/2026,6689655,Vu Van Phuc,2
RENT_HCM_01661,45C-524.00,Toyota,Camry,12/18/2023,12/20/2023,821786,Hoang Van Quyen,0
RENT_HCM_01662,36E-560.60,Toyota,Vios,5/8/2023,5/9/2023,1121974,Pham Thi Em,0
RENT_HCM_01663,39H-457.60,Hyundai,Grand i10,3/20/2025,3/21/2025,684536,Do Thi An,0
RENT_HCM_01664,21K-767.03,Hyundai,i10,11/23/2025,11/25/2025,805264,Bui Thi Nam,1
RENT_HCM_01665,37K-262.20,Mazda,3,3/20/2026,3/25/2026,5962495,Dang Thi Dung,0
RENT_HCM_01666,93F-865.25,Mazda,3,6/7/2023,6/13/2023,2710362,Nguyen Van Oanh,1
RENT_HCM_01667,24A-237.02,Hyundai,Accent,1/16/2023,1/21/2023,5843960,Do Thi Em,1
RENT_HCM_01668,68C-733.66,Hyundai,Accent,2/12/2025,2/15/2025,1863552,Dang Thi Em,3
RENT_HCM_01669,70D-192.58,Kia,Morning,6/3/2025,6/8/2025,3286890,Ngo Van Phong,2
RENT_HCM_01670,39A-767.06,Honda,CR-V,7/20/2026,7/26/2026,7038126,Nguyen Van Cuong,1
RENT_HCM_01671,22G-155.46,Hyundai,i10,1/23/2024,1/28/2024,2991460,Dang Thi Dung,0
RENT_HCM_01672,39H-562.25,Ford,EcoSport,10/12/2024,10/19/2024,6127905,Nguyen Van Minh,0
RENT_HCM_01673,39A-767.06,Honda,CR-V,6/9/2021,6/10/2021,462330,Le Van Phuc,0
RENT_HCM_01674,66F-164.86,Kia,Soluto,3/5/2023,3/10/2023,2092005,Do Thi Em,0
RENT_HCM_01675,62A-523.15,Honda,CR-V,7/7/2022,7/14/2022,4204585,Vu Van Binh,0
RENT_HCM_01676,85C-925.94,Hyundai,Grand i10,3/28/2023,3/31/2023,1348002,Le Van Giang,3
RENT_HCM_01677,33F-566.78,Toyota,Vios,10/7/2024,10/13/2024,3580902,Ngo Van Minh,2
RENT_HCM_01678,95E-747.86,Mazda,CX-5,3/18/2021,3/24/2021,3417936,Pham Thi Dung,1
RENT_HCM_01679,81H-361.56,Vinfast,Lux A2.0,11/3/2021,11/4/2021,518154,Tran Thi Quyen,2
RENT_HCM_01680,64C-859.87,Toyota,Vios,12/5/2024,12/9/2024,3780604,Nguyen Van Em,0
RENT_HCM_01681,31A-995.79,Mazda,3,12/8/2023,12/12/2023,4605492,Nguyen Van An,3
RENT_HCM_01682,20K-624.55,Mazda,3,10/28/2024,10/31/2024,1885647,Hoang Van Hoa,0
RENT_HCM_01683,30K-166.87,Hyundai,Accent,9/4/2026,9/5/2026,797487,Tran Thi Hoa,1
RENT_HCM_01684,82K-625.14,Honda,City,4/16/2024,4/21/2024,4126605,Bui Thi Oanh,0
RENT_HCM_01685,25D-575.36,Hyundai,Accent,6/26/2022,6/28/2022,854392,Bui Thi Dung,0
RENT_HCM_01686,55K-383.25,Mazda,3,2/2/2021,2/6/2021,4726112,Ngo Van Hoa,3
RENT_HCM_01687,46C-855.60,Vinfast,Fadil,2/1/2024,2/2/2024,1126585,Le Van Khoa,0
RENT_HCM_01688,50D-378.78,Vinfast,Lux A2.0,10/31/2023,11/4/2023,3912380,Nguyen Van Giang,1
RENT_HCM_01689,38C-383.91,Ford,Ranger,7/31/2025,8/6/2025,7062744,Do Thi Cuong,1
RENT_HCM_01690,87B-430.99,Honda,City,8/6/2024,8/12/2024,4451520,Tran Thi Dung,0
RENT_HCM_01691,94G-517.12,Mazda,CX-5,2/19/2023,2/22/2023,3034545,Hoang Van Binh,1
RENT_HCM_01692,20K-624.55,Mazda,3,9/8/2021,9/9/2021,672121,Le Van Minh,2
RENT_HCM_01693,50G-118.24,Honda,CR-V,6/14/2025,6/17/2025,1256745,Hoang Van Phuc,1
RENT_HCM_01694,91H-439.88,Mazda,CX-5,5/5/2024,5/7/2024,1451410,Ngo Van Oanh,0
RENT_HCM_01695,51G-626.30,Vinfast,Lux A2.0,4/25/2026,5/2/2026,5945891,Do Thi Em,1
RENT_HCM_01696,86C-265.81,Ford,Ranger,6/11/2023,6/12/2023,556034,Nguyen Van Khoa,1
RENT_HCM_01697,42D-602.47,Honda,City,11/8/2025,11/9/2025,663655,Nguyen Van Em,2
RENT_HCM_01698,35G-898.00,Vinfast,Fadil,3/27/2026,3/30/2026,2227374,Nguyen Van Em,2
RENT_HCM_01699,22B-585.78,Ford,EcoSport,6/5/2026,6/8/2026,1339596,Pham Thi Phuc,0
RENT_HCM_01700,51G-626.30,Vinfast,Lux A2.0,4/20/2021,4/22/2021,843256,Hoang Van Dung,1
RENT_HCM_01701,27H-701.29,Toyota,Camry,7/14/2022,7/16/2022,2189584,Bui Thi Phuc,0
RENT_HCM_01702,77C-616.68,Toyota,Camry,11/10/2022,11/14/2022,3440104,Dang Thi Khoa,1
RENT_HCM_01703,34H-793.09,Mazda,CX-5,9/18/2023,9/20/2023,1975664,Dang Thi Oanh,3
RENT_HCM_01704,32C-510.80,Hyundai,Grand i10,1/18/2022,1/20/2022,1043480,Dang Thi Quyen,2
RENT_HCM_01705,33F-566.78,Toyota,Vios,11/2/2023,11/5/2023,2725149,Le Van Phong,1
RENT_HCM_01706,83F-155.85,Vinfast,Fadil,4/21/2022,4/28/2022,7207207,Pham Thi Khoa,1
RENT_HCM_01707,64K-177.33,Vinfast,Lux A2.0,6/3/2025,6/10/2025,3137757,Le Van Quyen,2
RENT_HCM_01708,36F-989.46,Mazda,3,7/18/2023,7/19/2023,669494,Le Van Khoa,1
RENT_HCM_01709,90B-179.51,Vinfast,Fadil,10/18/2024,10/25/2024,3994508,Tran Thi Minh,2
RENT_HCM_01710,80G-716.32,Kia,Soluto,1/3/2023,1/10/2023,7338373,Tran Thi Em,0
RENT_HCM_01711,85E-378.37,Ford,Ranger,3/21/2022,3/28/2022,5149039,Nguyen Van Phong,0
RENT_HCM_01712,24A-243.28,Hyundai,Grand i10,11/20/2025,11/27/2025,3300913,Bui Thi Dung,2
RENT_HCM_01713,38C-383.91,Ford,Ranger,4/21/2023,4/22/2023,730378,Pham Thi Linh,0
RENT_HCM_01714,96H-976.38,Hyundai,i10,11/17/2023,11/20/2023,3097506,Le Van Quyen,0
RENT_HCM_01715,94D-176.27,Ford,Ranger,9/6/2021,9/7/2021,672179,Bui Thi Binh,0
RENT_HCM_01716,72K-221.19,Toyota,Innova,1/14/2023,1/15/2023,1133862,Bui Thi Giang,0
RENT_HCM_01717,96D-838.67,Vinfast,Lux A2.0,2/13/2024,2/17/2024,2497048,Hoang Van Quyen,1
RENT_HCM_01718,87C-525.97,Ford,Ranger,12/24/2025,12/26/2025,1027934,Tran Thi An,0
RENT_HCM_01719,77F-485.44,Hyundai,i10,2/29/2024,3/3/2024,1345536,Nguyen Van Quyen,0
RENT_HCM_01720,77B-234.63,Mazda,3,6/23/2021,6/26/2021,1864743,Pham Thi Quyen,1
RENT_HCM_01721,11C-319.16,Toyota,Innova,5/12/2025,5/17/2025,5065195,Pham Thi Em,1
RENT_HCM_01722,64C-859.87,Toyota,Vios,11/9/2021,11/11/2021,823008,Ngo Van An,2
RENT_HCM_01723,87K-428.26,Honda,CR-V,1/5/2023,1/12/2023,5453490,Hoang Van Nam,0
RENT_HCM_01724,87C-525.97,Ford,Ranger,3/21/2023,3/24/2023,3277626,Do Thi Khoa,1
RENT_HCM_01725,82K-162.58,Mazda,CX-5,8/27/2021,8/31/2021,3531044,Tran Thi Oanh,0
RENT_HCM_01726,74A-942.98,Hyundai,Accent,6/3/2023,6/7/2023,3547444,Bui Thi An,3
RENT_HCM_01727,16B-618.82,Hyundai,Grand i10,5/31/2022,6/3/2022,2549763,Bui Thi Cuong,0
RENT_HCM_01728,86G-330.15,Toyota,Vios,4/5/2025,4/6/2025,637657,Le Van Binh,2
RENT_HCM_01729,39A-767.06,Honda,CR-V,8/28/2023,9/1/2023,3422312,Do Thi Giang,1
RENT_HCM_01730,96H-976.38,Hyundai,i10,10/26/2022,10/29/2022,1517688,Dang Thi Em,1
RENT_HCM_01731,28B-378.39,Toyota,Innova,10/20/2023,10/24/2023,1736532,Hoang Van Hoa,1
RENT_HCM_01732,74H-842.20,Kia,Morning,6/15/2021,6/20/2021,5783150,Vu Van Linh,1
RENT_HCM_01733,26E-180.53,Hyundai,Accent,6/25/2022,6/30/2022,3580825,Tran Thi Oanh,0
RENT_HCM_01734,93D-583.18,Hyundai,Accent,9/27/2021,10/2/2021,2931745,Pham Thi Dung,0
RENT_HCM_01735,96E-688.41,Toyota,Innova,2/24/2022,2/25/2022,855977,Ngo Van Hoa,0
RENT_HCM_01736,26D-656.30,Honda,City,5/12/2026,5/15/2026,1911639,Dang Thi Minh,0
RENT_HCM_01737,28A-321.73,Hyundai,Accent,3/8/2024,3/12/2024,2211284,Dang Thi An,1
RENT_HCM_01738,92D-335.06,Toyota,Camry,7/11/2024,7/15/2024,3055104,Ngo Van Minh,0
RENT_HCM_01739,82E-939.56,Hyundai,Accent,8/5/2023,8/11/2023,5280258,Hoang Van Giang,0
RENT_HCM_01740,15C-124.07,Toyota,Innova,1/23/2023,1/30/2023,7696318,Tran Thi Quyen,0
RENT_HCM_01741,91B-105.47,Toyota,Innova,3/5/2024,3/8/2024,1218414,Tran Thi Minh,1
RENT_HCM_01742,27G-984.07,Ford,Ranger,12/9/2022,12/13/2022,3998292,Hoang Van Phuc,1
RENT_HCM_01743,77B-234.63,Mazda,3,3/15/2021,3/22/2021,6160364,Bui Thi Phuc,0
RENT_HCM_01744,80G-716.32,Kia,Soluto,8/7/2021,8/8/2021,910529,Vu Van Phong,1
RENT_HCM_01745,83B-797.49,Mazda,3,7/6/2022,7/7/2022,1164023,Ngo Van Hoa,0
RENT_HCM_01746,86G-330.15,Toyota,Vios,6/13/2026,6/17/2026,3565272,Nguyen Van Nam,2
RENT_HCM_01747,18C-484.21,Ford,Ranger,7/21/2026,7/23/2026,2172728,Bui Thi Giang,0
RENT_HCM_01748,20A-146.45,Honda,City,9/11/2023,9/18/2023,6046047,Ngo Van Oanh,0
RENT_HCM_01749,72C-183.23,Ford,Ranger,7/8/2023,7/11/2023,3154323,Pham Thi Binh,0
RENT_HCM_01750,25B-454.15,Toyota,Innova,12/17/2021,12/24/2021,3040394,Pham Thi An,1
RENT_HCM_01751,76G-211.58,Hyundai,Accent,3/26/2025,4/1/2025,6952428,Dang Thi Em,0
RENT_HCM_01752,77A-503.91,Mazda,3,10/5/2021,10/10/2021,5257955,Pham Thi Quyen,0
RENT_HCM_01753,59B-706.42,Toyota,Vios,8/1/2025,8/4/2025,3361272,Do Thi Oanh,0
RENT_HCM_01754,74D-805.08,Hyundai,Accent,12/7/2024,12/13/2024,3648186,Ngo Van Linh,0
RENT_HCM_01755,43K-499.70,Kia,Seltos,9/30/2023,10/5/2023,2590160,Hoang Van Nam,1
RENT_HCM_01756,14B-920.02,Toyota,Vios,10/9/2024,10/14/2024,3337115,Bui Thi Quyen,2
RENT_HCM_01757,39H-896.77,Toyota,Vios,4/8/2022,4/12/2022,1762244,Vu Van Phuc,0
RENT_HCM_01758,93A-482.11,Toyota,Camry,8/12/2025,8/19/2025,7748692,Hoang Van Quyen,0
RENT_HCM_01759,45C-536.55,Ford,EcoSport,8/22/2021,8/25/2021,3457083,Ngo Van Minh,0
RENT_HCM_01760,22E-897.25,Mazda,CX-5,5/14/2024,5/21/2024,2905966,Hoang Van Dung,0
RENT_HCM_01761,22K-526.15,Hyundai,Accent,1/7/2025,1/13/2025,4946232,Ngo Van Binh,0
RENT_HCM_01762,27H-701.29,Toyota,Camry,11/28/2023,12/3/2023,3047675,Do Thi Minh,0
RENT_HCM_01763,28B-288.64,Hyundai,Accent,3/15/2024,3/19/2024,2102836,Do Thi Oanh,0
RENT_HCM_01764,59C-409.49,Honda,CR-V,12/21/2023,12/24/2023,1903749,Ngo Van Dung,3
RENT_HCM_01765,85C-925.94,Hyundai,Grand i10,7/12/2022,7/15/2022,3571578,Ngo Van Giang,1
RENT_HCM_01766,22G-155.46,Hyundai,i10,7/15/2022,7/20/2022,2655845,Nguyen Van Linh,1
RENT_HCM_01767,32K-304.31,Kia,Morning,1/14/2024,1/18/2024,2111404,Tran Thi Cuong,0
RENT_HCM_01768,68D-390.90,Kia,Morning,9/17/2025,9/20/2025,2326524,Le Van Quyen,1
RENT_HCM_01769,50F-310.34,Kia,Morning,3/30/2024,4/6/2024,3602788,Nguyen Van Binh,2
RENT_HCM_01770,81A-639.94,Honda,City,4/9/2021,4/10/2021,817646,Ngo Van Giang,1
RENT_HCM_01771,62K-469.95,Vinfast,Fadil,11/10/2021,11/16/2021,6894924,Tran Thi Oanh,0
RENT_HCM_01772,22B-585.78,Ford,EcoSport,7/27/2022,7/30/2022,1861731,Dang Thi Dung,0
RENT_HCM_01773,85H-903.18,Kia,Morning,12/18/2024,12/21/2024,1363209,Le Van Em,2
RENT_HCM_01774,90F-168.01,Toyota,Vios,3/5/2023,3/8/2023,3567975,Tran Thi Oanh,1
RENT_HCM_01775,25B-454.15,Toyota,Innova,12/4/2023,12/6/2023,1517838,Hoang Van Em,0
RENT_HCM_01776,36E-560.60,Toyota,Vios,8/20/2022,8/21/2022,602129,Vu Van Hoa,0
RENT_HCM_01777,74H-842.20,Kia,Morning,2/21/2021,2/24/2021,1720497,Bui Thi Giang,3
RENT_HCM_01778,22E-897.25,Mazda,CX-5,3/26/2026,3/27/2026,1099467,Hoang Van Giang,0
RENT_HCM_01779,66F-164.86,Kia,Soluto,7/26/2024,7/30/2024,3818248,Dang Thi Khoa,0
RENT_HCM_01780,12G-744.89,Mazda,CX-5,11/14/2024,11/17/2024,2136207,Ngo Van Cuong,1
RENT_HCM_01781,46C-855.60,Vinfast,Fadil,3/23/2026,3/27/2026,3433696,Nguyen Van Phong,0
RENT_HCM_01782,21A-335.92,Vinfast,Fadil,1/28/2022,1/30/2022,2032872,Pham Thi Cuong,0
RENT_HCM_01783,74H-842.20,Kia,Morning,12/29/2024,12/30/2024,561215,Le Van Oanh,2
RENT_HCM_01784,23C-148.49,Hyundai,i10,1/29/2022,2/1/2022,3037950,Dang Thi Khoa,0
RENT_HCM_01785,39H-996.40,Honda,CR-V,11/24/2025,11/30/2025,2935722,Pham Thi Em,0
RENT_HCM_01786,76H-418.80,Hyundai,Accent,5/4/2025,5/11/2025,7153629,Vu Van Minh,0
RENT_HCM_01787,77B-234.63,Mazda,3,7/12/2024,7/15/2024,1775307,Ngo Van Giang,1
RENT_HCM_01788,30E-325.25,Kia,Morning,11/24/2022,11/27/2022,2924109,Bui Thi An,1
RENT_HCM_01789,25D-448.59,Vinfast,Lux A2.0,2/4/2024,2/9/2024,5962655,Do Thi Phong,1
RENT_HCM_01790,50D-378.78,Vinfast,Lux A2.0,6/20/2025,6/21/2025,932723,Vu Van Binh,0
RENT_HCM_01791,50D-378.78,Vinfast,Lux A2.0,10/11/2025,10/14/2025,1758534,Nguyen Van Binh,0
RENT_HCM_01792,64C-859.87,Toyota,Vios,11/30/2021,12/2/2021,1520434,Vu Van An,1
RENT_HCM_01793,12G-744.89,Mazda,CX-5,4/21/2024,4/25/2024,3562268,Tran Thi Minh,1
RENT_HCM_01794,47B-414.62,Honda,City,3/19/2022,3/26/2022,4932977,Do Thi An,1
RENT_HCM_01795,99C-732.83,Ford,EcoSport,7/4/2024,7/7/2024,2469807,Tran Thi Phuc,0
RENT_HCM_01796,39H-457.60,Hyundai,Grand i10,7/7/2024,7/10/2024,2397189,Ngo Van Hoa,3
RENT_HCM_01797,77B-234.63,Mazda,3,9/17/2025,9/20/2025,3010425,Hoang Van Dung,0
RENT_HCM_01798,18C-484.21,Ford,Ranger,4/19/2022,4/23/2022,4134140,Pham Thi Khoa,2
RENT_HCM_01799,77B-234.63,Mazda,3,10/8/2024,10/10/2024,2321074,Nguyen Van Linh,0
RENT_HCM_01800,15F-595.30,Honda,City,8/5/2024,8/6/2024,1136143,Nguyen Van Cuong,0
RENT_HCM_01801,91B-105.47,Toyota,Innova,9/9/2026,9/10/2026,581072,Ngo Van Minh,1
RENT_HCM_01802,95C-492.50,Toyota,Innova,7/27/2026,8/2/2026,5106366,Ngo Van Hoa,1
RENT_HCM_01803,78C-146.78,Ford,Ranger,6/1/2023,6/6/2023,4335010,Ngo Van Giang,0
RENT_HCM_01804,15C-124.07,Toyota,Innova,7/28/2021,7/31/2021,1227039,Le Van An,1
RENT_HCM_01805,93A-482.11,Toyota,Camry,3/27/2021,3/30/2021,2644965,Dang Thi An,1
RENT_HCM_01806,77F-485.44,Hyundai,i10,7/2/2022,7/6/2022,2772656,Vu Van Em,0
RENT_HCM_01807,19K-348.27,Hyundai,i10,12/14/2024,12/18/2024,1727652,Nguyen Van Oanh,2
RENT_HCM_01808,62K-469.95,Vinfast,Fadil,12/17/2022,12/18/2022,1179323,Pham Thi Em,1
RENT_HCM_01809,53K-126.49,Toyota,Innova,12/8/2022,12/13/2022,3577355,Dang Thi Phuc,1
RENT_HCM_01810,68A-105.33,Toyota,Innova,12/15/2025,12/18/2025,1251837,Dang Thi Quyen,1
RENT_HCM_01811,77C-616.68,Toyota,Camry,2/21/2024,2/24/2024,2400807,Bui Thi Nam,1
RENT_HCM_01812,22K-526.15,Hyundai,Accent,7/17/2023,7/21/2023,3718952,Dang Thi Linh,0
RENT_HCM_01813,21K-767.03,Hyundai,i10,4/16/2022,4/20/2022,3500496,Tran Thi Giang,1
RENT_HCM_01814,97D-214.30,Honda,CR-V,11/18/2022,11/25/2022,3519348,Pham Thi Oanh,0
RENT_HCM_01815,90B-179.51,Vinfast,Fadil,12/3/2025,12/4/2025,874865,Hoang Van Oanh,0
RENT_HCM_01816,30E-325.25,Kia,Morning,8/27/2023,8/30/2023,3375027,Do Thi Phuc,2
RENT_HCM_01817,26E-180.53,Hyundai,Accent,1/9/2021,1/16/2021,7936761,Do Thi An,0
RENT_HCM_01818,68D-390.90,Kia,Morning,10/9/2025,10/16/2025,3597545,Bui Thi Hoa,2
RENT_HCM_01819,96B-415.49,Mazda,3,7/3/2022,7/5/2022,1459618,Vu Van Binh,1
RENT_HCM_01820,36K-772.94,Ford,EcoSport,3/6/2025,3/11/2025,3396890,Pham Thi Hoa,1
RENT_HCM_01821,33B-472.24,Kia,Seltos,11/19/2021,11/22/2021,1464273,Do Thi Hoa,0
RENT_HCM_01822,29C-652.72,Mazda,3,6/24/2023,7/1/2023,5846260,Le Van Phong,0
RENT_HCM_01823,15C-124.07,Toyota,Innova,2/27/2026,3/4/2026,4485255,Do Thi Quyen,0
RENT_HCM_01824,91G-764.50,Toyota,Vios,9/24/2023,9/26/2023,1911766,Bui Thi An,0
RENT_HCM_01825,25D-575.36,Hyundai,Accent,2/4/2024,2/7/2024,3047295,Dang Thi Em,0
RENT_HCM_01826,92D-335.06,Toyota,Camry,9/21/2022,9/27/2022,5530230,Ngo Van Khoa,1
RENT_HCM_01827,31E-660.71,Toyota,Camry,2/18/2023,2/23/2023,3106600,Pham Thi Binh,0
RENT_HCM_01828,37G-231.27,Toyota,Camry,2/13/2024,2/18/2024,5951645,Do Thi Binh,1
RENT_HCM_01829,13E-299.60,Honda,CR-V,8/29/2026,9/5/2026,4573247,Dang Thi Hoa,3
RENT_HCM_01830,40E-511.08,Honda,CR-V,1/5/2024,1/11/2024,4863732,Tran Thi Linh,0
RENT_HCM_01831,66G-887.42,Vinfast,Lux A2.0,7/23/2023,7/30/2023,3943492,Dang Thi Giang,1
RENT_HCM_01832,39C-734.09,Ford,EcoSport,3/27/2022,4/2/2022,7051722,Le Van Khoa,1
RENT_HCM_01833,26D-656.30,Honda,City,7/31/2024,8/1/2024,1132831,Bui Thi Quyen,0
RENT_HCM_01834,50F-310.34,Kia,Morning,10/22/2025,10/26/2025,3156400,Tran Thi Quyen,0
RENT_HCM_01835,66E-447.50,Mazda,CX-5,5/11/2021,5/17/2021,3395622,Hoang Van Hoa,1
RENT_HCM_01836,77C-211.72,Kia,Seltos,7/1/2024,7/5/2024,2182768,Ngo Van Phuc,0
RENT_HCM_01837,86G-330.15,Toyota,Vios,1/7/2024,1/9/2024,1393846,Ngo Van Em,0
RENT_HCM_01838,89G-388.88,Hyundai,Accent,5/2/2024,5/3/2024,703150,Bui Thi Quyen,2
RENT_HCM_01839,74D-805.08,Hyundai,Accent,12/7/2025,12/9/2025,1432170,Pham Thi Khoa,2
RENT_HCM_01840,71D-707.45,Mazda,3,1/17/2025,1/23/2025,4487022,Vu Van Cuong,0
RENT_HCM_01841,90A-463.29,Hyundai,i10,3/28/2022,4/2/2022,3796245,Le Van Hoa,0
RENT_HCM_01842,72K-707.72,Toyota,Camry,11/20/2023,11/25/2023,5119075,Tran Thi Minh,1
RENT_HCM_01843,24A-237.02,Hyundai,Accent,12/1/2024,12/4/2024,2547393,Dang Thi Giang,0
RENT_HCM_01844,24A-237.02,Hyundai,Accent,7/2/2023,7/4/2023,1996220,Ngo Van Hoa,0
RENT_HCM_01845,15C-124.07,Toyota,Innova,4/12/2021,4/17/2021,2347930,Hoang Van Binh,2
RENT_HCM_01846,16B-618.82,Hyundai,Grand i10,4/6/2023,4/13/2023,3406739,Ngo Van Nam,0
RENT_HCM_01847,35G-898.00,Vinfast,Fadil,6/27/2023,6/30/2023,1498551,Ngo Van Khoa,0
RENT_HCM_01848,90B-179.51,Vinfast,Fadil,8/25/2021,8/30/2021,2144055,Vu Van Binh,1
RENT_HCM_01849,39H-996.40,Honda,CR-V,7/2/2022,7/4/2022,2048770,Tran Thi Binh,0
RENT_HCM_01850,89G-388.88,Hyundai,Accent,10/10/2025,10/17/2025,6852104,Le Van Linh,0
RENT_HCM_01851,94D-176.27,Ford,Ranger,3/25/2023,4/1/2023,6277243,Pham Thi Oanh,1
RENT_HCM_01852,86E-413.23,Toyota,Vios,6/24/2025,6/28/2025,3053888,Ngo Van Quyen,1
RENT_HCM_01853,72K-707.72,Toyota,Camry,3/12/2026,3/17/2026,2440700,Vu Van Giang,0
RENT_HCM_01854,80G-716.32,Kia,Soluto,10/12/2022,10/14/2022,1174742,Dang Thi Dung,0
RENT_HCM_01855,38C-142.53,Hyundai,i10,2/17/2021,2/23/2021,3525930,Bui Thi Dung,1
RENT_HCM_01856,40E-606.38,Vinfast,Lux A2.0,7/10/2021,7/14/2021,2159404,Nguyen Van Nam,0
RENT_HCM_01857,77C-211.72,Kia,Seltos,5/14/2024,5/21/2024,6401500,Dang Thi Khoa,2
RENT_HCM_01858,90A-463.29,Hyundai,i10,8/3/2022,8/10/2022,6601497,Tran Thi Quyen,0
RENT_HCM_01859,55B-647.43,Mazda,3,3/6/2022,3/10/2022,3330164,Tran Thi Khoa,2
RENT_HCM_01860,68C-733.66,Hyundai,Accent,6/9/2023,6/13/2023,2687944,Tran Thi Nam,1
RENT_HCM_01861,80G-716.32,Kia,Soluto,8/4/2022,8/7/2022,1791456,Pham Thi Quyen,0
RENT_HCM_01862,12B-182.67,Toyota,Vios,11/1/2021,11/7/2021,2560356,Pham Thi Oanh,2
RENT_HCM_01863,25A-321.29,Toyota,Innova,9/4/2025,9/10/2025,6010752,Pham Thi Em,3
RENT_HCM_01864,77C-616.68,Toyota,Camry,11/20/2024,11/22/2024,1913166,Vu Van Khoa,3
RENT_HCM_01865,57C-660.60,Toyota,Vios,10/20/2021,10/24/2021,3068196,Ngo Van Phong,2
RENT_HCM_01866,71C-946.67,Ford,EcoSport,12/28/2025,1/2/2026,4396560,Bui Thi Cuong,1
RENT_HCM_01867,65B-452.82,Toyota,Innova,8/7/2022,8/8/2022,1102925,Ngo Van Khoa,0
RENT_HCM_01868,72K-221.19,Toyota,Innova,8/4/2026,8/9/2026,3251470,Do Thi Phuc,0
RENT_HCM_01869,11C-493.44,Mazda,3,11/3/2021,11/5/2021,1328228,Vu Van Minh,0
RENT_HCM_01870,93A-482.11,Toyota,Camry,3/21/2025,3/28/2025,3796198,Hoang Van Cuong,0
RENT_HCM_01871,36D-337.43,Vinfast,Lux A2.0,1/24/2026,1/26/2026,929086,Ngo Van An,1
RENT_HCM_01872,11C-738.22,Vinfast,Fadil,7/31/2025,8/4/2025,2464532,Le Van Nam,1
RENT_HCM_01873,73A-575.16,Ford,Ranger,4/1/2025,4/4/2025,2187087,Pham Thi Quyen,2
RENT_HCM_01874,47D-840.33,Kia,Morning,9/7/2021,9/14/2021,3041269,Le Van Binh,0
RENT_HCM_01875,65B-452.82,Toyota,Innova,5/15/2026,5/20/2026,4337925,Le Van Phong,0
RENT_HCM_01876,75C-107.61,Vinfast,Fadil,4/29/2026,5/3/2026,3973416,Pham Thi Binh,2
RENT_HCM_01877,11C-319.16,Toyota,Innova,3/7/2025,3/13/2025,6888678,Dang Thi Minh,1
RENT_HCM_01878,91G-764.50,Toyota,Vios,6/24/2023,6/30/2023,3964866,Vu Van Quyen,1
RENT_HCM_01879,16B-618.82,Hyundai,Grand i10,9/25/2026,9/30/2026,3391195,Le Van Cuong,0
RENT_HCM_01880,24A-237.02,Hyundai,Accent,6/26/2021,6/30/2021,3421944,Pham Thi Giang,0
RENT_HCM_01881,51G-626.30,Vinfast,Lux A2.0,10/16/2025,10/19/2025,3467502,Hoang Van An,1
RENT_HCM_01882,93F-865.25,Mazda,3,8/2/2021,8/9/2021,4105115,Do Thi Phuc,3
RENT_HCM_01883,86B-468.95,Toyota,Camry,4/11/2025,4/16/2025,4703035,Nguyen Van Cuong,1
RENT_HCM_01884,39H-457.60,Hyundai,Grand i10,12/11/2024,12/15/2024,2948736,Pham Thi Quyen,0
RENT_HCM_01885,87B-650.29,Toyota,Camry,12/16/2021,12/18/2021,2308748,Nguyen Van Hoa,0
RENT_HCM_01886,87B-373.03,Honda,City,9/16/2024,9/21/2024,5787555,Dang Thi Giang,0
RENT_HCM_01887,47B-414.62,Honda,City,2/1/2024,2/3/2024,1016206,Tran Thi Cuong,1
RENT_HCM_01888,80H-858.85,Ford,Ranger,6/22/2021,6/28/2021,3742860,Le Van Giang,1
RENT_HCM_01889,72G-919.68,Toyota,Vios,5/23/2026,5/28/2026,3350005,Nguyen Van Em,1
RENT_HCM_01890,14G-415.24,Hyundai,i10,9/6/2023,9/12/2023,3685044,Bui Thi Phong,1
RENT_HCM_01891,48B-706.17,Toyota,Camry,3/12/2025,3/15/2025,3192864,Bui Thi Cuong,0
RENT_HCM_01892,72C-183.23,Ford,Ranger,3/16/2024,3/22/2024,5754162,Tran Thi Khoa,2
RENT_HCM_01893,85C-925.94,Hyundai,Grand i10,8/20/2022,8/23/2022,1806411,Tran Thi Hoa,0
RENT_HCM_01894,11C-319.16,Toyota,Innova,4/5/2025,4/10/2025,2231055,Tran Thi Dung,3
RENT_HCM_01895,18C-484.21,Ford,Ranger,1/8/2024,1/15/2024,5104190,Le Van Em,0
RENT_HCM_01896,96H-976.38,Hyundai,i10,5/21/2026,5/24/2026,1494792,Hoang Van Phong,0
RENT_HCM_01897,74H-842.20,Kia,Morning,2/18/2024,2/19/2024,813323,Vu Van Giang,1
RENT_HCM_01898,35C-671.07,Hyundai,i10,7/29/2026,8/5/2026,4684946,Le Van Quyen,0
RENT_HCM_01899,35C-671.07,Hyundai,i10,5/13/2021,5/18/2021,5197875,Dang Thi Phong,0
RENT_HCM_01900,99C-732.83,Ford,EcoSport,10/14/2021,10/18/2021,2528724,Ngo Van Dung,2
RENT_HCM_01901,14G-415.24,Hyundai,i10,1/26/2022,1/30/2022,4170148,Pham Thi Cuong,0
RENT_HCM_01902,43G-780.01,Kia,Morning,8/22/2024,8/27/2024,2496115,Hoang Van Giang,1
RENT_HCM_01903,89C-852.67,Vinfast,Fadil,11/22/2023,11/26/2023,2054416,Ngo Van Khoa,0
RENT_HCM_01904,76B-763.75,Honda,City,12/19/2021,12/26/2021,6007218,Dang Thi Quyen,0
RENT_HCM_01905,47D-840.33,Kia,Morning,5/8/2024,5/14/2024,5685750,Ngo Van Oanh,0
RENT_HCM_01906,26E-180.53,Hyundai,Accent,1/10/2024,1/11/2024,990691,Pham Thi Oanh,1
RENT_HCM_01907,36D-337.43,Vinfast,Lux A2.0,7/17/2022,7/20/2022,1474788,Do Thi Dung,0
RENT_HCM_01908,23D-400.10,Kia,Morning,6/1/2024,6/5/2024,4026692,Tran Thi Binh,0
RENT_HCM_01909,39A-767.06,Honda,CR-V,5/17/2025,5/18/2025,751520,Pham Thi Phuc,0
RENT_HCM_01910,80G-716.32,Kia,Soluto,8/2/2022,8/3/2022,496595,Hoang Van Linh,0
RENT_HCM_01911,91H-439.88,Mazda,CX-5,11/1/2023,11/4/2023,1877754,Hoang Van Quyen,0
RENT_HCM_01912,37B-826.15,Kia,Soluto,8/30/2022,9/5/2022,5684808,Ngo Van Nam,0
RENT_HCM_01913,72H-414.63,Ford,Ranger,5/24/2026,5/27/2026,1563705,Pham Thi Oanh,0
RENT_HCM_01914,77A-503.91,Mazda,3,9/14/2024,9/19/2024,5559900,Tran Thi Linh,0
RENT_HCM_01915,65B-452.82,Toyota,Innova,1/21/2024,1/25/2024,3833044,Bui Thi Dung,3
RENT_HCM_01916,37G-231.27,Toyota,Camry,3/24/2024,3/25/2024,531593,Nguyen Van Phong,2
RENT_HCM_01917,55K-383.25,Mazda,3,11/17/2024,11/20/2024,1389366,Hoang Van Phuc,0
RENT_HCM_01918,81H-361.56,Vinfast,Lux A2.0,2/8/2021,2/9/2021,987140,Dang Thi Phuc,3
RENT_HCM_01919,21A-335.92,Vinfast,Fadil,3/24/2025,3/30/2025,5737176,Dang Thi Khoa,1
RENT_HCM_01920,33F-566.78,Toyota,Vios,7/4/2025,7/9/2025,4033125,Pham Thi Phong,1
RENT_HCM_01921,60A-977.72,Hyundai,Grand i10,1/16/2022,1/21/2022,5047510,Vu Van Minh,1
RENT_HCM_01922,22K-526.15,Hyundai,Accent,9/9/2024,9/11/2024,1610320,Hoang Van Phuc,0
RENT_HCM_01923,88K-102.81,Hyundai,Accent,11/3/2025,11/4/2025,578962,Do Thi Phuc,1
RENT_HCM_01924,39C-734.09,Ford,EcoSport,3/30/2025,4/4/2025,3026635,Pham Thi Dung,1
RENT_HCM_01925,31E-660.71,Toyota,Camry,6/29/2022,7/5/2022,6499944,Do Thi Dung,2
RENT_HCM_01926,30D-278.73,Hyundai,Accent,7/5/2024,7/9/2024,1831884,Bui Thi Dung,0
RENT_HCM_01927,23C-148.49,Hyundai,i10,1/22/2026,1/27/2026,3487650,Bui Thi Giang,3
RENT_HCM_01928,64K-177.33,Vinfast,Lux A2.0,11/22/2023,11/23/2023,545548,Vu Van Oanh,1
RENT_HCM_01929,31E-660.71,Toyota,Camry,5/14/2022,5/15/2022,870079,Vu Van Oanh,0
RENT_HCM_01930,93D-583.18,Hyundai,Accent,4/4/2022,4/9/2022,3186060,Dang Thi Quyen,0
RENT_HCM_01931,63E-560.78,Kia,Morning,5/11/2024,5/18/2024,6896330,Le Van Giang,0
RENT_HCM_01932,15A-216.83,Honda,City,9/11/2026,9/16/2026,3532225,Pham Thi Nam,1
RENT_HCM_01933,25A-321.29,Toyota,Innova,1/29/2025,2/2/2025,4244184,Tran Thi Giang,0
RENT_HCM_01934,16B-618.82,Hyundai,Grand i10,1/5/2026,1/9/2026,4220736,Nguyen Van Em,0
RENT_HCM_01935,64C-859.87,Toyota,Vios,9/10/2023,9/17/2023,7682479,Ngo Van Phuc,1
RENT_HCM_01936,90D-598.73,Toyota,Innova,8/20/2023,8/23/2023,3102060,Hoang Van Em,0
RENT_HCM_01937,83B-797.49,Mazda,3,11/22/2023,11/26/2023,4526988,Dang Thi Oanh,2
RENT_HCM_01938,41C-516.21,Hyundai,i10,3/12/2021,3/14/2021,1964814,Hoang Van Dung,2
RENT_HCM_01939,36E-560.60,Toyota,Vios,2/14/2024,2/21/2024,2934449,Dang Thi Hoa,0
RENT_HCM_01940,46C-855.60,Vinfast,Fadil,2/26/2025,2/27/2025,1053995,Nguyen Van Cuong,1
RENT_HCM_01941,76B-763.75,Honda,City,8/16/2026,8/18/2026,1411338,Vu Van Dung,1
RENT_HCM_01942,32K-304.31,Kia,Morning,2/5/2025,2/11/2025,6294774,Pham Thi Quyen,2
RENT_HCM_01943,24A-237.02,Hyundai,Accent,1/22/2023,1/28/2023,5470236,Do Thi Oanh,0
RENT_HCM_01944,11G-731.54,Honda,City,1/24/2026,1/30/2026,3458160,Vu Van Binh,0
RENT_HCM_01945,12G-744.89,Mazda,CX-5,10/30/2022,11/4/2022,3511690,Nguyen Van Cuong,2
RENT_HCM_01946,36F-989.46,Mazda,3,1/11/2026,1/14/2026,1446912,Tran Thi Linh,1
RENT_HCM_01947,15F-595.30,Honda,City,6/12/2024,6/15/2024,2727402,Do Thi Dung,1
RENT_HCM_01948,49E-348.68,Kia,Soluto,1/10/2026,1/12/2026,1289018,Le Van Phong,2
RENT_HCM_01949,74H-842.20,Kia,Morning,10/12/2022,10/19/2022,4159470,Tran Thi Quyen,1
RENT_HCM_01950,80H-858.85,Ford,Ranger,10/18/2024,10/19/2024,1034505,Dang Thi Hoa,1
RENT_HCM_01951,40G-744.81,Honda,City,7/13/2024,7/14/2024,809313,Nguyen Van Minh,1
RENT_HCM_01952,37F-841.13,Kia,Morning,7/15/2026,7/20/2026,4763540,Pham Thi Minh,2
RENT_HCM_01953,96H-976.38,Hyundai,i10,11/5/2023,11/12/2023,4129678,Tran Thi Linh,3
RENT_HCM_01954,46E-807.16,Honda,City,1/26/2021,2/2/2021,5190458,Dang Thi Phong,0
RENT_HCM_01955,69F-764.42,Mazda,CX-5,12/11/2025,12/16/2025,3463710,Do Thi Minh,0
RENT_HCM_01956,11C-319.16,Toyota,Innova,5/24/2022,5/31/2022,5235720,Nguyen Van Khoa,0
RENT_HCM_01957,37E-977.04,Mazda,3,7/9/2024,7/12/2024,3132153,Vu Van Linh,1
RENT_HCM_01958,52B-953.14,Kia,Soluto,3/14/2022,3/17/2022,2071452,Nguyen Van Cuong,0
RENT_HCM_01959,46C-855.60,Vinfast,Fadil,5/9/2023,5/13/2023,2291596,Le Van Dung,0
RENT_HCM_01960,92D-335.06,Toyota,Camry,9/6/2024,9/12/2024,2555142,Pham Thi Giang,2
RENT_HCM_01961,70D-192.58,Kia,Morning,1/16/2022,1/19/2022,2942379,Nguyen Van Hoa,0
RENT_HCM_01962,48B-706.17,Toyota,Camry,5/26/2022,5/28/2022,1416464,Bui Thi Quyen,0
RENT_HCM_01963,42D-602.47,Honda,City,6/30/2026,7/3/2026,3362154,Bui Thi Oanh,2
RENT_HCM_01964,28A-321.73,Hyundai,Accent,6/8/2021,6/12/2021,4475256,Ngo Van Dung,0
RENT_HCM_01965,73D-927.45,Mazda,CX-5,10/13/2021,10/14/2021,669180,Ngo Van Oanh,0
RENT_HCM_01966,39K-469.95,Mazda,CX-5,9/22/2022,9/25/2022,2214831,Nguyen Van Nam,0
RENT_HCM_01967,68K-951.28,Hyundai,i10,4/8/2024,4/15/2024,8385321,Le Van Phuc,0
RENT_HCM_01968,66E-447.50,Mazda,CX-5,8/12/2026,8/13/2026,404317,Le Van Quyen,0
RENT_HCM_01969,43G-993.34,Kia,Soluto,6/7/2023,6/13/2023,6186990,Ngo Van Linh,3
RENT_HCM_01970,39A-767.06,Honda,CR-V,12/18/2024,12/24/2024,5439336,Le Van Binh,1
RENT_HCM_01971,99C-732.83,Ford,EcoSport,7/2/2023,7/9/2023,3589810,Vu Van Quyen,0
RENT_HCM_01972,39H-457.60,Hyundai,Grand i10,10/20/2022,10/23/2022,2114370,Tran Thi Minh,0
RENT_HCM_01973,49E-348.68,Kia,Soluto,2/8/2024,2/13/2024,5719275,Hoang Van Giang,0
RENT_HCM_01974,76H-418.80,Hyundai,Accent,1/9/2025,1/16/2025,3089688,Hoang Van Linh,0
RENT_HCM_01975,66G-320.55,Kia,Soluto,8/15/2024,8/19/2024,3106944,Do Thi Phuc,1
RENT_HCM_01976,85H-903.18,Kia,Morning,9/14/2023,9/18/2023,4087892,Do Thi Em,0
RENT_HCM_01977,22G-155.46,Hyundai,i10,10/20/2025,10/24/2025,4040464,Bui Thi Giang,1
RENT_HCM_01978,25D-448.59,Vinfast,Lux A2.0,1/27/2023,2/3/2023,7490266,Hoang Van Nam,0
RENT_HCM_01979,40B-456.25,Hyundai,i10,2/19/2024,2/20/2024,612380,Hoang Van Nam,1
RENT_HCM_01980,47E-150.60,Kia,Seltos,12/21/2025,12/24/2025,1370667,Do Thi Phong,0
RENT_HCM_01981,28D-108.89,Hyundai,i10,9/6/2024,9/8/2024,2153788,Do Thi Em,0
RENT_HCM_01982,67C-665.78,Hyundai,i10,2/24/2023,2/26/2023,1069278,Tran Thi Khoa,0
RENT_HCM_01983,98B-587.88,Vinfast,Fadil,9/21/2026,9/26/2026,3686405,Do Thi Giang,0
RENT_HCM_01984,65B-452.82,Toyota,Innova,2/13/2021,2/16/2021,3121698,Pham Thi Em,1
RENT_HCM_01985,38G-497.95,Kia,Soluto,4/28/2025,5/3/2025,5511605,Hoang Van Em,0
RENT_HCM_01986,96B-415.49,Mazda,3,2/10/2021,2/16/2021,3480522,Tran Thi Em,0
RENT_HCM_01987,69D-543.35,Honda,City,10/28/2024,10/31/2024,1902255,Le Van Binh,0
RENT_HCM_01988,90D-598.73,Toyota,Innova,9/11/2024,9/14/2024,2228601,Pham Thi Cuong,0
RENT_HCM_01989,93F-865.25,Mazda,3,5/13/2023,5/16/2023,1515588,Hoang Van An,1
RENT_HCM_01990,27G-984.07,Ford,Ranger,11/22/2022,11/27/2022,3514640,Hoang Van Em,0
RENT_HCM_01991,49C-168.30,Vinfast,Fadil,11/30/2025,12/1/2025,708797,Bui Thi Nam,0
RENT_HCM_01992,84A-192.77,Toyota,Camry,5/19/2025,5/25/2025,3911814,Bui Thi An,0
RENT_HCM_01993,76K-194.55,Toyota,Innova,11/21/2023,11/27/2023,4444428,Bui Thi Cuong,1
RENT_HCM_01994,98B-587.88,Vinfast,Fadil,7/31/2025,8/7/2025,8125362,Le Van Minh,0
RENT_HCM_01995,27H-701.29,Toyota,Camry,12/6/2022,12/7/2022,904951,Tran Thi Oanh,0
RENT_HCM_01996,62B-172.41,Kia,Soluto,7/7/2026,7/11/2026,4284812,Ngo Van Oanh,0
RENT_HCM_01997,33F-566.78,Toyota,Vios,8/16/2026,8/18/2026,1710632,Bui Thi Khoa,1
RENT_HCM_01998,87B-373.03,Honda,City,2/17/2021,2/23/2021,4697142,Dang Thi Binh,2
RENT_HCM_01999,76H-418.80,Hyundai,Accent,9/2/2026,9/3/2026,557035,Pham Thi Oanh,0
RENT_HCM_02000,80G-716.32,Kia,Soluto,4/16/2021,4/22/2021,4338534,Dang Thi Oanh,0
RENT_HCM_02001,84A-192.77,Toyota,Camry,6/16/2022,6/22/2022,5715108,Le Van Linh,0
RENT_HCM_02002,91H-439.88,Mazda,CX-5,8/22/2022,8/24/2022,1375526,Vu Van Dung,1
RENT_HCM_02003,28B-288.64,Hyundai,Accent,5/2/2022,5/6/2022,4496756,Ngo Van Oanh,0
RENT_HCM_02004,24E-955.46,Toyota,Vios,6/23/2022,6/26/2022,2743875,Le Van Minh,1
RENT_HCM_02005,76H-418.80,Hyundai,Accent,6/25/2023,6/28/2023,1343988,Do Thi Quyen,2
RENT_HCM_02006,14G-415.24,Hyundai,i10,8/16/2026,8/18/2026,1852954,Ngo Van Quyen,0
RENT_HCM_02007,71C-946.67,Ford,EcoSport,10/4/2021,10/10/2021,6594708,Hoang Van Dung,0
RENT_HCM_02008,12G-744.89,Mazda,CX-5,6/3/2021,6/9/2021,5379570,Do Thi Hoa,1
RENT_HCM_02009,64C-859.87,Toyota,Vios,9/29/2023,10/6/2023,5259100,Tran Thi Phong,1
RENT_HCM_02010,94E-578.12,Hyundai,i10,5/22/2023,5/25/2023,3374400,Pham Thi Cuong,1
RENT_HCM_02011,62K-469.95,Vinfast,Fadil,5/15/2024,5/16/2024,761543,Dang Thi Giang,0
RENT_HCM_02012,90B-179.51,Vinfast,Fadil,5/19/2025,5/20/2025,540341,Le Van An,0
RENT_HCM_02013,11C-738.22,Vinfast,Fadil,7/17/2023,7/19/2023,1959078,Vu Van Quyen,0
RENT_HCM_02014,30E-325.25,Kia,Morning,4/4/2024,4/7/2024,1359174,Hoang Van Nam,0
RENT_HCM_02015,72D-907.40,Hyundai,i10,7/9/2024,7/12/2024,3350487,Ngo Van Linh,2
RENT_HCM_02016,28B-378.39,Toyota,Innova,10/2/2023,10/9/2023,6862807,Nguyen Van An,1
RENT_HCM_02017,81H-361.56,Vinfast,Lux A2.0,3/21/2023,3/27/2023,6830076,Ngo Van Khoa,0
RENT_HCM_02018,91G-764.50,Toyota,Vios,6/17/2026,6/19/2026,1662248,Vu Van Phong,1
RENT_HCM_02019,86E-413.23,Toyota,Vios,9/13/2021,9/19/2021,2769984,Pham Thi Dung,0
RENT_HCM_02020,72H-414.63,Ford,Ranger,2/22/2023,2/23/2023,1147077,Do Thi Hoa,1
RENT_HCM_02021,43K-499.70,Kia,Seltos,9/26/2026,9/29/2026,1323333,Dang Thi Linh,0
RENT_HCM_02022,18E-187.25,Mazda,3,3/10/2023,3/17/2023,6182701,Le Van Phuc,0
RENT_HCM_02023,27G-984.07,Ford,Ranger,10/12/2025,10/17/2025,2559395,Dang Thi Quyen,0
RENT_HCM_02024,32C-510.80,Hyundai,Grand i10,10/25/2024,10/26/2024,1072929,Pham Thi Quyen,2
RENT_HCM_02025,87B-650.29,Toyota,Camry,9/8/2021,9/15/2021,4292568,Hoang Van Minh,0
RENT_HCM_02026,11C-493.44,Mazda,3,5/15/2026,5/19/2026,4350000,Tran Thi Minh,0
RENT_HCM_02027,37K-262.20,Mazda,3,5/3/2021,5/8/2021,5320525,Le Van Cuong,0
RENT_HCM_02028,45D-330.83,Mazda,CX-5,4/15/2023,4/21/2023,4006170,Bui Thi Giang,1
RENT_HCM_02029,29C-652.72,Mazda,3,6/17/2023,6/23/2023,3867570,Hoang Van Phuc,1
RENT_HCM_02030,97D-214.30,Honda,CR-V,10/21/2024,10/26/2024,2229585,Vu Van Linh,0
RENT_HCM_02031,65B-452.82,Toyota,Innova,6/5/2021,6/9/2021,2913092,Pham Thi Phong,0
RENT_HCM_02032,43G-993.34,Kia,Soluto,3/21/2026,3/22/2026,659338,Vu Van Em,1
RENT_HCM_02033,11G-731.54,Honda,City,1/2/2022,1/8/2022,3408876,Tran Thi Oanh,2
RENT_HCM_02034,93F-865.25,Mazda,3,12/15/2024,12/21/2024,2617170,Tran Thi Phong,0
RENT_HCM_02035,68D-390.90,Kia,Morning,1/21/2022,1/28/2022,3996251,Do Thi Em,0
RENT_HCM_02036,84A-192.77,Toyota,Camry,10/4/2023,10/9/2023,2577765,Le Van Em,0
RENT_HCM_02037,73D-927.45,Mazda,CX-5,3/4/2026,3/11/2026,7320103,Pham Thi Dung,2
RENT_HCM_02038,84A-192.77,Toyota,Camry,3/19/2021,3/20/2021,950024,Hoang Van Phuc,0
RENT_HCM_02039,22G-155.46,Hyundai,i10,7/17/2021,7/21/2021,1716024,Le Van Dung,3
RENT_HCM_02040,14C-459.98,Ford,EcoSport,5/14/2024,5/17/2024,2797971,Do Thi Dung,1
RENT_HCM_02041,62H-628.28,Toyota,Camry,2/3/2026,2/4/2026,836406,Le Van Dung,0
RENT_HCM_02042,32D-394.35,Toyota,Vios,9/21/2025,9/27/2025,6242760,Ngo Van Nam,0
RENT_HCM_02043,30E-325.25,Kia,Morning,9/3/2024,9/5/2024,2368870,Pham Thi Hoa,1
RENT_HCM_02044,36F-989.46,Mazda,3,9/25/2021,10/2/2021,4537638,Hoang Van Phuc,2
RENT_HCM_02045,45C-536.55,Ford,EcoSport,2/16/2025,2/23/2025,5222525,Nguyen Van Phong,0
RENT_HCM_02046,21G-202.34,Honda,City,1/23/2021,1/30/2021,5237960,Do Thi Em,2
RENT_HCM_02047,52B-953.14,Kia,Soluto,7/28/2023,8/1/2023,2909260,Vu Van Phuc,0
RENT_HCM_02048,27G-984.07,Ford,Ranger,12/24/2023,12/30/2023,3079554,Do Thi Em,1
RENT_HCM_02049,43G-780.01,Kia,Morning,2/10/2024,2/14/2024,4187392,Ngo Van Giang,2
RENT_HCM_02050,13E-299.60,Honda,CR-V,4/14/2022,4/15/2022,1014142,Pham Thi Phuc,0
RENT_HCM_02051,74H-842.20,Kia,Morning,3/5/2026,3/10/2026,4296695,Dang Thi Giang,0
RENT_HCM_02052,80K-657.71,Toyota,Innova,2/13/2022,2/20/2022,4545324,Bui Thi Oanh,1
RENT_HCM_02053,18E-187.25,Mazda,3,9/26/2026,10/2/2026,3405204,Vu Van Minh,0
RENT_HCM_02054,84G-796.42,Kia,Morning,11/7/2021,11/9/2021,1368514,Tran Thi Hoa,0
RENT_HCM_02055,73A-575.16,Ford,Ranger,7/4/2025,7/5/2025,682122,Bui Thi Cuong,0
RENT_HCM_02056,28D-108.89,Hyundai,i10,9/2/2025,9/3/2025,1115149,Tran Thi Dung,1
RENT_HCM_02057,11G-399.40,Kia,Morning,1/28/2025,2/2/2025,2234920,Ngo Van An,1
RENT_HCM_02058,87B-650.29,Toyota,Camry,9/24/2022,9/28/2022,2696248,Hoang Van Nam,0
RENT_HCM_02059,40G-744.81,Honda,City,10/17/2023,10/20/2023,3307707,Bui Thi Binh,0
RENT_HCM_02060,87C-525.97,Ford,Ranger,4/13/2026,4/18/2026,2818485,Ngo Van Linh,2
RENT_HCM_02061,93F-865.25,Mazda,3,9/22/2022,9/27/2022,2827345,Vu Van Dung,0
RENT_HCM_02062,46E-807.16,Honda,City,3/4/2025,3/10/2025,4269726,Pham Thi Khoa,1
RENT_HCM_02063,14H-574.13,Kia,Morning,12/25/2022,12/29/2022,3286112,Le Van Binh,0
RENT_HCM_02064,14B-920.02,Toyota,Vios,6/25/2022,6/26/2022,674616,Vu Van Nam,0
RENT_HCM_02065,37E-977.04,Mazda,3,2/20/2024,2/25/2024,4846505,Le Van Quyen,0
RENT_HCM_02066,87K-428.26,Honda,CR-V,4/7/2022,4/13/2022,4197366,Nguyen Van Phong,1
RENT_HCM_02067,24E-955.46,Toyota,Vios,7/15/2024,7/19/2024,4366448,Vu Van Em,0
RENT_HCM_02068,31F-834.71,Hyundai,Grand i10,5/6/2025,5/9/2025,1428465,Tran Thi Quyen,0
RENT_HCM_02069,12E-196.98,Ford,EcoSport,6/1/2025,6/6/2025,2583235,Hoang Van Nam,1
RENT_HCM_02070,16B-618.82,Hyundai,Grand i10,10/26/2022,10/28/2022,1065424,Dang Thi Dung,2
RENT_HCM_02071,24A-237.02,Hyundai,Accent,5/3/2023,5/9/2023,6295404,Pham Thi Giang,0
RENT_HCM_02072,35G-898.00,Vinfast,Fadil,3/1/2024,3/2/2024,935973,Vu Van Hoa,2
RENT_HCM_02073,64K-177.33,Vinfast,Lux A2.0,4/24/2021,4/30/2021,3677328,Do Thi Giang,0
RENT_HCM_02074,38G-497.95,Kia,Soluto,2/2/2026,2/3/2026,819905,Bui Thi Nam,0
RENT_HCM_02075,95C-492.50,Toyota,Innova,4/3/2025,4/9/2025,4587888,Pham Thi Oanh,1
RENT_HCM_02076,55B-647.43,Mazda,3,8/13/2022,8/17/2022,2487252,Le Van Giang,0
RENT_HCM_02077,12E-196.98,Ford,EcoSport,1/18/2023,1/21/2023,2907156,Bui Thi Hoa,0
RENT_HCM_02078,95E-747.86,Mazda,CX-5,2/5/2022,2/6/2022,756003,Pham Thi Phuc,1
RENT_HCM_02079,66G-887.42,Vinfast,Lux A2.0,8/15/2025,8/16/2025,1111019,Do Thi Oanh,0
RENT_HCM_02080,87B-650.29,Toyota,Camry,9/17/2026,9/18/2026,431281,Nguyen Van Hoa,1
RENT_HCM_02081,21K-767.03,Hyundai,i10,2/17/2021,2/19/2021,1397404,Le Van Hoa,1
RENT_HCM_02082,35C-671.07,Hyundai,i10,8/16/2023,8/19/2023,1314996,Bui Thi Quyen,3
RENT_HCM_02083,74H-842.20,Kia,Morning,11/2/2024,11/5/2024,2619435,Ngo Van Phong,1
RENT_HCM_02084,33C-941.96,Kia,Morning,3/26/2021,4/1/2021,3650556,Hoang Van Giang,0
RENT_HCM_02085,72G-919.68,Toyota,Vios,9/4/2023,9/8/2023,3366688,Vu Van Minh,0
RENT_HCM_02086,39K-469.95,Mazda,CX-5,5/19/2024,5/24/2024,2055505,Pham Thi Khoa,0
RENT_HCM_02087,32C-510.80,Hyundai,Grand i10,9/15/2026,9/22/2026,6635776,Hoang Van Giang,0
RENT_HCM_02088,24A-243.28,Hyundai,Grand i10,1/2/2021,1/6/2021,3975592,Ngo Van Khoa,1
RENT_HCM_02089,90A-485.48,Mazda,CX-5,3/12/2025,3/17/2025,2285815,Dang Thi Cuong,0
RENT_HCM_02090,33C-941.96,Kia,Morning,1/4/2021,1/6/2021,1838852,Vu Van Phong,2
RENT_HCM_02091,37E-977.04,Mazda,3,10/19/2025,10/23/2025,2485452,Vu Van Quyen,1
RENT_HCM_02092,96E-688.41,Toyota,Innova,7/2/2023,7/7/2023,4236890,Pham Thi Phong,2
RENT_HCM_02093,68D-390.90,Kia,Morning,12/3/2023,12/7/2023,2197264,Dang Thi Linh,1
RENT_HCM_02094,31F-834.71,Hyundai,Grand i10,8/25/2025,8/26/2025,539575,Vu Van Cuong,1
RENT_HCM_02095,48B-706.17,Toyota,Camry,9/3/2023,9/9/2023,7182030,Tran Thi An,1
RENT_HCM_02096,86G-330.15,Toyota,Vios,2/9/2021,2/10/2021,635319,Tran Thi An,0
RENT_HCM_02097,99C-732.83,Ford,EcoSport,11/20/2025,11/22/2025,2062138,Do Thi Oanh,2
RENT_HCM_02098,77C-211.72,Kia,Seltos,4/26/2026,5/2/2026,3316572,Nguyen Van Nam,0
RENT_HCM_02099,93A-482.11,Toyota,Camry,6/12/2024,6/17/2024,2641770,Le Van Nam,1
RENT_HCM_02100,66F-164.86,Kia,Soluto,3/1/2023,3/6/2023,5249635,Do Thi Em,1
RENT_HCM_02101,28B-288.64,Hyundai,Accent,8/14/2026,8/17/2026,1728006,Tran Thi An,0
RENT_HCM_02102,85E-378.37,Ford,Ranger,8/19/2022,8/26/2022,6392043,Dang Thi Phong,1
RENT_HCM_02103,11G-731.54,Honda,City,3/5/2021,3/9/2021,3895820,Hoang Van Cuong,1
RENT_HCM_02104,77B-234.63,Mazda,3,2/15/2022,2/17/2022,2271404,Bui Thi Cuong,0
RENT_HCM_02105,69F-764.42,Mazda,CX-5,11/9/2021,11/11/2021,1042778,Vu Van Oanh,3
RENT_HCM_02106,24A-237.02,Hyundai,Accent,9/8/2026,9/15/2026,4913496,Do Thi Phuc,2
RENT_HCM_02107,14B-920.02,Toyota,Vios,1/19/2024,1/23/2024,4539740,Nguyen Van Nam,3
RENT_HCM_02108,30E-325.25,Kia,Morning,10/11/2021,10/17/2021,5757054,Vu Van Cuong,1
RENT_HCM_02109,99C-732.83,Ford,EcoSport,2/19/2026,2/25/2026,6506814,Le Van Em,0
RENT_HCM_02110,96E-688.41,Toyota,Innova,11/8/2025,11/10/2025,1730864,Ngo Van Binh,1
RENT_HCM_02111,66G-887.42,Vinfast,Lux A2.0,5/13/2021,5/19/2021,2467860,Hoang Van Hoa,0
RENT_HCM_02112,96B-415.49,Mazda,3,3/7/2026,3/8/2026,1030810,Tran Thi Minh,1
RENT_HCM_02113,53E-229.68,Vinfast,Fadil,2/11/2021,2/13/2021,1433684,Nguyen Van Nam,2
RENT_HCM_02114,26D-656.30,Honda,City,12/3/2021,12/4/2021,983354,Pham Thi Phong,1
RENT_HCM_02115,15C-124.07,Toyota,Innova,1/17/2024,1/21/2024,2507132,Nguyen Van Cuong,1
RENT_HCM_02116,24E-955.46,Toyota,Vios,1/14/2024,1/21/2024,6425909,Ngo Van Phong,0
RENT_HCM_02117,94E-578.12,Hyundai,i10,9/27/2024,9/29/2024,2146802,Tran Thi Nam,0
RENT_HCM_02118,39K-469.95,Mazda,CX-5,10/24/2021,10/25/2021,533381,Hoang Van Binh,1
RENT_HCM_02119,14C-459.98,Ford,EcoSport,2/26/2025,3/3/2025,5828180,Le Van Phong,1
RENT_HCM_02120,46E-807.16,Honda,City,12/26/2022,12/28/2022,2066096,Do Thi Khoa,1
RENT_HCM_02121,42H-912.12,Toyota,Innova,9/23/2021,9/28/2021,2346210,Vu Van Khoa,2
RENT_HCM_02122,72D-907.40,Hyundai,i10,4/7/2022,4/8/2022,853716,Le Van Cuong,0
RENT_HCM_02123,85H-903.18,Kia,Morning,12/9/2023,12/16/2023,5557405,Le Van Dung,0
RENT_HCM_02124,69D-543.35,Honda,City,1/29/2023,1/31/2023,2330484,Pham Thi Oanh,2
RENT_HCM_02125,40G-744.81,Honda,City,8/26/2023,9/1/2023,2941704,Bui Thi Khoa,0
RENT_HCM_02126,66G-887.42,Vinfast,Lux A2.0,12/2/2023,12/9/2023,5353425,Hoang Van Giang,0
RENT_HCM_02127,45D-330.83,Mazda,CX-5,2/23/2023,2/28/2023,4910965,Vu Van Phuc,0
RENT_HCM_02128,90A-485.48,Mazda,CX-5,8/24/2023,8/27/2023,1336320,Dang Thi Phuc,0
RENT_HCM_02129,84A-192.77,Toyota,Camry,12/18/2023,12/23/2023,2453180,Dang Thi Cuong,1
RENT_HCM_02130,11C-493.44,Mazda,3,4/25/2026,5/2/2026,5354041,Ngo Van Nam,0
RENT_HCM_02131,39H-996.40,Honda,CR-V,8/21/2022,8/23/2022,1836238,Bui Thi Em,0
RENT_HCM_02132,28A-321.73,Hyundai,Accent,9/8/2023,9/15/2023,4716929,Hoang Van Giang,0
RENT_HCM_02133,90F-168.01,Toyota,Vios,3/9/2025,3/14/2025,4933615,Ngo Van An,2
RENT_HCM_02134,40A-169.95,Toyota,Vios,2/21/2025,2/22/2025,696629,Pham Thi Binh,0
RENT_HCM_02135,90D-598.73,Toyota,Innova,7/14/2023,7/17/2023,3403962,Bui Thi Cuong,0
RENT_HCM_02136,76K-194.55,Toyota,Innova,12/20/2024,12/23/2024,1341339,Pham Thi Minh,0
RENT_HCM_02137,80G-716.32,Kia,Soluto,8/24/2026,8/26/2026,1299346,Do Thi Quyen,0
RENT_HCM_02138,38C-142.53,Hyundai,i10,5/15/2026,5/22/2026,4538317,Le Van Giang,2
RENT_HCM_02139,70D-192.58,Kia,Morning,6/6/2026,6/13/2026,6469183,Tran Thi Nam,1
RENT_HCM_02140,66G-887.42,Vinfast,Lux A2.0,6/26/2025,6/28/2025,1593800,Tran Thi An,3
RENT_HCM_02141,14G-415.24,Hyundai,i10,12/22/2021,12/26/2021,3146848,Tran Thi Giang,0
RENT_HCM_02142,20A-146.45,Honda,City,7/23/2021,7/24/2021,596455,Nguyen Van Dung,0
RENT_HCM_02143,68A-588.72,Ford,EcoSport,3/8/2024,3/12/2024,1606696,Le Van An,1
RENT_HCM_02144,93A-482.11,Toyota,Camry,7/12/2022,7/14/2022,1335892,Dang Thi Dung,1
RENT_HCM_02145,73D-927.45,Mazda,CX-5,1/12/2025,1/13/2025,463068,Nguyen Van Hoa,0
RENT_HCM_02146,37G-231.27,Toyota,Camry,4/9/2021,4/16/2021,7936495,Nguyen Van An,3
RENT_HCM_02147,63A-217.47,Hyundai,i10,12/20/2021,12/26/2021,3496404,Hoang Van Oanh,0
RENT_HCM_02148,71D-707.45,Mazda,3,4/25/2026,5/2/2026,4031482,Dang Thi Dung,0
RENT_HCM_02149,53K-126.49,Toyota,Innova,4/7/2022,4/10/2022,2042469,Vu Van Oanh,1
RENT_HCM_02150,37G-231.27,Toyota,Camry,1/7/2022,1/10/2022,1876290,Vu Van Dung,2
RENT_HCM_02151,73D-927.45,Mazda,CX-5,7/22/2024,7/27/2024,3072190,Nguyen Van An,2
RENT_HCM_02152,63A-217.47,Hyundai,i10,2/20/2024,2/21/2024,795735,Pham Thi Oanh,0
RENT_HCM_02153,11C-738.22,Vinfast,Fadil,3/19/2026,3/21/2026,1394888,Hoang Van Dung,1
RENT_HCM_02154,37E-977.04,Mazda,3,7/25/2021,7/31/2021,6703554,Tran Thi Linh,0
RENT_HCM_02155,13H-835.85,Ford,EcoSport,3/18/2021,3/25/2021,3827663,Pham Thi Dung,1
RENT_HCM_02156,64F-676.74,Hyundai,Accent,12/22/2021,12/24/2021,1216784,Nguyen Van Em,0
RENT_HCM_02157,83B-797.49,Mazda,3,7/30/2026,8/5/2026,4096416,Bui Thi Minh,0
RENT_HCM_02158,72H-414.63,Ford,Ranger,9/18/2022,9/23/2022,5834285,Dang Thi Minh,2
RENT_HCM_02159,62G-115.18,Ford,Ranger,4/21/2023,4/28/2023,2878302,Tran Thi An,0
RENT_HCM_02160,94G-517.12,Mazda,CX-5,6/14/2021,6/16/2021,2234996,Dang Thi Dung,1
RENT_HCM_02161,46C-855.60,Vinfast,Fadil,6/23/2025,6/25/2025,1171038,Pham Thi Em,1
RENT_HCM_02162,68A-588.72,Ford,EcoSport,8/3/2023,8/5/2023,1122514,Vu Van Hoa,2
RENT_HCM_02163,86G-330.15,Toyota,Vios,10/24/2025,10/30/2025,2453916,Nguyen Van Phuc,3
RENT_HCM_02164,33F-566.78,Toyota,Vios,2/15/2024,2/19/2024,3948428,Tran Thi Phuc,0
RENT_HCM_02165,18E-187.25,Mazda,3,6/30/2021,7/5/2021,5947905,Le Van Linh,0
RENT_HCM_02166,90A-485.48,Mazda,CX-5,7/6/2022,7/8/2022,1878558,Pham Thi Em,0
RENT_HCM_02167,24E-955.46,Toyota,Vios,9/20/2023,9/22/2023,1865040,Le Van Phong,0
RENT_HCM_02168,21G-202.34,Honda,City,3/2/2025,3/5/2025,1597131,Tran Thi Nam,0
RENT_HCM_02169,20A-146.45,Honda,City,6/14/2026,6/19/2026,4704830,Le Van Nam,0
RENT_HCM_02170,38C-142.53,Hyundai,i10,9/9/2022,9/15/2022,4075500,Dang Thi Linh,2
RENT_HCM_02171,36F-989.46,Mazda,3,5/26/2024,6/1/2024,5310582,Pham Thi Khoa,2
RENT_HCM_02172,15C-124.07,Toyota,Innova,8/28/2023,9/2/2023,3466055,Dang Thi Em,0
RENT_HCM_02173,18A-563.17,Toyota,Innova,5/10/2023,5/11/2023,996926,Hoang Van Phong,0
RENT_HCM_02174,37E-977.04,Mazda,3,8/7/2026,8/8/2026,986572,Ngo Van Oanh,0
RENT_HCM_02175,28B-378.39,Toyota,Innova,7/14/2021,7/18/2021,3297620,Bui Thi Dung,1
RENT_HCM_02176,27B-423.19,Hyundai,Grand i10,12/19/2021,12/22/2021,3313866,Bui Thi Minh,3
RENT_HCM_02177,24E-955.46,Toyota,Vios,3/3/2022,3/9/2022,4922916,Nguyen Van Cuong,0
RENT_HCM_02178,33C-941.96,Kia,Morning,2/2/2022,2/3/2022,941092,Tran Thi Phong,0
RENT_HCM_02179,86G-330.15,Toyota,Vios,6/1/2021,6/8/2021,5327175,Hoang Van Oanh,2
RENT_HCM_02180,21G-202.34,Honda,City,3/12/2024,3/18/2024,6657558,Do Thi Quyen,0
RENT_HCM_02181,31E-660.71,Toyota,Camry,5/24/2024,5/27/2024,2996829,Bui Thi Hoa,0
RENT_HCM_02182,12G-744.89,Mazda,CX-5,6/20/2026,6/25/2026,2099150,Bui Thi Minh,0
RENT_HCM_02183,54G-335.06,Honda,CR-V,10/15/2023,10/22/2023,8079757,Vu Van Oanh,0
RENT_HCM_02184,59B-706.42,Toyota,Vios,8/13/2025,8/14/2025,682557,Le Van An,3
RENT_HCM_02185,72C-183.23,Ford,Ranger,10/9/2024,10/11/2024,1588310,Le Van Linh,0
RENT_HCM_02186,15F-595.30,Honda,City,12/1/2025,12/7/2025,5723664,Nguyen Van Quyen,1
RENT_HCM_02187,25A-321.29,Toyota,Innova,8/26/2026,8/28/2026,2134976,Bui Thi Phuc,0
RENT_HCM_02188,36K-772.94,Ford,EcoSport,8/6/2026,8/12/2026,6643794,Nguyen Van Hoa,3
RENT_HCM_02189,36D-337.43,Vinfast,Lux A2.0,11/30/2024,12/2/2024,1943886,Hoang Van Hoa,0
RENT_HCM_02190,45C-536.55,Ford,EcoSport,5/2/2026,5/3/2026,1047368,Do Thi Phuc,1
RENT_HCM_02191,22E-897.25,Mazda,CX-5,5/17/2025,5/22/2025,2210410,Tran Thi An,2
RENT_HCM_02192,55B-647.43,Mazda,3,1/16/2026,1/21/2026,2747710,Dang Thi Em,0
RENT_HCM_02193,60A-977.72,Hyundai,Grand i10,11/29/2021,11/30/2021,564937,Ngo Van Binh,0
RENT_HCM_02194,77C-680.84,Honda,City,1/27/2023,1/30/2023,3318804,Vu Van An,0
RENT_HCM_02195,12B-182.67,Toyota,Vios,12/13/2021,12/17/2021,3397236,Do Thi Quyen,0
RENT_HCM_02196,55K-383.25,Mazda,3,10/13/2024,10/16/2024,1602486,Pham Thi Linh,2
RENT_HCM_02197,11G-399.40,Kia,Morning,8/28/2022,9/4/2022,3795659,Do Thi Quyen,1
RENT_HCM_02198,32K-304.31,Kia,Morning,10/20/2023,10/22/2023,1782198,Dang Thi Minh,1
RENT_HCM_02199,24E-955.46,Toyota,Vios,8/25/2025,8/30/2025,4049660,Pham Thi Oanh,0
RENT_HCM_02200,28B-288.64,Hyundai,Accent,12/9/2022,12/15/2022,6210618,Pham Thi Em,1
RENT_HCM_02201,87B-430.99,Honda,City,8/2/2025,8/4/2025,2088332,Hoang Van Minh,0
RENT_HCM_02202,13E-299.60,Honda,CR-V,1/30/2025,2/4/2025,3968975,Dang Thi Quyen,0
RENT_HCM_02203,59B-706.42,Toyota,Vios,12/22/2025,12/23/2025,496600,Le Van An,1
RENT_HCM_02204,21A-335.92,Vinfast,Fadil,6/24/2025,6/30/2025,4970262,Tran Thi Phuc,0
RENT_HCM_02205,39C-734.09,Ford,EcoSport,1/9/2024,1/11/2024,2090488,Le Van Quyen,0
RENT_HCM_02206,63A-217.47,Hyundai,i10,8/4/2025,8/5/2025,699221,Le Van Em,0
RENT_HCM_02207,85E-378.37,Ford,Ranger,8/14/2025,8/19/2025,2017430,Dang Thi Khoa,1
RENT_HCM_02208,40E-606.38,Vinfast,Lux A2.0,7/20/2023,7/24/2023,3834036,Nguyen Van Oanh,0
RENT_HCM_02209,30F-808.46,Toyota,Camry,2/8/2025,2/13/2025,3678250,Vu Van Cuong,1
RENT_HCM_02210,12G-744.89,Mazda,CX-5,3/12/2021,3/16/2021,1825848,Bui Thi Phong,0
RENT_HCM_02211,14B-920.02,Toyota,Vios,8/29/2026,9/5/2026,3988803,Tran Thi Phong,0
RENT_HCM_02212,34K-392.12,Kia,Morning,5/6/2021,5/13/2021,7195174,Tran Thi Cuong,0
RENT_HCM_02213,86B-468.95,Toyota,Camry,3/20/2023,3/21/2023,781153,Tran Thi Oanh,1
RENT_HCM_02214,59A-901.69,Kia,Soluto,3/1/2026,3/8/2026,8181922,Dang Thi Quyen,0
RENT_HCM_02215,38G-497.95,Kia,Soluto,11/28/2022,12/5/2022,5065669,Tran Thi Phong,2
RENT_HCM_02216,74A-942.98,Hyundai,Accent,6/11/2023,6/13/2023,1154866,Dang Thi An,0
RENT_HCM_02217,52B-953.14,Kia,Soluto,12/28/2025,1/4/2026,4900714,Nguyen Van Khoa,3
RENT_HCM_02218,94E-578.12,Hyundai,i10,5/18/2021,5/20/2021,1693088,Dang Thi Dung,2
RENT_HCM_02219,47B-414.62,Honda,City,2/15/2022,2/21/2022,6704976,Le Van Nam,0
RENT_HCM_02220,22G-155.46,Hyundai,i10,12/6/2021,12/7/2021,781618,Do Thi Quyen,1
RENT_HCM_02221,77F-485.44,Hyundai,i10,5/7/2026,5/12/2026,5752560,Le Van Dung,0
RENT_HCM_02222,18A-563.17,Toyota,Innova,7/20/2021,7/25/2021,5685550,Bui Thi Phong,1
RENT_HCM_02223,59B-706.42,Toyota,Vios,3/28/2024,4/4/2024,6129039,Pham Thi Nam,0
RENT_HCM_02224,85H-903.18,Kia,Morning,3/22/2025,3/25/2025,1429152,Hoang Van Cuong,2
RENT_HCM_02225,90F-168.01,Toyota,Vios,12/15/2021,12/16/2021,711174,Le Van Em,0
RENT_HCM_02226,85E-378.37,Ford,Ranger,12/19/2022,12/20/2022,681675,Le Van Quyen,2
RENT_HCM_02227,77C-616.68,Toyota,Camry,5/17/2021,5/20/2021,2631024,Ngo Van Hoa,0
RENT_HCM_02228,18C-484.21,Ford,Ranger,4/27/2024,5/4/2024,4333343,Vu Van Giang,0
RENT_HCM_02229,87B-650.29,Toyota,Camry,1/22/2024,1/27/2024,4037805,Tran Thi Hoa,0
RENT_HCM_02230,33C-941.96,Kia,Morning,2/28/2022,3/1/2022,900373,Do Thi Hoa,0
RENT_HCM_02231,66G-887.42,Vinfast,Lux A2.0,9/24/2022,9/30/2022,6353670,Bui Thi Oanh,2
RENT_HCM_02232,47E-150.60,Kia,Seltos,3/3/2022,3/9/2022,5631732,Pham Thi Quyen,2
RENT_HCM_02233,24E-955.46,Toyota,Vios,11/27/2023,11/28/2023,1017192,Bui Thi Nam,0
RENT_HCM_02234,32D-394.35,Toyota,Vios,6/30/2024,7/5/2024,2894050,Bui Thi Dung,1
RENT_HCM_02235,68A-588.72,Ford,EcoSport,11/4/2022,11/11/2022,5613342,Dang Thi Dung,0
RENT_HCM_02236,11H-964.02,Ford,Ranger,2/24/2025,3/1/2025,3084980,Hoang Van Phuc,0
RENT_HCM_02237,11G-399.40,Kia,Morning,9/11/2025,9/15/2025,3156944,Nguyen Van Giang,0
RENT_HCM_02238,38G-497.95,Kia,Soluto,6/2/2025,6/6/2025,4641832,Bui Thi Dung,0
RENT_HCM_02239,14B-920.02,Toyota,Vios,4/21/2023,4/22/2023,424427,Do Thi Binh,1
RENT_HCM_02240,38C-142.53,Hyundai,i10,8/12/2022,8/14/2022,1571240,Dang Thi Binh,0
RENT_HCM_02241,86E-413.23,Toyota,Vios,1/27/2024,1/28/2024,961747,Tran Thi Linh,3
RENT_HCM_02242,52B-953.14,Kia,Soluto,1/3/2023,1/9/2023,2604522,Vu Van Nam,1
RENT_HCM_02243,68C-733.66,Hyundai,Accent,10/24/2023,10/26/2023,1537686,Tran Thi Binh,1
RENT_HCM_02244,38G-497.95,Kia,Soluto,11/30/2025,12/4/2025,4756348,Ngo Van Nam,2
RENT_HCM_02245,87B-430.99,Honda,City,12/13/2025,12/14/2025,993180,Ngo Van Linh,1
RENT_HCM_02246,91A-212.00,Hyundai,Grand i10,2/6/2025,2/11/2025,4762650,Do Thi Em,0
RENT_HCM_02247,35G-898.00,Vinfast,Fadil,10/27/2021,10/28/2021,1032326,Vu Van Phuc,2
RENT_HCM_02248,77C-680.84,Honda,City,7/30/2022,8/1/2022,2089488,Pham Thi Cuong,1
RENT_HCM_02249,18H-105.04,Hyundai,i10,5/28/2023,6/3/2023,7067286,Nguyen Van Giang,0
RENT_HCM_02250,69D-543.35,Honda,City,4/23/2023,4/24/2023,446192,Do Thi Oanh,0
RENT_HCM_02251,14C-459.98,Ford,EcoSport,8/11/2026,8/15/2026,1876036,Ngo Van Hoa,1
RENT_HCM_02252,87B-430.99,Honda,City,12/8/2025,12/14/2025,3500784,Ngo Van Linh,1
RENT_HCM_02253,51G-626.30,Vinfast,Lux A2.0,7/6/2022,7/9/2022,3304866,Nguyen Van Dung,0
RENT_HCM_02254,13C-595.73,Vinfast,Lux A2.0,5/10/2021,5/11/2021,488497,Hoang Van An,1
RENT_HCM_02255,72G-919.68,Toyota,Vios,11/6/2023,11/7/2023,412181,Nguyen Van Cuong,0
RENT_HCM_02256,30D-278.73,Hyundai,Accent,3/10/2021,3/14/2021,1620288,Do Thi Nam,1
RENT_HCM_02257,37B-826.15,Kia,Soluto,1/6/2021,1/7/2021,1135510,Bui Thi Quyen,2
RENT_HCM_02258,90B-179.51,Vinfast,Fadil,5/27/2022,5/28/2022,819902,Bui Thi Linh,0
RENT_HCM_02259,42H-912.12,Toyota,Innova,5/14/2022,5/20/2022,6519990,Le Van Cuong,2
RENT_HCM_02260,36E-560.60,Toyota,Vios,4/9/2023,4/16/2023,4217122,Tran Thi Nam,2
RENT_HCM_02261,92F-931.00,Vinfast,Lux A2.0,1/17/2022,1/23/2022,3364212,Do Thi Binh,0
RENT_HCM_02262,93F-865.25,Mazda,3,5/24/2024,5/26/2024,1862588,Pham Thi Giang,0
RENT_HCM_02263,77C-616.68,Toyota,Camry,1/11/2024,1/12/2024,960515,Vu Van Giang,0
RENT_HCM_02264,66E-447.50,Mazda,CX-5,8/27/2026,9/1/2026,5762680,Nguyen Van Phuc,0
RENT_HCM_02265,29C-652.72,Mazda,3,4/19/2023,4/22/2023,3565422,Dang Thi Nam,1
RENT_HCM_02266,76H-418.80,Hyundai,Accent,7/1/2026,7/8/2026,5118225,Nguyen Van Dung,1
RENT_HCM_02267,77C-680.84,Honda,City,5/5/2023,5/9/2023,3871256,Le Van Giang,2
RENT_HCM_02268,83B-797.49,Mazda,3,10/3/2021,10/10/2021,5276964,Do Thi Nam,0
RENT_HCM_02269,39C-734.09,Ford,EcoSport,9/28/2022,10/1/2022,3315258,Vu Van An,0
RENT_HCM_02270,68A-588.72,Ford,EcoSport,5/16/2026,5/20/2026,2145788,Ngo Van Quyen,1
RENT_HCM_02271,71D-707.45,Mazda,3,9/4/2022,9/5/2022,1084551,Ngo Van Linh,1
RENT_HCM_02272,53K-126.49,Toyota,Innova,7/25/2022,8/1/2022,4417511,Ngo Van Minh,0
RENT_HCM_02273,89G-388.88,Hyundai,Accent,4/25/2022,4/28/2022,2137404,Le Van Giang,0
RENT_HCM_02274,68A-588.72,Ford,EcoSport,8/8/2026,8/11/2026,3587325,Hoang Van Minh,2
RENT_HCM_02275,22G-155.46,Hyundai,i10,6/30/2023,7/5/2023,4994530,Bui Thi Oanh,1
RENT_HCM_02276,86B-468.95,Toyota,Camry,10/9/2024,10/15/2024,6104556,Pham Thi Quyen,0
RENT_HCM_02277,50G-877.98,Hyundai,i10,9/23/2024,9/26/2024,2994342,Bui Thi Minh,1
RENT_HCM_02278,35G-898.00,Vinfast,Fadil,4/7/2022,4/14/2022,4454884,Bui Thi Hoa,1
RENT_HCM_02279,22E-888.71,Honda,CR-V,6/30/2025,7/3/2025,3447873,Do Thi Em,0
RENT_HCM_02280,42H-912.12,Toyota,Innova,10/1/2025,10/3/2025,1864956,Do Thi Oanh,0
RENT_HCM_02281,45F-232.07,Vinfast,Lux A2.0,12/24/2021,12/28/2021,3855404,Do Thi Dung,0
RENT_HCM_02282,55B-647.43,Mazda,3,6/24/2023,6/25/2023,872595,Nguyen Van Nam,1
RENT_HCM_02283,68A-105.33,Toyota,Innova,7/11/2025,7/16/2025,4802190,Do Thi Phuc,3
RENT_HCM_02284,84A-192.77,Toyota,Camry,3/24/2025,3/28/2025,2402148,Pham Thi Minh,1
RENT_HCM_02285,11H-964.02,Ford,Ranger,4/26/2026,4/30/2026,3374896,Dang Thi Oanh,1
RENT_HCM_02286,24E-955.46,Toyota,Vios,6/29/2025,7/2/2025,3243405,Hoang Van Cuong,1
RENT_HCM_02287,39B-248.98,Hyundai,Grand i10,10/26/2021,10/27/2021,1067079,Le Van Phong,1
RENT_HCM_02288,85C-925.94,Hyundai,Grand i10,7/14/2024,7/17/2024,1638921,Hoang Van Giang,0
RENT_HCM_02289,12E-196.98,Ford,EcoSport,4/23/2024,4/25/2024,1747404,Pham Thi Phuc,0
RENT_HCM_02290,55B-647.43,Mazda,3,4/6/2023,4/7/2023,842061,Vu Van Phong,1
RENT_HCM_02291,87C-525.97,Ford,Ranger,10/10/2025,10/14/2025,3321944,Nguyen Van Minh,2
RENT_HCM_02292,11G-731.54,Honda,City,8/19/2022,8/21/2022,2306030,Dang Thi Cuong,2
RENT_HCM_02293,91B-105.47,Toyota,Innova,7/9/2022,7/10/2022,835772,Le Van Minh,1
RENT_HCM_02294,87C-525.97,Ford,Ranger,8/21/2025,8/26/2025,4010225,Nguyen Van Phuc,2
RENT_HCM_02295,95C-492.50,Toyota,Innova,6/5/2022,6/11/2022,3628710,Nguyen Van Em,0
RENT_HCM_02296,87B-373.03,Honda,City,7/25/2024,8/1/2024,5189429,Le Van Hoa,1
RENT_HCM_02297,54G-335.06,Honda,CR-V,5/20/2026,5/27/2026,3169432,Nguyen Van Giang,2
RENT_HCM_02298,36D-337.43,Vinfast,Lux A2.0,4/17/2023,4/19/2023,2147080,Do Thi Hoa,2
RENT_HCM_02299,11C-319.16,Toyota,Innova,5/9/2024,5/11/2024,2353606,Do Thi Binh,0
RENT_HCM_02300,72H-414.63,Ford,Ranger,3/11/2023,3/12/2023,468968,Tran Thi Quyen,1
RENT_HCM_02301,18A-563.17,Toyota,Innova,8/10/2024,8/17/2024,6220984,Tran Thi Khoa,0
RENT_HCM_02302,47B-414.62,Honda,City,7/8/2024,7/12/2024,4294204,Le Van Phong,0
RENT_HCM_02303,87K-428.26,Honda,CR-V,5/2/2023,5/9/2023,5750122,Nguyen Van Hoa,1
RENT_HCM_02304,55K-383.25,Mazda,3,2/11/2021,2/17/2021,3586584,Do Thi Cuong,2
RENT_HCM_02305,11G-399.40,Kia,Morning,8/28/2023,9/1/2023,3928148,Vu Van Em,0
RENT_HCM_02306,96B-415.49,Mazda,3,9/8/2022,9/14/2022,2406084,Ngo Van Dung,1
RENT_HCM_02307,13H-835.85,Ford,EcoSport,3/8/2025,3/10/2025,1145644,Bui Thi Em,1
RENT_HCM_02308,16B-618.82,Hyundai,Grand i10,5/21/2023,5/25/2023,2916624,Tran Thi Minh,0
RENT_HCM_02309,68D-390.90,Kia,Morning,3/6/2021,3/9/2021,3480858,Pham Thi Linh,0
RENT_HCM_02310,89C-852.67,Vinfast,Fadil,5/21/2021,5/25/2021,4263164,Tran Thi Phong,0
RENT_HCM_02311,59C-409.49,Honda,CR-V,7/30/2022,8/4/2022,5403370,Dang Thi Cuong,1
RENT_HCM_02312,45D-330.83,Mazda,CX-5,5/18/2023,5/25/2023,7678853,Dang Thi Binh,0
RENT_HCM_02313,28B-378.39,Toyota,Innova,10/15/2022,10/17/2022,1779232,Vu Van Oanh,0
RENT_HCM_02314,22K-526.15,Hyundai,Accent,1/25/2025,1/28/2025,3575751,Vu Van Minh,0
RENT_HCM_02315,68K-951.28,Hyundai,i10,5/21/2024,5/24/2024,1212666,Pham Thi Minh,0
RENT_HCM_02316,40G-744.81,Honda,City,10/30/2023,11/5/2023,6033342,Nguyen Van Cuong,1
RENT_HCM_02317,96D-497.47,Hyundai,i10,8/14/2024,8/16/2024,1785994,Nguyen Van Linh,0
RENT_HCM_02318,50F-310.34,Kia,Morning,9/6/2026,9/8/2026,2260728,Tran Thi Oanh,1
RENT_HCM_02319,14B-920.02,Toyota,Vios,1/29/2024,2/1/2024,3404316,Tran Thi Binh,0
RENT_HCM_02320,82K-625.14,Honda,City,6/9/2026,6/12/2026,3322500,Hoang Van Minh,2
RENT_HCM_02321,66E-447.50,Mazda,CX-5,1/26/2022,2/1/2022,4176732,Hoang Van Minh,0
RENT_HCM_02322,93F-865.25,Mazda,3,3/10/2024,3/13/2024,1886382,Le Van Phuc,0
RENT_HCM_02323,36F-989.46,Mazda,3,9/27/2026,10/2/2026,5679350,Le Van Em,0
RENT_HCM_02324,11H-964.02,Ford,Ranger,4/8/2026,4/11/2026,1313622,Dang Thi Phuc,2
RENT_HCM_02325,30F-808.46,Toyota,Camry,9/19/2026,9/24/2026,3120675,Nguyen Van Quyen,1
RENT_HCM_02326,94E-578.12,Hyundai,i10,2/27/2022,3/6/2022,5498871,Do Thi Binh,0
RENT_HCM_02327,89G-388.88,Hyundai,Accent,3/30/2022,4/2/2022,1630596,Le Van Phuc,3
RENT_HCM_02328,39H-457.60,Hyundai,Grand i10,8/11/2023,8/18/2023,6004880,Tran Thi Binh,0
RENT_HCM_02329,13H-835.85,Ford,EcoSport,9/11/2025,9/17/2025,4694064,Ngo Van Giang,3
RENT_HCM_02330,45C-524.00,Toyota,Camry,2/1/2021,2/7/2021,5704038,Vu Van Binh,0
RENT_HCM_02331,99E-453.66,Kia,Soluto,11/21/2024,11/22/2024,859474,Dang Thi Phong,1
RENT_HCM_02332,64C-859.87,Toyota,Vios,5/13/2023,5/15/2023,1312756,Tran Thi Binh,2
RENT_HCM_02333,77B-234.63,Mazda,3,1/30/2022,2/6/2022,7656761,Tran Thi Nam,1
RENT_HCM_02334,12G-744.89,Mazda,CX-5,1/9/2021,1/10/2021,838059,Bui Thi Linh,1
RENT_HCM_02335,50D-378.78,Vinfast,Lux A2.0,6/22/2022,6/23/2022,482889,Bui Thi Quyen,1
RENT_HCM_02336,83F-155.85,Vinfast,Fadil,9/12/2021,9/19/2021,3783934,Hoang Van Em,2
RENT_HCM_02337,53K-126.49,Toyota,Innova,11/30/2023,12/2/2023,2328722,Pham Thi Giang,0
RENT_HCM_02338,82K-625.14,Honda,City,2/14/2025,2/17/2025,1551567,Do Thi Oanh,0
RENT_HCM_02339,39H-562.25,Ford,EcoSport,5/2/2025,5/6/2025,3599864,Nguyen Van Phong,0
RENT_HCM_02340,47E-150.60,Kia,Seltos,6/9/2021,6/10/2021,411160,Tran Thi Quyen,0
RENT_HCM_02341,57C-660.60,Toyota,Vios,4/19/2025,4/24/2025,4314995,Le Van Hoa,0
RENT_HCM_02342,23G-543.44,Hyundai,i10,2/28/2023,3/2/2023,1501496,Hoang Van Dung,0
RENT_HCM_02343,77F-485.44,Hyundai,i10,1/21/2023,1/28/2023,3603628,Do Thi Giang,0
RENT_HCM_02344,49C-168.30,Vinfast,Fadil,4/1/2025,4/8/2025,7394989,Hoang Van An,1
RENT_HCM_02345,77A-503.91,Mazda,3,12/23/2022,12/24/2022,435275,Vu Van Linh,0
RENT_HCM_02346,30K-166.87,Hyundai,Accent,4/15/2023,4/17/2023,1658606,Bui Thi Hoa,1
RENT_HCM_02347,81A-639.94,Honda,City,12/8/2021,12/9/2021,836530,Pham Thi Giang,3
RENT_HCM_02348,14B-920.02,Toyota,Vios,11/26/2023,11/28/2023,2302410,Bui Thi An,1
RENT_HCM_02349,28B-378.39,Toyota,Innova,9/20/2025,9/26/2025,6181854,Pham Thi Nam,1
RENT_HCM_02350,19K-348.27,Hyundai,i10,8/3/2022,8/9/2022,2483976,Hoang Van Phuc,2
RENT_HCM_02351,21G-202.34,Honda,City,10/9/2025,10/14/2025,4367735,Nguyen Van Oanh,1
RENT_HCM_02352,32K-304.31,Kia,Morning,4/14/2025,4/20/2025,5685072,Nguyen Van Phuc,0
RENT_HCM_02353,77C-680.84,Honda,City,8/4/2024,8/7/2024,2437545,Ngo Van Em,0
RENT_HCM_02354,28D-108.89,Hyundai,i10,11/20/2024,11/25/2024,3688750,Tran Thi Em,0
RENT_HCM_02355,66F-164.86,Kia,Soluto,12/16/2025,12/20/2025,2444680,Tran Thi Nam,2
RENT_HCM_02356,66F-164.86,Kia,Soluto,3/11/2021,3/15/2021,3306888,Hoang Van Oanh,2
RENT_HCM_02357,47B-414.62,Honda,City,3/12/2024,3/19/2024,7959385,Bui Thi Dung,2
RENT_HCM_02358,62G-115.18,Ford,Ranger,7/20/2021,7/26/2021,5642142,Hoang Van Phuc,2
RENT_HCM_02359,47B-414.62,Honda,City,5/13/2026,5/19/2026,6347256,Pham Thi Oanh,1
RENT_HCM_02360,59B-706.42,Toyota,Vios,7/3/2023,7/7/2023,3833548,Do Thi Oanh,0
RENT_HCM_02361,39H-457.60,Hyundai,Grand i10,3/28/2021,4/2/2021,4383995,Pham Thi Linh,2
RENT_HCM_02362,13C-595.73,Vinfast,Lux A2.0,6/13/2022,6/14/2022,832730,Le Van An,1
RENT_HCM_02363,53E-229.68,Vinfast,Fadil,3/26/2023,4/2/2023,5520893,Tran Thi Minh,1
RENT_HCM_02364,53K-126.49,Toyota,Innova,5/31/2026,6/5/2026,3463950,Dang Thi An,0
RENT_HCM_02365,90B-179.51,Vinfast,Fadil,9/12/2022,9/13/2022,1028032,Ngo Van Quyen,0
RENT_HCM_02366,53K-126.49,Toyota,Innova,8/17/2025,8/19/2025,1844346,Ngo Van Phuc,1
RENT_HCM_02367,78B-364.49,Toyota,Camry,6/15/2022,6/18/2022,1363053,Nguyen Van Binh,1
RENT_HCM_02368,87B-650.29,Toyota,Camry,9/16/2023,9/20/2023,2250388,Pham Thi Hoa,0
RENT_HCM_02369,18H-105.04,Hyundai,i10,3/15/2023,3/17/2023,898612,Le Van Em,0
RENT_HCM_02370,91H-439.88,Mazda,CX-5,3/17/2026,3/19/2026,1616124,Ngo Van An,0
RENT_HCM_02371,98B-587.88,Vinfast,Fadil,1/21/2021,1/25/2021,2516220,Le Van Oanh,0
RENT_HCM_02372,15C-124.07,Toyota,Innova,7/27/2026,7/28/2026,429178,Vu Van An,1
RENT_HCM_02373,31F-834.71,Hyundai,Grand i10,7/21/2024,7/26/2024,5099270,Pham Thi Cuong,0
RENT_HCM_02374,11C-738.22,Vinfast,Fadil,1/13/2026,1/18/2026,5821955,Nguyen Van Quyen,0
RENT_HCM_02375,76K-194.55,Toyota,Innova,4/3/2022,4/10/2022,5049072,Pham Thi Dung,0
RENT_HCM_02376,85E-378.37,Ford,Ranger,5/13/2021,5/19/2021,5830278,Tran Thi Nam,0
RENT_HCM_02377,81H-361.56,Vinfast,Lux A2.0,3/20/2022,3/25/2022,3285790,Dang Thi Linh,1
RENT_HCM_02378,96D-838.67,Vinfast,Lux A2.0,3/30/2024,4/1/2024,1063210,Bui Thi Dung,1
RENT_HCM_02379,42D-602.47,Honda,City,12/5/2023,12/7/2023,1756436,Le Van An,2
RENT_HCM_02380,14B-920.02,Toyota,Vios,11/22/2025,11/26/2025,3738692,Bui Thi Quyen,0
RENT_HCM_02381,22K-526.15,Hyundai,Accent,5/31/2026,6/6/2026,4872564,Do Thi Oanh,1
RENT_HCM_02382,72G-969.58,Toyota,Vios,4/28/2021,5/3/2021,3350640,Ngo Van Oanh,2
RENT_HCM_02383,31A-995.79,Mazda,3,2/20/2021,2/25/2021,3368565,Vu Van Phong,0
RENT_HCM_02384,82E-939.56,Hyundai,Accent,12/2/2024,12/6/2024,3748436,Vu Van Cuong,1
RENT_HCM_02385,18C-484.21,Ford,Ranger,12/29/2025,1/4/2026,4680342,Dang Thi Nam,1
RENT_HCM_02386,80K-657.71,Toyota,Innova,3/7/2024,3/9/2024,1131254,Pham Thi Nam,2
RENT_HCM_02387,21A-335.92,Vinfast,Fadil,5/12/2024,5/17/2024,4773760,Bui Thi Oanh,0
RENT_HCM_02388,48B-706.17,Toyota,Camry,1/31/2023,2/4/2023,3776708,Do Thi Phong,2
RENT_HCM_02389,82K-625.14,Honda,City,11/27/2021,11/28/2021,1122576,Bui Thi Linh,3
RENT_HCM_02390,70D-192.58,Kia,Morning,11/7/2022,11/9/2022,1641598,Ngo Van Cuong,1
RENT_HCM_02391,24A-237.02,Hyundai,Accent,5/2/2023,5/3/2023,475100,Le Van Linh,0
RENT_HCM_02392,71C-946.67,Ford,EcoSport,2/28/2026,3/4/2026,2545232,Bui Thi Linh,0
RENT_HCM_02393,76H-418.80,Hyundai,Accent,1/2/2022,1/9/2022,5169696,Dang Thi Giang,0
RENT_HCM_02394,91H-439.88,Mazda,CX-5,1/10/2021,1/17/2021,4915001,Nguyen Van Binh,0
RENT_HCM_02395,24A-237.02,Hyundai,Accent,9/19/2025,9/25/2025,4950510,Hoang Van Quyen,0
RENT_HCM_02396,67C-665.78,Hyundai,i10,1/6/2025,1/12/2025,7098096,Pham Thi Cuong,2
RENT_HCM_02397,34K-392.12,Kia,Morning,12/23/2022,12/29/2022,5653140,Do Thi Nam,2
RENT_HCM_02398,53K-126.49,Toyota,Innova,9/25/2025,9/28/2025,2546247,Tran Thi An,0
RENT_HCM_02399,43G-993.34,Kia,Soluto,8/2/2023,8/6/2023,2551288,Dang Thi Dung,0
RENT_HCM_02400,22K-526.15,Hyundai,Accent,3/2/2024,3/9/2024,8276331,Tran Thi Nam,0
RENT_HCM_02401,11G-399.40,Kia,Morning,9/6/2021,9/12/2021,5856936,Nguyen Van Phuc,0
RENT_HCM_02402,53E-229.68,Vinfast,Fadil,5/26/2023,6/1/2023,4326570,Ngo Van Phuc,1
RENT_HCM_02403,16K-690.45,Vinfast,Lux A2.0,7/18/2023,7/22/2023,4087440,Pham Thi Dung,0
RENT_HCM_02404,85H-903.18,Kia,Morning,2/4/2025,2/5/2025,867877,Vu Van Quyen,0
RENT_HCM_02405,94E-578.12,Hyundai,i10,5/24/2022,5/27/2022,1221417,Dang Thi Khoa,3
RENT_HCM_02406,46C-855.60,Vinfast,Fadil,6/28/2026,7/5/2026,7393309,Hoang Van An,0
RENT_HCM_02407,67C-665.78,Hyundai,i10,8/21/2024,8/23/2024,1221132,Pham Thi Em,0
RENT_HCM_02408,43G-993.34,Kia,Soluto,9/2/2022,9/6/2022,3460008,Do Thi Hoa,1
RENT_HCM_02409,33B-472.24,Kia,Seltos,8/4/2026,8/9/2026,2638815,Ngo Van Khoa,0
RENT_HCM_02410,89G-388.88,Hyundai,Accent,6/13/2023,6/20/2023,5975564,Le Van Dung,1
RENT_HCM_02411,95B-546.55,Hyundai,Accent,3/20/2025,3/24/2025,1761816,Pham Thi Phong,2
RENT_HCM_02412,40H-661.06,Mazda,3,6/8/2022,6/12/2022,1874592,Do Thi Phuc,0
RENT_HCM_02413,28B-378.39,Toyota,Innova,1/12/2026,1/16/2026,3010468,Bui Thi Hoa,0
RENT_HCM_02414,28B-378.39,Toyota,Innova,6/4/2022,6/8/2022,2234840,Nguyen Van Hoa,3
RENT_HCM_02415,50G-118.24,Honda,CR-V,10/7/2025,10/9/2025,2202828,Dang Thi Phong,0
RENT_HCM_02416,55B-647.43,Mazda,3,8/6/2025,8/9/2025,2504916,Ngo Van Dung,0
RENT_HCM_02417,85H-903.18,Kia,Morning,1/9/2021,1/16/2021,6088110,Le Van Linh,2
RENT_HCM_02418,40A-169.95,Toyota,Vios,8/29/2026,8/30/2026,678323,Ngo Van Nam,0
RENT_HCM_02419,31A-995.79,Mazda,3,1/18/2021,1/21/2021,1913124,Ngo Van Binh,0
RENT_HCM_02420,18C-484.21,Ford,Ranger,11/3/2022,11/10/2022,6799240,Nguyen Van Quyen,0
RENT_HCM_02421,27B-423.19,Hyundai,Grand i10,9/18/2022,9/19/2022,812683,Dang Thi Phuc,2
RENT_HCM_02422,69D-543.35,Honda,City,3/28/2021,3/29/2021,629483,Dang Thi Giang,0
RENT_HCM_02423,69D-543.35,Honda,City,4/13/2022,4/17/2022,4515960,Ngo Van Em,3
RENT_HCM_02424,82K-625.14,Honda,City,11/8/2024,11/14/2024,3939660,Le Van Dung,0
RENT_HCM_02425,50G-118.24,Honda,CR-V,6/25/2026,7/1/2026,5707752,Nguyen Van Hoa,0
RENT_HCM_02426,97D-214.30,Honda,CR-V,1/22/2023,1/29/2023,2826166,Bui Thi Oanh,0
RENT_HCM_02427,72G-969.58,Toyota,Vios,9/4/2024,9/5/2024,967514,Tran Thi Binh,2
RENT_HCM_02428,14C-459.98,Ford,EcoSport,1/27/2024,1/28/2024,868751,Pham Thi Dung,2
RENT_HCM_02429,31A-995.79,Mazda,3,2/16/2023,2/17/2023,497107,Nguyen Van Khoa,0
RENT_HCM_02430,59A-901.69,Kia,Soluto,2/23/2026,2/25/2026,2134160,Vu Van Cuong,1
RENT_HCM_02431,37F-841.13,Kia,Morning,2/9/2021,2/14/2021,5161370,Tran Thi Nam,1
RENT_HCM_02432,40G-744.81,Honda,City,1/16/2026,1/20/2026,3739752,Dang Thi Dung,0
RENT_HCM_02433,13H-835.85,Ford,EcoSport,2/15/2023,2/17/2023,2190160,Bui Thi Linh,2
RENT_HCM_02434,95C-492.50,Toyota,Innova,11/12/2022,11/17/2022,3898445,Tran Thi Em,0
RENT_HCM_02435,11G-399.40,Kia,Morning,12/23/2022,12/25/2022,929742,Do Thi Em,0
RENT_HCM_02436,72D-907.40,Hyundai,i10,4/21/2026,4/26/2026,2267130,Nguyen Van Nam,2
RENT_HCM_02437,74D-805.08,Hyundai,Accent,3/18/2024,3/24/2024,5071476,Ngo Van Linh,2
RENT_HCM_02438,22E-888.71,Honda,CR-V,7/3/2025,7/9/2025,4282164,Tran Thi Dung,2
RENT_HCM_02439,48B-706.17,Toyota,Camry,11/24/2023,11/25/2023,1124625,Dang Thi Oanh,0
RENT_HCM_02440,84G-796.42,Kia,Morning,2/9/2023,2/11/2023,1201220,Vu Van Hoa,1
RENT_HCM_02441,37F-841.13,Kia,Morning,6/27/2024,6/28/2024,996743,Dang Thi Oanh,0
RENT_HCM_02442,49C-168.30,Vinfast,Fadil,5/3/2023,5/5/2023,2337888,Le Van Dung,3
RENT_HCM_02443,39H-996.40,Honda,CR-V,10/23/2025,10/25/2025,1392924,Le Van Oanh,0
RENT_HCM_02444,88K-102.81,Hyundai,Accent,8/18/2026,8/24/2026,5249454,Le Van Giang,1
RENT_HCM_02445,72G-969.58,Toyota,Vios,12/2/2024,12/8/2024,3437370,Ngo Van Phong,0
RENT_HCM_02446,46E-807.16,Honda,City,2/4/2025,2/10/2025,6559644,Do Thi Quyen,1
RENT_HCM_02447,46C-855.60,Vinfast,Fadil,2/8/2021,2/14/2021,6403170,Pham Thi Linh,0
RENT_HCM_02448,25D-448.59,Vinfast,Lux A2.0,9/29/2023,10/5/2023,6153618,Hoang Van Quyen,3
RENT_HCM_02449,50F-310.34,Kia,Morning,10/1/2023,10/6/2023,5684470,Tran Thi Phuc,0
RENT_HCM_02450,28B-288.64,Hyundai,Accent,6/4/2024,6/6/2024,1344826,Do Thi Phuc,1
RENT_HCM_02451,72K-707.72,Toyota,Camry,1/27/2021,1/28/2021,658535,Bui Thi Hoa,0
RENT_HCM_02452,51G-626.30,Vinfast,Lux A2.0,9/16/2025,9/20/2025,2836460,Le Van Em,0
RENT_HCM_02453,91H-439.88,Mazda,CX-5,12/27/2021,1/3/2022,4609535,Hoang Van Oanh,0
RENT_HCM_02454,37E-977.04,Mazda,3,12/27/2021,1/2/2022,6538986,Dang Thi Oanh,0
RENT_HCM_02455,72D-907.40,Hyundai,i10,12/12/2023,12/16/2023,1680936,Pham Thi Giang,2
RENT_HCM_02456,72G-969.58,Toyota,Vios,9/18/2024,9/23/2024,4689695,Do Thi Cuong,0
RENT_HCM_02457,18E-187.25,Mazda,3,8/30/2021,8/31/2021,1096754,Bui Thi Dung,2
RENT_HCM_02458,76K-194.55,Toyota,Innova,11/29/2021,11/30/2021,867608,Hoang Van Minh,0
RENT_HCM_02459,46C-855.60,Vinfast,Fadil,8/16/2023,8/20/2023,4704424,Dang Thi Em,0
RENT_HCM_02460,55B-647.43,Mazda,3,1/13/2022,1/18/2022,3313975,Pham Thi Khoa,0
RENT_HCM_02461,71C-946.67,Ford,EcoSport,10/17/2023,10/19/2023,835732,Nguyen Van Nam,0
RENT_HCM_02462,96H-976.38,Hyundai,i10,9/20/2026,9/26/2026,2792994,Bui Thi Nam,2
RENT_HCM_02463,85H-903.18,Kia,Morning,7/1/2023,7/3/2023,1104816,Nguyen Van Em,1
RENT_HCM_02464,90A-463.29,Hyundai,i10,5/29/2025,6/2/2025,3093932,Dang Thi Binh,2
RENT_HCM_02465,52B-953.14,Kia,Soluto,9/2/2022,9/6/2022,4721592,Pham Thi Quyen,1
RENT_HCM_02466,43K-499.70,Kia,Seltos,10/29/2022,10/31/2022,2042602,Hoang Van Binh,3
RENT_HCM_02467,16B-618.82,Hyundai,Grand i10,5/12/2023,5/16/2023,1643104,Dang Thi Hoa,0
RENT_HCM_02468,33C-941.96,Kia,Morning,6/6/2026,6/10/2026,4558736,Hoang Van Khoa,0
RENT_HCM_02469,39B-248.98,Hyundai,Grand i10,3/11/2023,3/14/2023,2940318,Bui Thi Phong,0
RENT_HCM_02470,18H-105.04,Hyundai,i10,8/30/2026,9/3/2026,1762328,Bui Thi Nam,0
RENT_HCM_02471,74D-805.08,Hyundai,Accent,5/9/2025,5/12/2025,2630301,Pham Thi Minh,2
RENT_HCM_02472,37E-977.04,Mazda,3,4/4/2022,4/8/2022,4372864,Do Thi Khoa,1
RENT_HCM_02473,27B-423.19,Hyundai,Grand i10,4/12/2024,4/14/2024,1697266,Do Thi Quyen,1
RENT_HCM_02474,83B-797.49,Mazda,3,3/21/2026,3/27/2026,3306432,Bui Thi Dung,1
RENT_HCM_02475,74D-805.08,Hyundai,Accent,2/9/2022,2/16/2022,5369588,Tran Thi Em,1
RENT_HCM_02476,25D-575.36,Hyundai,Accent,6/3/2021,6/6/2021,1452966,Vu Van Quyen,0
RENT_HCM_02477,84G-796.42,Kia,Morning,11/10/2021,11/13/2021,1926879,Nguyen Van Nam,2
RENT_HCM_02478,87K-428.26,Honda,CR-V,7/3/2024,7/4/2024,1158582,Bui Thi Dung,1
RENT_HCM_02479,59A-901.69,Kia,Soluto,6/2/2022,6/5/2022,2690118,Bui Thi Quyen,1
RENT_HCM_02480,97D-214.30,Honda,CR-V,7/10/2025,7/14/2025,4269860,Tran Thi Quyen,2
RENT_HCM_02481,96B-415.49,Mazda,3,7/28/2026,7/29/2026,443746,Tran Thi Dung,2
RENT_HCM_02482,77C-616.68,Toyota,Camry,2/29/2024,3/1/2024,1006345,Vu Van Giang,2
RENT_HCM_02483,22G-155.46,Hyundai,i10,7/6/2025,7/11/2025,2114765,Tran Thi Nam,0
RENT_HCM_02484,39B-248.98,Hyundai,Grand i10,9/19/2022,9/20/2022,527654,Bui Thi Cuong,1
RENT_HCM_02485,59A-901.69,Kia,Soluto,6/30/2026,7/5/2026,5679135,Tran Thi Minh,2
RENT_HCM_02486,96D-497.47,Hyundai,i10,1/19/2021,1/21/2021,1457506,Vu Van Minh,1
RENT_HCM_02487,95H-477.98,Kia,Seltos,4/3/2026,4/10/2026,5889765,Nguyen Van Dung,0
RENT_HCM_02488,20K-624.55,Mazda,3,6/24/2023,6/26/2023,977578,Nguyen Van Linh,0
RENT_HCM_02489,39H-896.77,Toyota,Vios,4/17/2025,4/20/2025,2297160,Tran Thi Khoa,0
RENT_HCM_02490,82E-939.56,Hyundai,Accent,1/20/2023,1/26/2023,4764600,Pham Thi Oanh,0
RENT_HCM_02491,77B-234.63,Mazda,3,2/26/2025,3/2/2025,4071616,Vu Van Oanh,0
RENT_HCM_02492,43G-780.01,Kia,Morning,5/6/2023,5/9/2023,3248811,Do Thi Nam,0
RENT_HCM_02493,32F-733.46,Toyota,Vios,1/4/2024,1/7/2024,2126046,Ngo Van Phong,1
RENT_HCM_02494,15A-216.83,Honda,City,2/10/2024,2/14/2024,2966436,Dang Thi Cuong,0
RENT_HCM_02495,50G-877.98,Hyundai,i10,8/1/2025,8/5/2025,2011696,Hoang Van Cuong,0
RENT_HCM_02496,34H-793.09,Mazda,CX-5,10/13/2024,10/18/2024,4119505,Do Thi Binh,0
RENT_HCM_02497,95C-492.50,Toyota,Innova,6/8/2023,6/9/2023,1091123,Le Van Hoa,1
RENT_HCM_02498,49D-328.28,Kia,Morning,1/23/2026,1/25/2026,1228642,Hoang Van Quyen,0
RENT_HCM_02499,47D-840.33,Kia,Morning,5/2/2021,5/5/2021,3493287,Bui Thi Hoa,2
RENT_HCM_02500,39H-457.60,Hyundai,Grand i10,8/27/2024,8/30/2024,3555234,Nguyen Van Phuc,0
RENT_HCM_02501,33B-472.24,Kia,Seltos,11/12/2021,11/17/2021,3032600,Dang Thi Khoa,0
RENT_HCM_02502,51G-626.30,Vinfast,Lux A2.0,10/20/2021,10/26/2021,3541140,Le Van Em,1
RENT_HCM_02503,90D-598.73,Toyota,Innova,12/14/2024,12/21/2024,6766487,Vu Van Oanh,2
RENT_HCM_02504,66F-164.86,Kia,Soluto,3/29/2023,4/5/2023,5033511,Dang Thi Nam,0
RENT_HCM_02505,87B-650.29,Toyota,Camry,12/4/2021,12/6/2021,2143632,Nguyen Van Cuong,3
RENT_HCM_02506,43G-993.34,Kia,Soluto,3/21/2023,3/22/2023,660493,Nguyen Van Hoa,1
RENT_HCM_02507,53E-229.68,Vinfast,Fadil,6/30/2022,7/5/2022,3946585,Tran Thi Hoa,2
RENT_HCM_02508,20K-624.55,Mazda,3,9/21/2022,9/25/2022,2404756,Vu Van An,3
RENT_HCM_02509,25A-321.29,Toyota,Innova,11/29/2021,12/2/2021,3514005,Do Thi Hoa,0
RENT_HCM_02510,87K-428.26,Honda,CR-V,10/1/2023,10/6/2023,2305000,Tran Thi An,1
RENT_HCM_02511,28A-321.73,Hyundai,Accent,1/16/2025,1/23/2025,4400585,Tran Thi Phuc,0
RENT_HCM_02512,72G-969.58,Toyota,Vios,10/1/2025,10/2/2025,903537,Ngo Van Quyen,2
RENT_HCM_02513,30F-808.46,Toyota,Camry,6/22/2023,6/28/2023,6739020,Dang Thi Hoa,1
RENT_HCM_02514,15F-595.30,Honda,City,3/3/2022,3/5/2022,980788,Vu Van Linh,2
RENT_HCM_02515,39K-469.95,Mazda,CX-5,2/18/2023,2/21/2023,1673442,Le Van Phuc,0
RENT_HCM_02516,90B-179.51,Vinfast,Fadil,12/26/2021,12/31/2021,4622660,Dang Thi Phuc,0
RENT_HCM_02517,49F-678.30,Vinfast,Lux A2.0,12/28/2024,1/2/2025,3058425,Nguyen Van Nam,0
RENT_HCM_02518,72K-221.19,Toyota,Innova,4/1/2025,4/4/2025,3592677,Dang Thi Oanh,0
RENT_HCM_02519,45D-330.83,Mazda,CX-5,3/27/2023,4/3/2023,3251542,Dang Thi An,2
RENT_HCM_02520,46C-855.60,Vinfast,Fadil,10/19/2025,10/24/2025,5689795,Vu Van Nam,1
RENT_HCM_02521,19K-348.27,Hyundai,i10,8/21/2025,8/24/2025,2076636,Tran Thi Phong,2
RENT_HCM_02522,77C-616.68,Toyota,Camry,12/12/2024,12/16/2024,2129096,Hoang Van Oanh,1
RENT_HCM_02523,32D-394.35,Toyota,Vios,1/30/2021,2/1/2021,929484,Hoang Van Phong,0
RENT_HCM_02524,86B-468.95,Toyota,Camry,7/9/2026,7/10/2026,1147093,Tran Thi Oanh,1
RENT_HCM_02525,85C-925.94,Hyundai,Grand i10,7/24/2025,7/31/2025,6787879,Ngo Van Nam,0
RENT_HCM_02526,39C-734.09,Ford,EcoSport,5/21/2026,5/25/2026,1911568,Ngo Van Nam,1
RENT_HCM_02527,87B-373.03,Honda,City,5/10/2024,5/11/2024,1029874,Dang Thi Linh,2
RENT_HCM_02528,67C-665.78,Hyundai,i10,1/22/2022,1/24/2022,1358506,Ngo Van Binh,3
RENT_HCM_02529,23G-543.44,Hyundai,i10,5/2/2026,5/5/2026,1616430,Nguyen Van Oanh,1
RENT_HCM_02530,88K-102.81,Hyundai,Accent,3/3/2025,3/4/2025,1046662,Do Thi Cuong,2
RENT_HCM_02531,11H-964.02,Ford,Ranger,3/15/2025,3/21/2025,3077712,Pham Thi Khoa,3
RENT_HCM_02532,43G-993.34,Kia,Soluto,5/28/2024,6/4/2024,3404898,Ngo Van Minh,0
RENT_HCM_02533,13E-299.60,Honda,CR-V,12/2/2022,12/8/2022,2742522,Hoang Van Giang,1
RENT_HCM_02534,62K-469.95,Vinfast,Fadil,11/13/2021,11/17/2021,3642704,Nguyen Van Oanh,0
RENT_HCM_02535,90A-485.48,Mazda,CX-5,1/23/2026,1/24/2026,596620,Pham Thi Phong,0
RENT_HCM_02536,73D-927.45,Mazda,CX-5,3/27/2024,3/30/2024,1955292,Ngo Van An,0
RENT_HCM_02537,13E-299.60,Honda,CR-V,11/15/2021,11/18/2021,3063741,Hoang Van Linh,3
RENT_HCM_02538,37E-977.04,Mazda,3,3/23/2022,3/25/2022,1392864,Hoang Van An,0
RENT_HCM_02539,43G-780.01,Kia,Morning,8/28/2025,9/3/2025,5911362,Vu Van Phong,1
RENT_HCM_02540,90A-463.29,Hyundai,i10,8/5/2021,8/10/2021,5140525,Nguyen Van Phong,0
RENT_HCM_02541,59A-901.69,Kia,Soluto,7/31/2025,8/4/2025,4590692,Le Van Linh,0
RENT_HCM_02542,22E-888.71,Honda,CR-V,12/18/2023,12/25/2023,6569444,Do Thi Dung,1
RENT_HCM_02543,87B-373.03,Honda,City,2/15/2024,2/18/2024,2042355,Dang Thi Oanh,1
RENT_HCM_02544,49F-678.30,Vinfast,Lux A2.0,10/21/2024,10/27/2024,6680820,Dang Thi Phuc,2
RENT_HCM_02545,22E-888.71,Honda,CR-V,3/8/2026,3/14/2026,5436336,Le Van Giang,1
RENT_HCM_02546,95H-477.98,Kia,Seltos,5/5/2022,5/6/2022,621556,Tran Thi Em,0
RENT_HCM_02547,11G-731.54,Honda,City,12/18/2023,12/25/2023,7902496,Do Thi Hoa,2
RENT_HCM_02548,71C-946.67,Ford,EcoSport,1/8/2023,1/14/2023,6038430,Do Thi Nam,0
RENT_HCM_02549,96H-976.38,Hyundai,i10,2/24/2025,2/27/2025,3387894,Bui Thi Nam,1
RENT_HCM_02550,59A-901.69,Kia,Soluto,10/2/2023,10/9/2023,8152634,Do Thi Giang,0
RENT_HCM_02551,11C-319.16,Toyota,Innova,3/21/2024,3/26/2024,3244320,Bui Thi Giang,1
RENT_HCM_02552,73D-927.45,Mazda,CX-5,4/8/2023,4/14/2023,6343104,Pham Thi Oanh,0
RENT_HCM_02553,80K-657.71,Toyota,Innova,8/18/2024,8/23/2024,4123150,Bui Thi Linh,1
RENT_HCM_02554,78C-146.78,Ford,Ranger,6/16/2024,6/20/2024,3517688,Tran Thi Oanh,0
RENT_HCM_02555,72K-707.72,Toyota,Camry,1/7/2022,1/14/2022,5345158,Ngo Van Giang,0
RENT_HCM_02556,77F-485.44,Hyundai,i10,4/7/2022,4/9/2022,1483260,Ngo Van Hoa,2
RENT_HCM_02557,23D-400.10,Kia,Morning,1/16/2022,1/22/2022,6541074,Dang Thi Khoa,0
RENT_HCM_02558,11G-731.54,Honda,City,9/3/2024,9/4/2024,923370,Pham Thi Oanh,3
RENT_HCM_02559,28B-378.39,Toyota,Innova,6/8/2026,6/11/2026,1895799,Pham Thi Cuong,0
RENT_HCM_02560,53E-229.68,Vinfast,Fadil,6/5/2025,6/11/2025,2769504,Le Van Nam,0
RENT_HCM_02561,93F-865.25,Mazda,3,12/30/2022,12/31/2022,1070850,Nguyen Van Nam,1
RENT_HCM_02562,26D-656.30,Honda,City,2/26/2023,3/4/2023,4642206,Nguyen Van Binh,2
RENT_HCM_02563,24E-955.46,Toyota,Vios,11/30/2021,12/4/2021,3735348,Bui Thi Nam,1
RENT_HCM_02564,18H-105.04,Hyundai,i10,5/28/2024,5/29/2024,1058674,Le Van Binh,0
RENT_HCM_02565,45F-232.07,Vinfast,Lux A2.0,6/28/2026,7/4/2026,2742180,Vu Van Dung,0
RENT_HCM_02566,47D-840.33,Kia,Morning,4/3/2022,4/10/2022,7139699,Ngo Van Linh,0
RENT_HCM_02567,54G-335.06,Honda,CR-V,5/8/2023,5/12/2023,2124092,Dang Thi Hoa,1
RENT_HCM_02568,97D-214.30,Honda,CR-V,8/5/2025,8/11/2025,2503860,Bui Thi Phong,1
RENT_HCM_02569,99E-453.66,Kia,Soluto,2/13/2021,2/19/2021,2464182,Le Van Khoa,0
RENT_HCM_02570,23D-400.10,Kia,Morning,7/14/2025,7/19/2025,3303895,Bui Thi Minh,2
RENT_HCM_02571,22K-526.15,Hyundai,Accent,11/28/2022,12/5/2022,8321432,Tran Thi Em,2
RENT_HCM_02572,40E-606.38,Vinfast,Lux A2.0,3/16/2025,3/23/2025,5177018,Nguyen Van An,0
RENT_HCM_02573,26D-656.30,Honda,City,12/22/2024,12/25/2024,1729167,Nguyen Van An,1
RENT_HCM_02574,53E-229.68,Vinfast,Fadil,5/9/2025,5/16/2025,5726707,Do Thi Khoa,0
RENT_HCM_02575,70D-192.58,Kia,Morning,10/11/2024,10/15/2024,2464632,Tran Thi Dung,1
RENT_HCM_02576,15C-124.07,Toyota,Innova,1/30/2022,2/3/2022,2511504,Do Thi Quyen,0
RENT_HCM_02577,39H-562.25,Ford,EcoSport,10/2/2024,10/3/2024,494475,Bui Thi Minh,0
RENT_HCM_02578,25A-321.29,Toyota,Innova,3/12/2026,3/13/2026,895809,Vu Van Giang,1
RENT_HCM_02579,57C-660.60,Toyota,Vios,10/14/2022,10/17/2022,3206259,Tran Thi Binh,0
RENT_HCM_02580,64F-676.74,Hyundai,Accent,7/8/2023,7/14/2023,6271806,Ngo Van Khoa,1
RENT_HCM_02581,43K-499.70,Kia,Seltos,4/13/2024,4/17/2024,4418896,Tran Thi Binh,0
RENT_HCM_02582,30K-166.87,Hyundai,Accent,7/26/2024,7/30/2024,4300640,Tran Thi Em,1
RENT_HCM_02583,59B-706.42,Toyota,Vios,5/14/2024,5/16/2024,906128,Bui Thi Hoa,1
RENT_HCM_02584,11C-738.22,Vinfast,Fadil,9/24/2022,9/28/2022,1788712,Vu Van Minh,0
RENT_HCM_02585,49D-328.28,Kia,Morning,4/20/2026,4/25/2026,5202100,Do Thi Cuong,0
RENT_HCM_02586,64F-676.74,Hyundai,Accent,4/7/2024,4/11/2024,2900268,Pham Thi Khoa,3
RENT_HCM_02587,40G-744.81,Honda,City,7/10/2026,7/13/2026,3018522,Pham Thi Cuong,1
RENT_HCM_02588,81H-361.56,Vinfast,Lux A2.0,8/24/2021,8/26/2021,1656368,Vu Van Phuc,0
RENT_HCM_02589,77C-616.68,Toyota,Camry,1/2/2022,1/6/2022,2884604,Tran Thi Phuc,0
RENT_HCM_02590,38G-497.95,Kia,Soluto,11/29/2022,12/1/2022,1804230,Le Van Phuc,0
RENT_HCM_02591,49D-328.28,Kia,Morning,2/2/2023,2/7/2023,4378355,Le Van Oanh,1
RENT_HCM_02592,26E-180.53,Hyundai,Accent,2/10/2022,2/14/2022,3194228,Hoang Van Em,0
RENT_HCM_02593,72D-907.40,Hyundai,i10,8/14/2021,8/19/2021,4234855,Le Van Dung,0
RENT_HCM_02594,25D-575.36,Hyundai,Accent,12/16/2024,12/21/2024,2064155,Bui Thi Minh,0
RENT_HCM_02595,59C-409.49,Honda,CR-V,9/8/2025,9/14/2025,4681788,Vu Van Quyen,3
RENT_HCM_02596,39C-734.09,Ford,EcoSport,9/15/2026,9/19/2026,4707392,Dang Thi Cuong,2
RENT_HCM_02597,13H-835.85,Ford,EcoSport,1/4/2021,1/5/2021,429416,Le Van Binh,0
RENT_HCM_02598,72C-183.23,Ford,Ranger,4/13/2023,4/15/2023,1782364,Vu Van Giang,1
RENT_HCM_02599,21A-335.92,Vinfast,Fadil,3/17/2024,3/18/2024,1007963,Vu Van Binh,1
RENT_HCM_02600,73A-575.16,Ford,Ranger,4/17/2022,4/20/2022,1228674,Le Van Dung,0
RENT_HCM_02601,62G-115.18,Ford,Ranger,7/8/2025,7/15/2025,6313930,Nguyen Van Khoa,1
RENT_HCM_02602,54G-335.06,Honda,CR-V,11/24/2024,11/28/2024,3002880,Dang Thi Khoa,2
RENT_HCM_02603,71D-707.45,Mazda,3,10/4/2023,10/5/2023,763279,Le Van Phuc,1
RENT_HCM_02604,13H-835.85,Ford,EcoSport,4/9/2021,4/13/2021,2097864,Hoang Van Binh,0
RENT_HCM_02605,39C-734.09,Ford,EcoSport,2/2/2024,2/5/2024,1330539,Nguyen Van Minh,1
RENT_HCM_02606,86B-468.95,Toyota,Camry,2/16/2022,2/23/2022,6038326,Bui Thi Giang,1
RENT_HCM_02607,50G-877.98,Hyundai,i10,3/20/2021,3/24/2021,3460284,Tran Thi Cuong,2
RENT_HCM_02608,43K-499.70,Kia,Seltos,3/28/2026,4/1/2026,3376444,Do Thi Binh,0
RENT_HCM_02609,32F-733.46,Toyota,Vios,7/5/2026,7/11/2026,4659318,Pham Thi An,0
RENT_HCM_02610,22K-526.15,Hyundai,Accent,1/31/2021,2/1/2021,857460,Bui Thi Nam,2
RENT_HCM_02611,93D-583.18,Hyundai,Accent,1/15/2021,1/21/2021,3745518,Bui Thi Phong,0
RENT_HCM_02612,75C-107.61,Vinfast,Fadil,5/5/2022,5/10/2022,2344485,Ngo Van Cuong,1
RENT_HCM_02613,76G-211.58,Hyundai,Accent,3/3/2026,3/6/2026,1506123,Nguyen Van Khoa,2
RENT_HCM_02614,21A-335.92,Vinfast,Fadil,12/16/2022,12/20/2022,4197992,Do Thi Phuc,0
RENT_HCM_02615,77C-680.84,Honda,City,7/13/2026,7/20/2026,8243851,Ngo Van An,0
RENT_HCM_02616,86G-330.15,Toyota,Vios,9/25/2021,9/30/2021,4338595,Nguyen Van Linh,0
RENT_HCM_02617,73D-927.45,Mazda,CX-5,10/17/2023,10/19/2023,1503076,Bui Thi Binh,0
RENT_HCM_02618,96B-415.49,Mazda,3,4/12/2021,4/18/2021,4763982,Pham Thi Giang,1
RENT_HCM_02619,89C-852.67,Vinfast,Fadil,2/1/2024,2/4/2024,3158487,Bui Thi Hoa,0
RENT_HCM_02620,72C-183.23,Ford,Ranger,5/28/2024,6/1/2024,4402788,Hoang Van Oanh,0
RENT_HCM_02621,29C-652.72,Mazda,3,7/30/2026,8/4/2026,2639370,Pham Thi Minh,0
RENT_HCM_02622,14B-920.02,Toyota,Vios,4/22/2025,4/24/2025,2217632,Vu Van Phong,0
RENT_HCM_02623,83F-155.85,Vinfast,Fadil,11/5/2022,11/11/2022,7125408,Pham Thi Dung,0
RENT_HCM_02624,28A-321.73,Hyundai,Accent,7/24/2026,7/28/2026,2090924,Tran Thi An,0
RENT_HCM_02625,26D-656.30,Honda,City,1/29/2026,1/30/2026,898462,Ngo Van Quyen,1
RENT_HCM_02626,14C-459.98,Ford,EcoSport,9/28/2025,10/3/2025,4784520,Le Van Cuong,0
RENT_HCM_02627,40E-606.38,Vinfast,Lux A2.0,8/15/2024,8/22/2024,5626460,Tran Thi Nam,0
RENT_HCM_02628,14G-415.24,Hyundai,i10,8/14/2023,8/20/2023,7145892,Nguyen Van Linh,1
RENT_HCM_02629,63E-560.78,Kia,Morning,3/17/2021,3/23/2021,6172014,Ngo Van Giang,0
RENT_HCM_02630,25B-454.15,Toyota,Innova,4/18/2025,4/23/2025,2437250,Nguyen Van Em,1
RENT_HCM_02631,38G-667.86,Mazda,3,10/29/2023,10/31/2023,2004104,Nguyen Van Hoa,0
RENT_HCM_02632,77A-503.91,Mazda,3,2/9/2026,2/12/2026,1497186,Ngo Van Phong,0
RENT_HCM_02633,96H-976.38,Hyundai,i10,11/6/2022,11/13/2022,7237062,Hoang Van Cuong,0
RENT_HCM_02634,96H-976.38,Hyundai,i10,3/29/2026,4/1/2026,3294228,Bui Thi Phong,2
RENT_HCM_02635,72H-414.63,Ford,Ranger,3/11/2022,3/17/2022,6724518,Nguyen Van Minh,1
RENT_HCM_02636,96H-976.38,Hyundai,i10,4/2/2025,4/9/2025,6408115,Hoang Van Giang,1
RENT_HCM_02637,90B-179.51,Vinfast,Fadil,1/26/2023,1/28/2023,1455700,Hoang Van Minh,1
RENT_HCM_02638,45C-536.55,Ford,EcoSport,2/9/2023,2/14/2023,2441590,Vu Van Giang,0
RENT_HCM_02639,73A-575.16,Ford,Ranger,6/17/2025,6/21/2025,3583504,Dang Thi Quyen,0
RENT_HCM_02640,36F-989.46,Mazda,3,9/14/2024,9/15/2024,939642,Le Van Binh,0
RENT_HCM_02641,72G-969.58,Toyota,Vios,7/11/2022,7/17/2022,7190634,Le Van Em,0
RENT_HCM_02642,20A-146.45,Honda,City,5/2/2021,5/3/2021,987226,Pham Thi Hoa,0
RENT_HCM_02643,92F-931.00,Vinfast,Lux A2.0,12/7/2023,12/11/2023,4730960,Do Thi Hoa,0
RENT_HCM_02644,36F-989.46,Mazda,3,10/3/2023,10/5/2023,2121246,Ngo Van Minh,0
RENT_HCM_02645,57C-660.60,Toyota,Vios,1/11/2026,1/13/2026,1618934,Nguyen Van Phong,1
RENT_HCM_02646,19K-348.27,Hyundai,i10,1/14/2023,1/16/2023,1738378,Vu Van Phuc,1
RENT_HCM_02647,68A-105.33,Toyota,Innova,5/16/2022,5/17/2022,503338,Pham Thi Phong,0
RENT_HCM_02648,94G-517.12,Mazda,CX-5,1/15/2024,1/20/2024,4910520,Vu Van Khoa,1
RENT_HCM_02649,71D-707.45,Mazda,3,1/17/2024,1/24/2024,7769958,Le Van Hoa,1
RENT_HCM_02650,68A-588.72,Ford,EcoSport,2/12/2023,2/18/2023,6259512,Bui Thi Oanh,0
RENT_HCM_02651,13E-299.60,Honda,CR-V,11/18/2021,11/22/2021,3009744,Bui Thi Phuc,2
RENT_HCM_02652,68A-105.33,Toyota,Innova,9/17/2022,9/19/2022,1960746,Do Thi Dung,3
RENT_HCM_02653,56B-609.78,Honda,CR-V,7/29/2025,8/3/2025,5981980,Do Thi Minh,1
RENT_HCM_02654,91A-212.00,Hyundai,Grand i10,1/3/2026,1/5/2026,1367464,Le Van Phong,0
RENT_HCM_02655,95E-747.86,Mazda,CX-5,6/29/2021,7/6/2021,6736653,Tran Thi Giang,0
RENT_HCM_02656,83B-797.49,Mazda,3,6/21/2023,6/22/2023,777687,Do Thi Giang,0
RENT_HCM_02657,75C-107.61,Vinfast,Fadil,4/2/2026,4/8/2026,5812698,Vu Van Minh,2
RENT_HCM_02658,46C-855.60,Vinfast,Fadil,3/1/2025,3/6/2025,4662605,Do Thi Phong,0
RENT_HCM_02659,36K-772.94,Ford,EcoSport,9/27/2026,10/1/2026,2999532,Le Van Giang,2
RENT_HCM_02660,89G-388.88,Hyundai,Accent,12/14/2021,12/17/2021,1932561,Le Van An,2
RENT_HCM_02661,40A-169.95,Toyota,Vios,1/25/2025,1/30/2025,3856915,Vu Van Phong,0
RENT_HCM_02662,51G-626.30,Vinfast,Lux A2.0,11/20/2023,11/25/2023,2915965,Bui Thi Hoa,0
RENT_HCM_02663,84G-796.42,Kia,Morning,6/13/2026,6/20/2026,4825079,Le Van Dung,0
RENT_HCM_02664,14H-574.13,Kia,Morning,9/7/2022,9/14/2022,3757656,Vu Van Khoa,0
RENT_HCM_02665,60A-977.72,Hyundai,Grand i10,1/7/2024,1/12/2024,5590390,Ngo Van Khoa,1
RENT_HCM_02666,34H-793.09,Mazda,CX-5,7/3/2024,7/8/2024,2034265,Le Van Dung,2
RENT_HCM_02667,70D-192.58,Kia,Morning,1/24/2025,1/31/2025,3352195,Le Van Phuc,0
RENT_HCM_02668,77F-485.44,Hyundai,i10,1/3/2025,1/7/2025,3646432,Hoang Van Hoa,0
RENT_HCM_02669,64C-859.87,Toyota,Vios,9/30/2024,10/5/2024,2063515,Le Van Hoa,0
RENT_HCM_02670,74H-842.20,Kia,Morning,1/31/2026,2/2/2026,1142432,Pham Thi Quyen,3
RENT_HCM_02671,28D-108.89,Hyundai,i10,5/23/2022,5/24/2022,1149901,Nguyen Van Cuong,0
RENT_HCM_02672,12E-196.98,Ford,EcoSport,11/19/2022,11/26/2022,7419538,Pham Thi Binh,0
RENT_HCM_02673,39B-248.98,Hyundai,Grand i10,7/24/2024,7/30/2024,4963182,Le Van Khoa,0
RENT_HCM_02674,31E-660.71,Toyota,Camry,11/23/2024,11/28/2024,2479925,Pham Thi Dung,0
RENT_HCM_02675,92F-931.00,Vinfast,Lux A2.0,10/31/2021,11/3/2021,2572008,Vu Van Phuc,1
RENT_HCM_02676,87K-428.26,Honda,CR-V,5/9/2024,5/13/2024,4247816,Do Thi Phuc,2
RENT_HCM_02677,13E-299.60,Honda,CR-V,10/30/2024,11/1/2024,1891652,Nguyen Van Hoa,0
RENT_HCM_02678,62B-172.41,Kia,Soluto,5/2/2022,5/7/2022,4810420,Pham Thi Minh,1
RENT_HCM_02679,50D-378.78,Vinfast,Lux A2.0,4/11/2021,4/16/2021,5012960,Dang Thi Hoa,0
RENT_HCM_02680,68C-733.66,Hyundai,Accent,5/5/2023,5/8/2023,2229207,Nguyen Van Hoa,1
RENT_HCM_02681,83F-155.85,Vinfast,Fadil,8/22/2026,8/23/2026,516020,Le Van Minh,0
RENT_HCM_02682,28A-321.73,Hyundai,Accent,5/12/2023,5/18/2023,3665082,Bui Thi Phuc,0
RENT_HCM_02683,91G-764.50,Toyota,Vios,3/27/2024,3/30/2024,3481797,Dang Thi Phong,1
RENT_HCM_02684,77C-211.72,Kia,Seltos,5/9/2021,5/12/2021,2115327,Ngo Van Nam,0
RENT_HCM_02685,50D-378.78,Vinfast,Lux A2.0,8/25/2026,8/31/2026,4187940,Hoang Van An,1
RENT_HCM_02686,35C-671.07,Hyundai,i10,3/4/2023,3/8/2023,2571208,Hoang Van Binh,0
RENT_HCM_02687,33B-472.24,Kia,Seltos,8/29/2026,8/30/2026,501104,Do Thi An,1
RENT_HCM_02688,35C-671.07,Hyundai,i10,8/5/2023,8/6/2023,1070576,Bui Thi Binh,2
RENT_HCM_02689,42D-602.47,Honda,City,7/23/2024,7/29/2024,3303132,Le Van Minh,1
RENT_HCM_02690,18E-187.25,Mazda,3,2/18/2026,2/19/2026,989006,Nguyen Van Hoa,2
RENT_HCM_02691,49D-328.28,Kia,Morning,4/24/2025,4/26/2025,1352640,Vu Van Quyen,0
RENT_HCM_02692,21A-335.92,Vinfast,Fadil,10/12/2024,10/19/2024,3697764,Nguyen Van Nam,1
RENT_HCM_02693,73A-575.16,Ford,Ranger,2/18/2026,2/19/2026,1083223,Le Van Minh,0
RENT_HCM_02694,46C-855.60,Vinfast,Fadil,10/14/2025,10/17/2025,1613493,Pham Thi Hoa,1
RENT_HCM_02695,45D-330.83,Mazda,CX-5,7/19/2024,7/20/2024,828238,Pham Thi Cuong,0
RENT_HCM_02696,77B-234.63,Mazda,3,2/13/2024,2/16/2024,1787862,Bui Thi Em,0
RENT_HCM_02697,16K-535.88,Kia,Soluto,5/7/2024,5/9/2024,1783106,Nguyen Van Minh,0
RENT_HCM_02698,72H-414.63,Ford,Ranger,11/19/2023,11/24/2023,4133575,Tran Thi Binh,0
RENT_HCM_02699,66G-887.42,Vinfast,Lux A2.0,8/18/2022,8/25/2022,6277551,Ngo Van Dung,0
RENT_HCM_02700,89G-388.88,Hyundai,Accent,10/27/2024,11/1/2024,3388045,Pham Thi Cuong,1
RENT_HCM_02701,59B-706.42,Toyota,Vios,8/4/2024,8/6/2024,1792952,Ngo Van Oanh,2
RENT_HCM_02702,49F-678.30,Vinfast,Lux A2.0,11/22/2023,11/29/2023,3377360,Hoang Van Linh,0
RENT_HCM_02703,64K-177.33,Vinfast,Lux A2.0,9/10/2025,9/14/2025,3974288,Hoang Van Em,1
RENT_HCM_02704,71C-946.67,Ford,EcoSport,1/1/2025,1/6/2025,4333570,Hoang Van Phong,0
RENT_HCM_02705,66E-447.50,Mazda,CX-5,8/24/2025,8/30/2025,3810546,Nguyen Van Minh,1
RENT_HCM_02706,86B-468.95,Toyota,Camry,12/21/2023,12/28/2023,7517237,Hoang Van Khoa,0
RENT_HCM_02707,30F-808.46,Toyota,Camry,3/31/2024,4/4/2024,3928988,Do Thi Phuc,0
RENT_HCM_02708,24E-955.46,Toyota,Vios,5/1/2022,5/4/2022,2149104,Hoang Van An,0
RENT_HCM_02709,39C-734.09,Ford,EcoSport,6/1/2025,6/7/2025,5450988,Tran Thi Em,3
RENT_HCM_02710,49C-168.30,Vinfast,Fadil,12/5/2024,12/6/2024,420267,Hoang Van Quyen,0
RENT_HCM_02711,24E-955.46,Toyota,Vios,11/13/2022,11/15/2022,2095652,Vu Van Minh,0
RENT_HCM_02712,35G-898.00,Vinfast,Fadil,6/5/2026,6/8/2026,2104317,Ngo Van Minh,1
RENT_HCM_02713,90B-179.51,Vinfast,Fadil,7/4/2023,7/8/2023,2896556,Vu Van Nam,0
RENT_HCM_02714,26D-656.30,Honda,City,7/21/2022,7/23/2022,1566054,Do Thi Quyen,0
RENT_HCM_02715,46C-855.60,Vinfast,Fadil,6/29/2026,7/1/2026,1591768,Nguyen Van Oanh,0
RENT_HCM_02716,93D-583.18,Hyundai,Accent,5/12/2022,5/14/2022,2036146,Le Van Phuc,0
RENT_HCM_02717,46C-855.60,Vinfast,Fadil,8/4/2025,8/7/2025,2250942,Hoang Van Giang,1
RENT_HCM_02718,69D-543.35,Honda,City,8/29/2025,9/5/2025,6308750,Bui Thi Phuc,1
RENT_HCM_02719,35G-898.00,Vinfast,Fadil,11/9/2024,11/14/2024,5720290,Nguyen Van Phuc,1
RENT_HCM_02720,92A-672.48,Ford,EcoSport,6/2/2022,6/7/2022,2069160,Vu Van Hoa,1
RENT_HCM_02721,68A-105.33,Toyota,Innova,11/5/2024,11/6/2024,478639,Tran Thi Oanh,0
RENT_HCM_02722,38C-383.91,Ford,Ranger,12/21/2021,12/27/2021,4695102,Ngo Van Hoa,3
RENT_HCM_02723,62H-628.28,Toyota,Camry,6/11/2026,6/18/2026,7537691,Vu Van Minh,1
RENT_HCM_02724,63E-560.78,Kia,Morning,5/10/2023,5/12/2023,909726,Pham Thi Em,0
RENT_HCM_02725,26D-656.30,Honda,City,10/14/2024,10/21/2024,6511953,Hoang Van Em,1
RENT_HCM_02726,18C-484.21,Ford,Ranger,12/3/2021,12/4/2021,789358,Do Thi Khoa,0
RENT_HCM_02727,90A-485.48,Mazda,CX-5,8/12/2023,8/14/2023,1060850,Le Van Oanh,1
RENT_HCM_02728,33F-566.78,Toyota,Vios,7/22/2026,7/26/2026,4287552,Hoang Van Oanh,0
RENT_HCM_02729,27H-701.29,Toyota,Camry,1/1/2025,1/6/2025,4384300,Tran Thi Dung,1
RENT_HCM_02730,62G-115.18,Ford,Ranger,5/14/2021,5/20/2021,2588556,Le Van Dung,0
RENT_HCM_02731,38G-497.95,Kia,Soluto,3/15/2024,3/17/2024,1309558,Pham Thi Cuong,1
RENT_HCM_02732,13H-835.85,Ford,EcoSport,10/27/2025,11/2/2025,6032136,Do Thi Quyen,2
RENT_HCM_02733,90A-485.48,Mazda,CX-5,6/2/2021,6/5/2021,2053485,Pham Thi Khoa,1
RENT_HCM_02734,91G-764.50,Toyota,Vios,3/21/2023,3/24/2023,3580779,Ngo Van Hoa,2
RENT_HCM_02735,23D-400.10,Kia,Morning,2/15/2023,2/17/2023,1377704,Bui Thi Cuong,1
RENT_HCM_02736,48B-706.17,Toyota,Camry,7/2/2021,7/8/2021,6621462,Do Thi Em,0
RENT_HCM_02737,97D-214.30,Honda,CR-V,1/28/2023,2/2/2023,3099625,Pham Thi Giang,1
RENT_HCM_02738,69F-764.42,Mazda,CX-5,6/1/2025,6/8/2025,6834471,Le Van Minh,1
RENT_HCM_02739,66E-447.50,Mazda,CX-5,10/10/2021,10/12/2021,1484252,Le Van Nam,0
RENT_HCM_02740,73D-927.45,Mazda,CX-5,9/2/2025,9/5/2025,2666619,Nguyen Van Phong,0
RENT_HCM_02741,81A-639.94,Honda,City,4/27/2025,5/1/2025,3608160,Do Thi Cuong,2
RENT_HCM_02742,12G-744.89,Mazda,CX-5,10/10/2025,10/17/2025,4646397,Pham Thi An,1
RENT_HCM_02743,72K-221.19,Toyota,Innova,10/29/2024,11/4/2024,4871556,Nguyen Van Quyen,1
RENT_HCM_02744,15A-216.83,Honda,City,5/10/2024,5/11/2024,886864,Tran Thi Phuc,0
RENT_HCM_02745,40A-169.95,Toyota,Vios,5/25/2022,5/29/2022,3264460,Tran Thi Phong,2
RENT_HCM_02746,49F-678.30,Vinfast,Lux A2.0,4/15/2021,4/20/2021,3253200,Dang Thi Phuc,0
RENT_HCM_02747,59C-409.49,Honda,CR-V,3/10/2021,3/15/2021,4612680,Hoang Van Nam,0
RENT_HCM_02748,39H-996.40,Honda,CR-V,5/13/2024,5/19/2024,7054596,Do Thi Giang,3
RENT_HCM_02749,77A-503.91,Mazda,3,12/25/2021,12/31/2021,4771374,Le Van Khoa,1
RENT_HCM_02750,12E-196.98,Ford,EcoSport,5/8/2021,5/13/2021,5806090,Hoang Van Linh,1
RENT_HCM_02751,30E-325.25,Kia,Morning,6/12/2022,6/19/2022,6236727,Tran Thi Oanh,0
RENT_HCM_02752,15F-595.30,Honda,City,1/6/2022,1/11/2022,2763515,Pham Thi An,1
RENT_HCM_02753,85E-378.37,Ford,Ranger,4/17/2026,4/21/2026,3628128,Hoang Van Khoa,0
RENT_HCM_02754,31A-995.79,Mazda,3,8/9/2026,8/13/2026,3208816,Tran Thi Linh,1
RENT_HCM_02755,86E-413.23,Toyota,Vios,4/20/2024,4/24/2024,3924680,Pham Thi Giang,2
RENT_HCM_02756,26E-180.53,Hyundai,Accent,9/28/2026,10/2/2026,4386312,Vu Van Phong,0
RENT_HCM_02757,68A-105.33,Toyota,Innova,10/30/2022,10/31/2022,1022505,Le Van Phuc,0
RENT_HCM_02758,86B-468.95,Toyota,Camry,7/30/2025,8/2/2025,1616037,Tran Thi Quyen,1
RENT_HCM_02759,95B-546.55,Hyundai,Accent,1/29/2024,2/3/2024,4415570,Do Thi Cuong,0
RENT_HCM_02760,45C-524.00,Toyota,Camry,9/22/2021,9/24/2021,816886,Vu Van Phong,0
RENT_HCM_02761,38G-497.95,Kia,Soluto,10/25/2025,10/27/2025,984760,Le Van Linh,1
RENT_HCM_02762,14C-459.98,Ford,EcoSport,4/27/2021,5/1/2021,3991020,Ngo Van Minh,1
RENT_HCM_02763,59B-706.42,Toyota,Vios,6/12/2021,6/13/2021,529609,Do Thi Khoa,0
RENT_HCM_02764,28B-288.64,Hyundai,Accent,11/13/2021,11/16/2021,2464548,Hoang Van Minh,1
RENT_HCM_02765,78C-146.78,Ford,Ranger,1/28/2023,2/4/2023,2996574,Do Thi Em,1
RENT_HCM_02766,33F-566.78,Toyota,Vios,7/1/2026,7/3/2026,1411902,Nguyen Van Linh,1
RENT_HCM_02767,60A-977.72,Hyundai,Grand i10,1/2/2024,1/5/2024,2973336,Bui Thi Oanh,2
RENT_HCM_02768,11G-399.40,Kia,Morning,10/20/2021,10/25/2021,4996550,Do Thi Hoa,0
RENT_HCM_02769,36E-560.60,Toyota,Vios,8/23/2026,8/27/2026,3691516,Bui Thi Binh,0
RENT_HCM_02770,21K-767.03,Hyundai,i10,4/29/2026,5/3/2026,4038812,Do Thi Minh,1
RENT_HCM_02771,95B-546.55,Hyundai,Accent,5/5/2021,5/12/2021,6753873,Do Thi Giang,0
RENT_HCM_02772,30D-278.73,Hyundai,Accent,7/16/2021,7/17/2021,931005,Dang Thi Phuc,2
RENT_HCM_02773,52B-953.14,Kia,Soluto,4/16/2026,4/23/2026,7428274,Le Van Quyen,2
RENT_HCM_02774,95E-747.86,Mazda,CX-5,11/9/2024,11/15/2024,4720482,Tran Thi Oanh,1
RENT_HCM_02775,47D-840.33,Kia,Morning,10/26/2025,11/1/2025,6692226,Tran Thi Em,0
RENT_HCM_02776,75C-107.61,Vinfast,Fadil,6/20/2021,6/26/2021,5166240,Ngo Van Hoa,1
RENT_HCM_02777,13C-595.73,Vinfast,Lux A2.0,6/27/2026,6/28/2026,918648,Tran Thi Dung,1
RENT_HCM_02778,60A-977.72,Hyundai,Grand i10,10/10/2025,10/17/2025,4857580,Bui Thi Phong,1
RENT_HCM_02779,96H-976.38,Hyundai,i10,2/18/2025,2/20/2025,2179766,Vu Van Nam,0
RENT_HCM_02780,71D-707.45,Mazda,3,4/5/2022,4/8/2022,1487343,Bui Thi Cuong,0
RENT_HCM_02781,50G-118.24,Honda,CR-V,5/12/2024,5/13/2024,650861,Pham Thi Oanh,1
RENT_HCM_02782,43K-499.70,Kia,Seltos,5/2/2022,5/3/2022,704765,Nguyen Van Hoa,0
RENT_HCM_02783,16B-618.82,Hyundai,Grand i10,12/5/2022,12/6/2022,808750,Do Thi Nam,0
RENT_HCM_02784,27B-423.19,Hyundai,Grand i10,8/19/2023,8/24/2023,5287785,Vu Van Phong,0
RENT_HCM_02785,35C-671.07,Hyundai,i10,12/10/2023,12/13/2023,1657248,Dang Thi Minh,0
RENT_HCM_02786,19K-348.27,Hyundai,i10,7/25/2021,8/1/2021,3324132,Bui Thi Cuong,1
RENT_HCM_02787,23D-400.10,Kia,Morning,5/9/2024,5/16/2024,7077490,Do Thi Linh,0
RENT_HCM_02788,18C-484.21,Ford,Ranger,10/17/2023,10/24/2023,5430411,Dang Thi Phong,1
RENT_HCM_02789,50D-378.78,Vinfast,Lux A2.0,5/3/2022,5/5/2022,1068372,Le Van An,1
RENT_HCM_02790,32K-304.31,Kia,Morning,8/18/2024,8/19/2024,956751,Ngo Van Nam,0
RENT_HCM_02791,72K-221.19,Toyota,Innova,6/29/2021,7/4/2021,5423900,Dang Thi Minh,0
RENT_HCM_02792,35G-898.00,Vinfast,Fadil,12/23/2025,12/29/2025,5058696,Ngo Van Nam,0
RENT_HCM_02793,96D-497.47,Hyundai,i10,8/14/2024,8/16/2024,1668966,Hoang Van Hoa,0
RENT_HCM_02794,15F-595.30,Honda,City,10/7/2023,10/11/2023,1861504,Ngo Van Linh,1
RENT_HCM_02795,88K-102.81,Hyundai,Accent,7/27/2022,7/30/2022,1848183,Bui Thi Giang,0
RENT_HCM_02796,80H-858.85,Ford,Ranger,11/2/2024,11/6/2024,2050392,Le Van Dung,0
RENT_HCM_02797,49F-678.30,Vinfast,Lux A2.0,12/22/2022,12/29/2022,5445020,Vu Van Hoa,2
RENT_HCM_02798,76B-763.75,Honda,City,8/14/2026,8/18/2026,4558868,Ngo Van Cuong,3
RENT_HCM_02799,12E-196.98,Ford,EcoSport,8/24/2026,8/28/2026,2403560,Ngo Van An,0
RENT_HCM_02800,27G-984.07,Ford,Ranger,10/12/2021,10/17/2021,5701165,Le Van Cuong,0
RENT_HCM_02801,96E-688.41,Toyota,Innova,1/19/2026,1/20/2026,636927,Do Thi Binh,2
RENT_HCM_02802,93A-482.11,Toyota,Camry,11/14/2021,11/18/2021,2967268,Tran Thi Cuong,0
RENT_HCM_02803,18A-563.17,Toyota,Innova,10/14/2024,10/21/2024,5324907,Dang Thi Binh,1
RENT_HCM_02804,23C-148.49,Hyundai,i10,10/17/2025,10/22/2025,5753085,Vu Van Phong,0
RENT_HCM_02805,90B-179.51,Vinfast,Fadil,5/2/2025,5/8/2025,5855226,Hoang Van Binh,1
RENT_HCM_02806,32F-733.46,Toyota,Vios,4/2/2026,4/4/2026,867962,Le Van Phong,0
RENT_HCM_02807,53E-229.68,Vinfast,Fadil,5/8/2022,5/10/2022,1879804,Pham Thi Giang,0
RENT_HCM_02808,31A-995.79,Mazda,3,10/18/2021,10/22/2021,2335056,Bui Thi Phuc,2
RENT_HCM_02809,24A-237.02,Hyundai,Accent,2/16/2026,2/23/2026,6119960,Nguyen Van Phuc,0
RENT_HCM_02810,53K-126.49,Toyota,Innova,2/17/2025,2/18/2025,834045,Tran Thi Oanh,2
RENT_HCM_02811,73A-575.16,Ford,Ranger,2/7/2022,2/13/2022,3519384,Do Thi Nam,0
RENT_HCM_02812,14C-459.98,Ford,EcoSport,3/2/2022,3/5/2022,1659834,Pham Thi Cuong,0
RENT_HCM_02813,90D-598.73,Toyota,Innova,1/19/2024,1/26/2024,5787187,Nguyen Van Cuong,1
RENT_HCM_02814,38C-142.53,Hyundai,i10,9/25/2025,10/2/2025,8279005,Do Thi Phong,0
RENT_HCM_02815,80H-858.85,Ford,Ranger,3/17/2024,3/18/2024,866599,Bui Thi An,0
RENT_HCM_02816,84G-796.42,Kia,Morning,3/23/2021,3/26/2021,2259549,Le Van Hoa,3
RENT_HCM_02817,67C-665.78,Hyundai,i10,8/10/2021,8/11/2021,1032750,Vu Van An,1
RENT_HCM_02818,38G-667.86,Mazda,3,12/20/2024,12/26/2024,3059634,Pham Thi Phuc,1
RENT_HCM_02819,90B-179.51,Vinfast,Fadil,5/16/2026,5/22/2026,6160680,Hoang Van Binh,0
RENT_HCM_02820,95E-747.86,Mazda,CX-5,7/23/2026,7/24/2026,735695,Do Thi Linh,0
RENT_HCM_02821,66E-447.50,Mazda,CX-5,6/26/2021,7/1/2021,3206475,Do Thi An,1
RENT_HCM_02822,49F-678.30,Vinfast,Lux A2.0,12/21/2022,12/24/2022,3267834,Hoang Van Nam,3
RENT_HCM_02823,54G-335.06,Honda,CR-V,5/2/2024,5/7/2024,3006115,Tran Thi Phuc,1
RENT_HCM_02824,93D-583.18,Hyundai,Accent,12/21/2024,12/26/2024,3958195,Tran Thi Phong,2
RENT_HCM_02825,27G-984.07,Ford,Ranger,1/26/2022,1/29/2022,2656755,Dang Thi An,0
RENT_HCM_02826,47B-414.62,Honda,City,6/22/2023,6/25/2023,1647939,Vu Van Minh,1
RENT_HCM_02827,15F-595.30,Honda,City,11/18/2024,11/20/2024,2111256,Pham Thi Nam,2
RENT_HCM_02828,86G-330.15,Toyota,Vios,3/4/2024,3/6/2024,1353646,Pham Thi Em,0
RENT_HCM_02829,18A-563.17,Toyota,Innova,5/21/2024,5/23/2024,1397912,Hoang Van Linh,0
RENT_HCM_02830,47E-150.60,Kia,Seltos,8/30/2025,9/4/2025,5114630,Le Van An,0
RENT_HCM_02831,16K-690.45,Vinfast,Lux A2.0,9/29/2022,10/1/2022,2224896,Dang Thi Cuong,0
RENT_HCM_02832,56B-609.78,Honda,CR-V,3/6/2026,3/10/2026,4667932,Le Van Phong,0
RENT_HCM_02833,39H-562.25,Ford,EcoSport,2/8/2022,2/13/2022,3895280,Bui Thi Khoa,0
RENT_HCM_02834,14B-920.02,Toyota,Vios,1/14/2021,1/19/2021,2422810,Bui Thi Khoa,1
RENT_HCM_02835,78C-146.78,Ford,Ranger,7/21/2024,7/22/2024,756441,Dang Thi Giang,1
RENT_HCM_02836,19K-348.27,Hyundai,i10,3/3/2024,3/5/2024,1662492,Pham Thi Cuong,1
RENT_HCM_02837,66G-320.55,Kia,Soluto,6/14/2022,6/18/2022,2532760,Le Van Linh,3
RENT_HCM_02838,12G-744.89,Mazda,CX-5,6/11/2026,6/12/2026,1141172,Ngo Van Phuc,0
RENT_HCM_02839,55K-383.25,Mazda,3,6/10/2025,6/11/2025,805945,Dang Thi Khoa,1
RENT_HCM_02840,99C-732.83,Ford,EcoSport,8/30/2023,9/1/2023,1389030,Le Van Cuong,0
RENT_HCM_02841,36D-337.43,Vinfast,Lux A2.0,8/9/2025,8/10/2025,851007,Bui Thi Linh,0
RENT_HCM_02842,18E-187.25,Mazda,3,2/7/2023,2/8/2023,777044,Pham Thi An,0
RENT_HCM_02843,72G-969.58,Toyota,Vios,8/2/2023,8/6/2023,4331888,Vu Van Em,1
RENT_HCM_02844,45C-524.00,Toyota,Camry,3/8/2021,3/13/2021,2281290,Vu Van Phuc,0
RENT_HCM_02845,56B-609.78,Honda,CR-V,10/26/2022,10/30/2022,3712028,Ngo Van Linh,0
RENT_HCM_02846,54G-335.06,Honda,CR-V,5/7/2022,5/9/2022,1762944,Hoang Van Khoa,1
RENT_HCM_02847,26E-180.53,Hyundai,Accent,4/14/2023,4/15/2023,873383,Hoang Van Nam,1
RENT_HCM_02848,62B-172.41,Kia,Soluto,9/22/2026,9/25/2026,2721606,Tran Thi Khoa,1
RENT_HCM_02849,42D-602.47,Honda,City,11/29/2024,12/2/2024,2619957,Pham Thi Cuong,0
RENT_HCM_02850,56B-609.78,Honda,CR-V,4/24/2026,4/30/2026,4712160,Le Van Cuong,2
RENT_HCM_02851,63A-217.47,Hyundai,i10,3/6/2024,3/12/2024,3901542,Hoang Van Phong,0
RENT_HCM_02852,76G-211.58,Hyundai,Accent,9/27/2026,9/30/2026,2928981,Bui Thi Nam,2
RENT_HCM_02853,90D-598.73,Toyota,Innova,4/12/2024,4/19/2024,3487841,Hoang Van Khoa,1
RENT_HCM_02854,39H-896.77,Toyota,Vios,2/10/2025,2/13/2025,2718219,Pham Thi Hoa,1
RENT_HCM_02855,59A-901.69,Kia,Soluto,1/4/2026,1/11/2026,8284605,Vu Van Giang,0
RENT_HCM_02856,62H-628.28,Toyota,Camry,8/9/2026,8/14/2026,2365525,Ngo Van Phong,2
RENT_HCM_02857,76B-763.75,Honda,City,3/5/2022,3/9/2022,4274644,Bui Thi Phuc,0
RENT_HCM_02858,11C-493.44,Mazda,3,3/28/2024,3/30/2024,1446454,Vu Van Giang,3
RENT_HCM_02859,13E-299.60,Honda,CR-V,1/30/2024,1/31/2024,545101,Pham Thi Cuong,0
RENT_HCM_02860,72G-919.68,Toyota,Vios,8/6/2023,8/11/2023,5810590,Ngo Van Dung,0
RENT_HCM_02861,66F-164.86,Kia,Soluto,12/27/2023,12/31/2023,1877132,Vu Van Oanh,0
RENT_HCM_02862,72G-969.58,Toyota,Vios,9/23/2025,9/30/2025,7328881,Dang Thi Cuong,0
RENT_HCM_02863,40H-661.06,Mazda,3,6/15/2024,6/20/2024,2810795,Dang Thi Nam,1
RENT_HCM_02864,28B-288.64,Hyundai,Accent,10/30/2024,11/1/2024,1466392,Le Van Hoa,1
RENT_HCM_02865,68K-951.28,Hyundai,i10,9/23/2024,9/25/2024,1826136,Le Van An,1
RENT_HCM_02866,11G-399.40,Kia,Morning,7/23/2022,7/24/2022,733644,Vu Van Binh,0
RENT_HCM_02867,16K-535.88,Kia,Soluto,12/29/2022,1/1/2023,1777344,Nguyen Van Phong,0
RENT_HCM_02868,27B-423.19,Hyundai,Grand i10,5/23/2022,5/28/2022,4215450,Pham Thi Cuong,1
RENT_HCM_02869,60A-977.72,Hyundai,Grand i10,7/22/2026,7/27/2026,4467540,Ngo Van Giang,2
RENT_HCM_02870,98B-587.88,Vinfast,Fadil,11/22/2025,11/24/2025,1498860,Do Thi An,3
RENT_HCM_02871,83B-797.49,Mazda,3,11/10/2021,11/15/2021,3109335,Do Thi Phuc,3
RENT_HCM_02872,94G-517.12,Mazda,CX-5,6/5/2021,6/11/2021,2997252,Bui Thi Phuc,0
RENT_HCM_02873,87B-373.03,Honda,City,11/7/2024,11/12/2024,3830350,Dang Thi Hoa,1
RENT_HCM_02874,66G-320.55,Kia,Soluto,6/6/2024,6/9/2024,3139158,Tran Thi Hoa,0
RENT_HCM_02875,38C-142.53,Hyundai,i10,10/15/2022,10/19/2022,4531036,Dang Thi Nam,0
RENT_HCM_02876,81H-361.56,Vinfast,Lux A2.0,11/1/2021,11/2/2021,1145234,Pham Thi Khoa,3
RENT_HCM_02877,36E-560.60,Toyota,Vios,2/17/2024,2/20/2024,2108463,Do Thi Em,0
RENT_HCM_02878,19K-348.27,Hyundai,i10,9/29/2025,10/6/2025,5990971,Dang Thi An,1
RENT_HCM_02879,62G-115.18,Ford,Ranger,2/17/2026,2/23/2026,6243564,Hoang Van Quyen,2
RENT_HCM_02880,11H-964.02,Ford,Ranger,9/17/2022,9/20/2022,3391347,Ngo Van Minh,1
RENT_HCM_02881,72G-919.68,Toyota,Vios,6/2/2024,6/7/2024,3552195,Hoang Van An,1
RENT_HCM_02882,71C-946.67,Ford,EcoSport,3/7/2024,3/11/2024,2183164,Vu Van Em,0
RENT_HCM_02883,72C-183.23,Ford,Ranger,8/10/2025,8/11/2025,1006414,Pham Thi Nam,0
RENT_HCM_02884,40B-456.25,Hyundai,i10,8/4/2023,8/6/2023,945936,Hoang Van Cuong,2
RENT_HCM_02885,49D-328.28,Kia,Morning,3/22/2023,3/29/2023,8200577,Nguyen Van Phong,2
RENT_HCM_02886,85C-925.94,Hyundai,Grand i10,11/15/2025,11/16/2025,1165463,Pham Thi Em,0
RENT_HCM_02887,18A-563.17,Toyota,Innova,3/19/2023,3/20/2023,812046,Hoang Van Oanh,0
RENT_HCM_02888,72K-221.19,Toyota,Innova,10/12/2022,10/15/2022,3140022,Le Van Dung,1
RENT_HCM_02889,50D-378.78,Vinfast,Lux A2.0,11/16/2023,11/22/2023,4300542,Do Thi Cuong,1
RENT_HCM_02890,90F-168.01,Toyota,Vios,3/28/2025,3/29/2025,897526,Vu Van Minh,0
RENT_HCM_02891,39H-562.25,Ford,EcoSport,9/3/2024,9/7/2024,2482860,Hoang Van Phuc,1
RENT_HCM_02892,92A-672.48,Ford,EcoSport,4/14/2023,4/16/2023,1857714,Pham Thi Quyen,3
RENT_HCM_02893,50G-877.98,Hyundai,i10,12/23/2025,12/27/2025,2350900,Tran Thi Phong,1
RENT_HCM_02894,80K-657.71,Toyota,Innova,12/25/2022,12/26/2022,1013349,Bui Thi Khoa,0
RENT_HCM_02895,43K-499.70,Kia,Seltos,5/6/2021,5/7/2021,665551,Dang Thi Linh,2
RENT_HCM_02896,30E-325.25,Kia,Morning,4/17/2024,4/22/2024,3841775,Nguyen Van Linh,2
RENT_HCM_02897,88K-102.81,Hyundai,Accent,7/5/2025,7/6/2025,830743,Nguyen Van Binh,0
RENT_HCM_02898,29C-652.72,Mazda,3,8/10/2022,8/16/2022,3770166,Hoang Van Nam,0
RENT_HCM_02899,20A-146.45,Honda,City,11/26/2025,12/3/2025,3733205,Pham Thi Nam,1
RENT_HCM_02900,24A-243.28,Hyundai,Grand i10,1/29/2022,2/5/2022,6345738,Ngo Van Em,2
RENT_HCM_02901,13H-835.85,Ford,EcoSport,11/2/2025,11/4/2025,2298950,Do Thi An,0
RENT_HCM_02902,73A-575.16,Ford,Ranger,2/17/2023,2/18/2023,472004,Do Thi Phuc,0
RENT_HCM_02903,18H-105.04,Hyundai,i10,8/17/2022,8/18/2022,924397,Pham Thi Quyen,2
RENT_HCM_02904,12E-196.98,Ford,EcoSport,8/27/2024,8/29/2024,1493136,Do Thi Minh,0
RENT_HCM_02905,83B-797.49,Mazda,3,2/8/2022,2/13/2022,4957625,Bui Thi Linh,0
RENT_HCM_02906,69F-764.42,Mazda,CX-5,11/12/2023,11/19/2023,2904524,Pham Thi An,1
RENT_HCM_02907,47D-840.33,Kia,Morning,3/3/2026,3/10/2026,5630142,Bui Thi Phong,0
RENT_HCM_02908,80K-657.71,Toyota,Innova,11/18/2025,11/21/2025,2582559,Hoang Van Khoa,2
RENT_HCM_02909,25B-454.15,Toyota,Innova,7/11/2026,7/17/2026,5662224,Nguyen Van Quyen,2
RENT_HCM_02910,49E-348.68,Kia,Soluto,8/24/2026,8/25/2026,906783,Dang Thi Hoa,2
RENT_HCM_02911,53K-126.49,Toyota,Innova,7/31/2025,8/7/2025,5298678,Bui Thi Linh,0
RENT_HCM_02912,76K-194.55,Toyota,Innova,5/26/2026,5/28/2026,2099954,Hoang Van Phuc,1
RENT_HCM_02913,22G-155.46,Hyundai,i10,9/22/2022,9/28/2022,4958358,Le Van Oanh,0
RENT_HCM_02914,63A-217.47,Hyundai,i10,4/22/2024,4/25/2024,1604088,Vu Van Khoa,3
RENT_HCM_02915,36D-337.43,Vinfast,Lux A2.0,4/12/2025,4/17/2025,5047900,Vu Van Minh,0
RENT_HCM_02916,81A-639.94,Honda,City,2/20/2025,2/21/2025,459258,Do Thi An,3
RENT_HCM_02917,80K-657.71,Toyota,Innova,2/16/2024,2/22/2024,6067890,Tran Thi Binh,0
RENT_HCM_02918,74H-842.20,Kia,Morning,3/16/2023,3/18/2023,2079032,Ngo Van Em,0
RENT_HCM_02919,66F-164.86,Kia,Soluto,5/7/2024,5/14/2024,7477974,Ngo Van Cuong,3
RENT_HCM_02920,50F-310.34,Kia,Morning,11/17/2021,11/19/2021,1908218,Nguyen Van Hoa,1
RENT_HCM_02921,42H-912.12,Toyota,Innova,6/16/2026,6/22/2026,2698056,Hoang Van Dung,0
RENT_HCM_02922,75C-107.61,Vinfast,Fadil,10/1/2024,10/5/2024,4755656,Hoang Van Dung,1
RENT_HCM_02923,45C-536.55,Ford,EcoSport,9/30/2022,10/4/2022,3851424,Vu Van Hoa,0
RENT_HCM_02924,33B-472.24,Kia,Seltos,1/24/2023,1/27/2023,3070074,Hoang Van Minh,0
RENT_HCM_02925,62A-523.15,Honda,CR-V,8/1/2024,8/6/2024,3063400,Nguyen Van Em,1
RENT_HCM_02926,73A-575.16,Ford,Ranger,8/1/2021,8/4/2021,2150334,Bui Thi Oanh,0
RENT_HCM_02927,83F-155.85,Vinfast,Fadil,2/12/2025,2/16/2025,2213168,Do Thi Phong,1
RENT_HCM_02928,45D-330.83,Mazda,CX-5,10/6/2025,10/8/2025,1568422,Nguyen Van Nam,1
RENT_HCM_02929,56B-609.78,Honda,CR-V,3/28/2026,3/29/2026,566095,Ngo Van Hoa,0
RENT_HCM_02930,72D-907.40,Hyundai,i10,6/25/2022,7/1/2022,3440796,Do Thi Giang,2
RENT_HCM_02931,14H-574.13,Kia,Morning,3/27/2022,3/30/2022,1242546,Vu Van Giang,0
RENT_HCM_02932,93D-583.18,Hyundai,Accent,8/20/2023,8/26/2023,4280178,Dang Thi Nam,0
RENT_HCM_02933,11C-738.22,Vinfast,Fadil,6/30/2022,7/7/2022,6926325,Tran Thi Dung,1
RENT_HCM_02934,39C-734.09,Ford,EcoSport,3/8/2024,3/13/2024,3748890,Tran Thi Cuong,2
RENT_HCM_02935,40B-456.25,Hyundai,i10,9/15/2026,9/16/2026,984759,Bui Thi Hoa,2
RENT_HCM_02936,23D-400.10,Kia,Morning,12/30/2025,1/4/2026,3035840,Bui Thi Quyen,3
RENT_HCM_02937,40A-169.95,Toyota,Vios,1/18/2026,1/20/2026,2118332,Hoang Van Nam,1
RENT_HCM_02938,86C-265.81,Ford,Ranger,12/18/2024,12/20/2024,2103270,Ngo Van Minh,2
RENT_HCM_02939,37B-826.15,Kia,Soluto,7/16/2022,7/22/2022,7055460,Le Van Binh,2
RENT_HCM_02940,13H-835.85,Ford,EcoSport,1/23/2021,1/28/2021,2899570,Nguyen Van Khoa,2
RENT_HCM_02941,46C-855.60,Vinfast,Fadil,12/4/2021,12/11/2021,5299035,Vu Van An,1
RENT_HCM_02942,43G-993.34,Kia,Soluto,5/11/2026,5/16/2026,5410085,Vu Van Cuong,0
RENT_HCM_02943,20K-624.55,Mazda,3,3/2/2022,3/4/2022,2103668,Tran Thi Dung,3
RENT_HCM_02944,86E-413.23,Toyota,Vios,8/13/2024,8/16/2024,2437746,Bui Thi Minh,1
RENT_HCM_02945,15C-124.07,Toyota,Innova,3/4/2023,3/11/2023,7966175,Bui Thi Dung,0
RENT_HCM_02946,39H-996.40,Honda,CR-V,7/22/2024,7/26/2024,2862432,Bui Thi Linh,0
RENT_HCM_02947,53E-229.68,Vinfast,Fadil,9/5/2024,9/7/2024,2056924,Hoang Van Khoa,1
RENT_HCM_02948,72G-919.68,Toyota,Vios,11/14/2021,11/18/2021,1803784,Ngo Van Phong,0
RENT_HCM_02949,55B-647.43,Mazda,3,8/31/2021,9/1/2021,582970,Ngo Van Oanh,2
RENT_HCM_02950,93F-865.25,Mazda,3,12/4/2024,12/5/2024,1001644,Pham Thi Quyen,2
RENT_HCM_02951,62A-523.15,Honda,CR-V,11/29/2024,12/6/2024,4747876,Do Thi Linh,2
RENT_HCM_02952,41C-516.21,Hyundai,i10,8/26/2025,8/27/2025,1090219,Do Thi Dung,3
RENT_HCM_02953,88K-102.81,Hyundai,Accent,2/14/2025,2/18/2025,3154924,Nguyen Van Nam,0
RENT_HCM_02954,19K-348.27,Hyundai,i10,8/10/2023,8/14/2023,4554616,Dang Thi Oanh,2
RENT_HCM_02955,86G-330.15,Toyota,Vios,10/7/2023,10/9/2023,1121852,Ngo Van Phong,0
RENT_HCM_02956,96B-415.49,Mazda,3,1/23/2022,1/25/2022,859346,Vu Van Khoa,0
RENT_HCM_02957,16K-535.88,Kia,Soluto,6/23/2025,6/29/2025,4116660,Tran Thi Hoa,0
RENT_HCM_02958,21K-767.03,Hyundai,i10,7/9/2025,7/15/2025,2881866,Do Thi Nam,2
RENT_HCM_02959,52B-953.14,Kia,Soluto,5/1/2024,5/8/2024,5965127,Dang Thi Dung,1
RENT_HCM_02960,80G-716.32,Kia,Soluto,6/18/2026,6/24/2026,4814040,Le Van Minh,0
RENT_HCM_02961,76H-418.80,Hyundai,Accent,12/19/2023,12/25/2023,2402076,Le Van Em,1
RENT_HCM_02962,16K-535.88,Kia,Soluto,5/23/2026,5/30/2026,5692351,Hoang Van Quyen,1
RENT_HCM_02963,55B-647.43,Mazda,3,2/14/2024,2/16/2024,938372,Hoang Van Nam,0
RENT_HCM_02964,47E-150.60,Kia,Seltos,5/12/2024,5/15/2024,3302934,Do Thi Binh,1
RENT_HCM_02965,32C-510.80,Hyundai,Grand i10,2/15/2023,2/16/2023,574331,Pham Thi Khoa,2
RENT_HCM_02966,80G-716.32,Kia,Soluto,1/15/2026,1/19/2026,1972608,Hoang Van Hoa,1
RENT_HCM_02967,31F-834.71,Hyundai,Grand i10,6/22/2024,6/24/2024,1098258,Ngo Van Phong,1
RENT_HCM_02968,53E-229.68,Vinfast,Fadil,2/20/2023,2/26/2023,4987470,Ngo Van Em,1
RENT_HCM_02969,49E-348.68,Kia,Soluto,6/17/2025,6/21/2025,3769892,Pham Thi Giang,2
RENT_HCM_02970,80G-716.32,Kia,Soluto,5/28/2022,5/31/2022,2021277,Nguyen Van Nam,0
RENT_HCM_02971,20A-146.45,Honda,City,12/10/2022,12/17/2022,7319501,Pham Thi Phuc,2
RENT_HCM_02972,95C-492.50,Toyota,Innova,3/22/2026,3/29/2026,6921656,Ngo Van Minh,0
RENT_HCM_02973,96B-415.49,Mazda,3,1/16/2024,1/20/2024,4229784,Bui Thi Phuc,0
RENT_HCM_02974,72K-707.72,Toyota,Camry,11/11/2024,11/14/2024,3020328,Dang Thi Linh,0
RENT_HCM_02975,93F-865.25,Mazda,3,2/4/2023,2/8/2023,4193720,Dang Thi Quyen,1
RENT_HCM_02976,72K-707.72,Toyota,Camry,2/16/2025,2/18/2025,2395652,Vu Van Binh,0
RENT_HCM_02977,94D-176.27,Ford,Ranger,1/13/2022,1/17/2022,1883708,Vu Van Phuc,1
RENT_HCM_02978,41C-516.21,Hyundai,i10,6/30/2024,7/4/2024,3851240,Pham Thi Binh,1
RENT_HCM_02979,96B-415.49,Mazda,3,4/15/2021,4/21/2021,5653950,Le Van Quyen,1
RENT_HCM_02980,87B-650.29,Toyota,Camry,3/19/2022,3/20/2022,700744,Nguyen Van Em,3
RENT_HCM_02981,72D-907.40,Hyundai,i10,9/18/2022,9/21/2022,2689035,Vu Van Khoa,0
RENT_HCM_02982,22K-526.15,Hyundai,Accent,2/22/2021,2/25/2021,3208752,Ngo Van Minh,0
RENT_HCM_02983,23C-148.49,Hyundai,i10,8/18/2022,8/20/2022,2059228,Nguyen Van Oanh,0
RENT_HCM_02984,21A-335.92,Vinfast,Fadil,10/29/2022,11/5/2022,6240087,Pham Thi Khoa,0
RENT_HCM_02985,59C-409.49,Honda,CR-V,5/27/2026,6/1/2026,4569160,Pham Thi Em,1
RENT_HCM_02986,93D-583.18,Hyundai,Accent,8/12/2021,8/19/2021,8312241,Dang Thi Em,1
RENT_HCM_02987,92D-335.06,Toyota,Camry,2/16/2022,2/18/2022,866456,Nguyen Van Giang,0
RENT_HCM_02988,43G-780.01,Kia,Morning,11/7/2024,11/14/2024,8063307,Pham Thi Phong,0
RENT_HCM_02989,27H-701.29,Toyota,Camry,6/11/2025,6/18/2025,4655175,Vu Van Binh,0
RENT_HCM_02990,71D-707.45,Mazda,3,12/7/2024,12/8/2024,616686,Ngo Van Linh,0
RENT_HCM_02991,40E-511.08,Honda,CR-V,3/11/2026,3/13/2026,2090068,Le Van Phuc,0
RENT_HCM_02992,16B-618.82,Hyundai,Grand i10,4/25/2025,4/26/2025,604309,Bui Thi Minh,1
RENT_HCM_02993,15A-216.83,Honda,City,5/2/2025,5/9/2025,5154919,Hoang Van An,1
RENT_HCM_02994,13C-595.73,Vinfast,Lux A2.0,4/25/2026,4/28/2026,2042112,Pham Thi An,1
RENT_HCM_02995,38C-142.53,Hyundai,i10,5/28/2026,6/2/2026,5663590,Bui Thi Cuong,1
RENT_HCM_02996,57C-660.60,Toyota,Vios,7/24/2021,7/26/2021,1216476,Dang Thi Phuc,1
RENT_HCM_02997,37F-841.13,Kia,Morning,8/30/2025,8/31/2025,859559,Pham Thi Phuc,1
RENT_HCM_02998,15A-216.83,Honda,City,6/15/2024,6/16/2024,611888,Tran Thi Cuong,0
RENT_HCM_02999,96E-688.41,Toyota,Innova,6/23/2024,6/25/2024,1155808,Le Van Minh,0
RENT_HCM_03000,90F-168.01,Toyota,Vios,9/6/2025,9/13/2025,5629085,Ngo Van An,1
RENT_HCM_03001,12E-196.98,Ford,EcoSport,1/4/2022,1/7/2022,2372910,Tran Thi Nam,2
RENT_HCM_03002,83F-155.85,Vinfast,Fadil,2/17/2026,2/18/2026,1152587,Do Thi Oanh,1
RENT_HCM_03003,18C-484.21,Ford,Ranger,6/3/2022,6/9/2022,4772874,Ngo Van Giang,3
RENT_HCM_03004,22G-155.46,Hyundai,i10,1/31/2026,2/1/2026,960600,Nguyen Van Nam,0
RENT_HCM_03005,28A-321.73,Hyundai,Accent,6/6/2024,6/9/2024,2411256,Bui Thi Dung,0
RENT_HCM_03006,71D-707.45,Mazda,3,12/2/2022,12/6/2022,3590964,Ngo Van Binh,0
RENT_HCM_03007,91H-439.88,Mazda,CX-5,8/20/2023,8/25/2023,5388600,Dang Thi Oanh,0
RENT_HCM_03008,25A-321.29,Toyota,Innova,10/14/2025,10/20/2025,6858486,Le Van Linh,1
RENT_HCM_03009,63A-217.47,Hyundai,i10,7/19/2021,7/26/2021,5034386,Do Thi Quyen,0
RENT_HCM_03010,87B-373.03,Honda,City,1/18/2022,1/23/2022,3919330,Vu Van Phong,0
RENT_HCM_03011,87C-525.97,Ford,Ranger,8/28/2026,8/31/2026,1282167,Le Van Minh,1
RENT_HCM_03012,76B-763.75,Honda,City,7/10/2021,7/14/2021,1897372,Do Thi Em,0
RENT_HCM_03013,13E-299.60,Honda,CR-V,1/13/2025,1/18/2025,5007860,Hoang Van Phong,3
RENT_HCM_03014,45F-232.07,Vinfast,Lux A2.0,11/24/2021,11/30/2021,4748904,Hoang Van Em,2
RENT_HCM_03015,28D-108.89,Hyundai,i10,1/19/2026,1/21/2026,2351408,Nguyen Van Oanh,2
RENT_HCM_03016,89C-852.67,Vinfast,Fadil,5/19/2026,5/24/2026,5051710,Hoang Van Phuc,0
RENT_HCM_03017,45C-524.00,Toyota,Camry,7/4/2025,7/9/2025,3508715,Ngo Van Hoa,0
RENT_HCM_03018,62A-523.15,Honda,CR-V,7/5/2022,7/9/2022,1930692,Vu Van Cuong,1
RENT_HCM_03019,87C-525.97,Ford,Ranger,3/10/2022,3/15/2022,4165195,Pham Thi Minh,0
RENT_HCM_03020,50F-310.34,Kia,Morning,1/12/2023,1/15/2023,1551660,Do Thi Binh,0
RENT_HCM_03021,30F-808.46,Toyota,Camry,8/26/2022,8/28/2022,1064610,Le Van Linh,2
RENT_HCM_03022,69F-764.42,Mazda,CX-5,3/24/2025,3/27/2025,1555698,Dang Thi Em,0
RENT_HCM_03023,86B-468.95,Toyota,Camry,6/6/2021,6/7/2021,1182327,Pham Thi Cuong,2
RENT_HCM_03024,35C-671.07,Hyundai,i10,6/7/2026,6/12/2026,5629740,Dang Thi Phong,0
RENT_HCM_03025,50G-877.98,Hyundai,i10,2/13/2024,2/20/2024,4285197,Do Thi Khoa,0
RENT_HCM_03026,18A-563.17,Toyota,Innova,12/9/2025,12/14/2025,2996060,Vu Van Oanh,1
RENT_HCM_03027,38G-497.95,Kia,Soluto,2/18/2024,2/22/2024,1984284,Do Thi Giang,0
RENT_HCM_03028,21G-202.34,Honda,City,7/4/2024,7/6/2024,1665554,Nguyen Van Khoa,1
RENT_HCM_03029,16K-535.88,Kia,Soluto,2/23/2021,2/28/2021,5293060,Vu Van Dung,0
RENT_HCM_03030,37K-262.20,Mazda,3,4/12/2023,4/15/2023,1893069,Ngo Van Quyen,0
RENT_HCM_03031,30D-278.73,Hyundai,Accent,9/13/2026,9/17/2026,2520160,Vu Van Minh,0
RENT_HCM_03032,93D-583.18,Hyundai,Accent,11/6/2024,11/8/2024,1210062,Tran Thi Quyen,2
RENT_HCM_03033,25A-321.29,Toyota,Innova,7/21/2022,7/24/2022,2047263,Le Van Binh,0
RENT_HCM_03034,68K-951.28,Hyundai,i10,2/26/2023,3/1/2023,2935953,Bui Thi Oanh,2
RENT_HCM_03035,84G-796.42,Kia,Morning,7/8/2023,7/13/2023,5054905,Nguyen Van Minh,0
RENT_HCM_03036,64C-859.87,Toyota,Vios,1/24/2026,1/29/2026,5808480,Dang Thi Em,0
RENT_HCM_03037,18H-105.04,Hyundai,i10,8/24/2024,8/25/2024,1128812,Pham Thi Em,2
RENT_HCM_03038,92D-335.06,Toyota,Camry,8/31/2022,9/2/2022,1812914,Vu Van Phong,2
RENT_HCM_03039,64K-177.33,Vinfast,Lux A2.0,5/7/2021,5/10/2021,2137131,Ngo Van Dung,3
RENT_HCM_03040,76G-211.58,Hyundai,Accent,10/20/2025,10/26/2025,5329692,Do Thi Em,0
RENT_HCM_03041,92D-335.06,Toyota,Camry,6/16/2026,6/19/2026,1968222,Ngo Van Giang,0
RENT_HCM_03042,15C-124.07,Toyota,Innova,8/4/2026,8/10/2026,5859438,Dang Thi Khoa,0
RENT_HCM_03043,31A-995.79,Mazda,3,4/25/2022,4/27/2022,1150328,Nguyen Van Quyen,2
RENT_HCM_03044,11G-399.40,Kia,Morning,3/22/2021,3/27/2021,3680555,Dang Thi Phuc,2
RENT_HCM_03045,49D-328.28,Kia,Morning,10/10/2021,10/17/2021,3271569,Vu Van Phong,0
RENT_HCM_03046,87K-428.26,Honda,CR-V,10/15/2021,10/18/2021,1295904,Ngo Van Giang,2
RENT_HCM_03047,30F-808.46,Toyota,Camry,6/1/2024,6/3/2024,1065092,Hoang Van Cuong,0
RENT_HCM_03048,92A-672.48,Ford,EcoSport,6/27/2021,7/3/2021,3205644,Tran Thi Phong,0
RENT_HCM_03049,34H-793.09,Mazda,CX-5,4/8/2025,4/9/2025,1165321,Nguyen Van Giang,0
RENT_HCM_03050,38E-944.15,Mazda,3,2/21/2024,2/25/2024,4602984,Tran Thi Cuong,2
RENT_HCM_03051,14C-459.98,Ford,EcoSport,3/4/2024,3/7/2024,1864713,Le Van An,2
RENT_HCM_03052,86G-330.15,Toyota,Vios,8/6/2022,8/12/2022,6866682,Ngo Van Phong,0
RENT_HCM_03053,64C-859.87,Toyota,Vios,5/23/2021,5/25/2021,1855514,Do Thi Cuong,0
RENT_HCM_03054,99E-453.66,Kia,Soluto,9/11/2021,9/13/2021,1276498,Pham Thi Minh,1
RENT_HCM_03055,84A-192.77,Toyota,Camry,12/8/2024,12/10/2024,1729858,Nguyen Van Linh,1
RENT_HCM_03056,30D-278.73,Hyundai,Accent,1/25/2023,2/1/2023,8143891,Nguyen Van Hoa,0
RENT_HCM_03057,13H-835.85,Ford,EcoSport,11/17/2024,11/23/2024,6698652,Nguyen Van Oanh,0
RENT_HCM_03058,38G-667.86,Mazda,3,5/9/2021,5/12/2021,2575587,Tran Thi Em,0
RENT_HCM_03059,32K-304.31,Kia,Morning,4/13/2025,4/14/2025,1189832,Vu Van Nam,0
RENT_HCM_03060,27B-423.19,Hyundai,Grand i10,3/8/2022,3/9/2022,425305,Pham Thi Hoa,0
RENT_HCM_03061,64F-676.74,Hyundai,Accent,9/18/2025,9/21/2025,2200725,Pham Thi Nam,0
RENT_HCM_03062,84A-192.77,Toyota,Camry,7/31/2023,8/3/2023,1921983,Bui Thi Minh,0
RENT_HCM_03063,96D-838.67,Vinfast,Lux A2.0,12/9/2023,12/13/2023,2382640,Hoang Van Dung,1
RENT_HCM_03064,66E-447.50,Mazda,CX-5,5/12/2021,5/13/2021,440638,Hoang Van Linh,0
RENT_HCM_03065,49F-678.30,Vinfast,Lux A2.0,7/17/2024,7/19/2024,1675962,Tran Thi Phong,1
RENT_HCM_03066,47B-414.62,Honda,City,8/22/2022,8/28/2022,6243414,Ngo Van Nam,0
RENT_HCM_03067,14G-415.24,Hyundai,i10,11/15/2021,11/21/2021,6789678,Bui Thi Phuc,1
RENT_HCM_03068,11C-319.16,Toyota,Innova,6/23/2025,6/26/2025,3349416,Le Van Hoa,1
RENT_HCM_03069,48B-706.17,Toyota,Camry,3/26/2025,4/1/2025,3733944,Hoang Van Phong,1
RENT_HCM_03070,78C-146.78,Ford,Ranger,10/14/2024,10/18/2024,3500908,Bui Thi Oanh,0
RENT_HCM_03071,40E-511.08,Honda,CR-V,4/10/2023,4/13/2023,3596166,Hoang Van Dung,0
RENT_HCM_03072,39K-469.95,Mazda,CX-5,10/15/2022,10/18/2022,1940271,Vu Van Hoa,1
RENT_HCM_03073,39H-562.25,Ford,EcoSport,8/14/2023,8/16/2023,2118660,Do Thi Phong,0
RENT_HCM_03074,40G-744.81,Honda,City,10/19/2025,10/25/2025,3286446,Tran Thi Cuong,1
RENT_HCM_03075,36E-560.60,Toyota,Vios,10/19/2024,10/24/2024,4190100,Nguyen Van Phuc,1
RENT_HCM_03076,75C-107.61,Vinfast,Fadil,8/18/2025,8/23/2025,4741920,Le Van Dung,1
RENT_HCM_03077,28B-378.39,Toyota,Innova,6/6/2024,6/7/2024,447963,Pham Thi Linh,0
RENT_HCM_03078,37E-977.04,Mazda,3,8/22/2023,8/23/2023,880651,Tran Thi Cuong,0
RENT_HCM_03079,97D-214.30,Honda,CR-V,9/23/2026,9/26/2026,3264822,Nguyen Van An,0
RENT_HCM_03080,57C-660.60,Toyota,Vios,5/7/2024,5/9/2024,911560,Vu Van Cuong,1
RENT_HCM_03081,26E-180.53,Hyundai,Accent,1/4/2022,1/11/2022,7191590,Dang Thi Cuong,0
RENT_HCM_03082,33B-472.24,Kia,Seltos,7/30/2022,7/31/2022,420893,Ngo Van Phong,0
RENT_HCM_03083,21G-202.34,Honda,City,10/28/2022,11/1/2022,2745280,Le Van Phong,3
RENT_HCM_03084,12B-182.67,Toyota,Vios,10/3/2025,10/9/2025,3071616,Vu Van Khoa,1
RENT_HCM_03085,84A-192.77,Toyota,Camry,9/9/2021,9/12/2021,3445251,Do Thi Em,2
RENT_HCM_03086,50G-877.98,Hyundai,i10,3/25/2022,3/29/2022,3694012,Vu Van Phong,0
RENT_HCM_03087,43G-780.01,Kia,Morning,7/29/2025,8/4/2025,6473184,Bui Thi Cuong,2
RENT_HCM_03088,31G-307.19,Honda,City,11/18/2023,11/24/2023,3547812,Pham Thi Phong,2
RENT_HCM_03089,15A-216.83,Honda,City,7/27/2022,8/3/2022,4806977,Do Thi Cuong,0
RENT_HCM_03090,89C-852.67,Vinfast,Fadil,11/20/2024,11/23/2024,3284001,Dang Thi Nam,1
RENT_HCM_03091,91A-212.00,Hyundai,Grand i10,8/20/2023,8/25/2023,4895220,Vu Van Phong,2
RENT_HCM_03092,28D-108.89,Hyundai,i10,2/23/2023,3/2/2023,7228410,Le Van Giang,1
RENT_HCM_03093,28B-378.39,Toyota,Innova,8/17/2025,8/21/2025,1880120,Nguyen Van Oanh,0
RENT_HCM_03094,65B-452.82,Toyota,Innova,7/10/2024,7/17/2024,7513828,Pham Thi An,0
RENT_HCM_03095,25D-448.59,Vinfast,Lux A2.0,11/14/2024,11/18/2024,1867724,Le Van Phong,1
RENT_HCM_03096,19K-348.27,Hyundai,i10,8/23/2026,8/28/2026,4793960,Tran Thi Phong,0
RENT_HCM_03097,90A-463.29,Hyundai,i10,11/27/2022,11/28/2022,1065646,Ngo Van Minh,0
RENT_HCM_03098,66F-164.86,Kia,Soluto,7/8/2022,7/10/2022,1352124,Tran Thi An,2
RENT_HCM_03099,68A-105.33,Toyota,Innova,4/16/2025,4/19/2025,1867212,Pham Thi Binh,1
RENT_HCM_03100,68A-105.33,Toyota,Innova,6/16/2023,6/21/2023,4430250,Vu Van Oanh,1
RENT_HCM_03101,77B-234.63,Mazda,3,8/20/2024,8/24/2024,2133280,Hoang Van Hoa,0
RENT_HCM_03102,76K-194.55,Toyota,Innova,3/27/2024,4/2/2024,2427612,Pham Thi Nam,0
RENT_HCM_03103,45C-536.55,Ford,EcoSport,12/24/2025,12/26/2025,1949664,Hoang Van Linh,0
RENT_HCM_03104,11H-964.02,Ford,Ranger,2/12/2026,2/13/2026,437373,Tran Thi An,3
RENT_HCM_03105,55K-383.25,Mazda,3,12/30/2022,1/5/2023,3519258,Pham Thi Binh,2
RENT_HCM_03106,68A-105.33,Toyota,Innova,9/1/2026,9/3/2026,2241178,Vu Van Phuc,0
RENT_HCM_03107,91A-212.00,Hyundai,Grand i10,1/20/2025,1/26/2025,6517854,Vu Van Giang,2
RENT_HCM_03108,99C-732.83,Ford,EcoSport,12/31/2024,1/3/2025,1743954,Bui Thi Dung,2
RENT_HCM_03109,50G-877.98,Hyundai,i10,3/2/2024,3/5/2024,1721847,Vu Van Minh,2
RENT_HCM_03110,91H-439.88,Mazda,CX-5,12/25/2022,12/27/2022,1376756,Nguyen Van Hoa,1
RENT_HCM_03111,72H-414.63,Ford,Ranger,8/5/2022,8/11/2022,3843822,Hoang Van Cuong,1
RENT_HCM_03112,42D-602.47,Honda,City,1/19/2021,1/25/2021,5263968,Hoang Van Phuc,1
RENT_HCM_03113,16B-618.82,Hyundai,Grand i10,6/9/2024,6/11/2024,1081872,Pham Thi Nam,1
RENT_HCM_03114,92A-672.48,Ford,EcoSport,8/18/2026,8/21/2026,3041316,Ngo Van Khoa,0
RENT_HCM_03115,25D-575.36,Hyundai,Accent,12/10/2024,12/13/2024,3036726,Dang Thi Linh,1
RENT_HCM_03116,29C-652.72,Mazda,3,8/24/2026,8/29/2026,5186715,Pham Thi Phuc,0
RENT_HCM_03117,77F-485.44,Hyundai,i10,10/12/2022,10/19/2022,7962808,Ngo Van An,1
RENT_HCM_03118,49C-168.30,Vinfast,Fadil,5/6/2021,5/8/2021,1399520,Do Thi Minh,0
RENT_HCM_03119,96B-415.49,Mazda,3,9/13/2025,9/20/2025,5286953,Vu Van Giang,0
RENT_HCM_03120,11C-493.44,Mazda,3,7/13/2023,7/18/2023,2713780,Ngo Van An,0
RENT_HCM_03121,15F-595.30,Honda,City,6/11/2025,6/17/2025,4931988,Ngo Van Nam,1
RENT_HCM_03122,39C-734.09,Ford,EcoSport,9/9/2026,9/15/2026,5231580,Nguyen Van Dung,0
RENT_HCM_03123,13E-299.60,Honda,CR-V,5/10/2026,5/12/2026,864628,Ngo Van Nam,0
RENT_HCM_03124,64C-859.87,Toyota,Vios,2/7/2024,2/8/2024,420700,Le Van Linh,1
RENT_HCM_03125,28D-108.89,Hyundai,i10,4/25/2026,4/27/2026,1055694,Le Van Phuc,1
RENT_HCM_03126,32C-510.80,Hyundai,Grand i10,7/14/2022,7/15/2022,1129927,Nguyen Van Linh,1
RENT_HCM_03127,65B-452.82,Toyota,Innova,8/7/2025,8/12/2025,5998460,Nguyen Van Phuc,1
RENT_HCM_03128,87B-373.03,Honda,City,11/12/2024,11/15/2024,1847715,Ngo Van Nam,1
RENT_HCM_03129,11H-964.02,Ford,Ranger,1/28/2024,1/29/2024,617443,Tran Thi Oanh,1
RENT_HCM_03130,21G-202.34,Honda,City,10/21/2024,10/23/2024,2171890,Pham Thi Quyen,0
RENT_HCM_03131,66F-164.86,Kia,Soluto,5/26/2022,5/31/2022,2064395,Vu Van Oanh,0
RENT_HCM_03132,76G-211.58,Hyundai,Accent,10/6/2024,10/8/2024,1652438,Ngo Van Phuc,2
RENT_HCM_03133,27G-984.07,Ford,Ranger,10/4/2023,10/8/2023,1731752,Ngo Van Hoa,1
RENT_HCM_03134,80K-657.71,Toyota,Innova,8/2/2022,8/6/2022,4496108,Pham Thi An,0
RENT_HCM_03135,16K-690.45,Vinfast,Lux A2.0,11/16/2022,11/20/2022,2850008,Hoang Van Khoa,0
RENT_HCM_03136,25A-321.29,Toyota,Innova,12/7/2022,12/8/2022,718360,Hoang Van Giang,0
RENT_HCM_03137,69F-764.42,Mazda,CX-5,6/10/2023,6/15/2023,2339255,Do Thi Hoa,1
RENT_HCM_03138,18A-563.17,Toyota,Innova,5/29/2024,6/5/2024,7893935,Do Thi Phuc,2
RENT_HCM_03139,71D-707.45,Mazda,3,7/18/2025,7/23/2025,3617930,Le Van Giang,1
RENT_HCM_03140,39H-457.60,Hyundai,Grand i10,12/1/2021,12/6/2021,4311790,Bui Thi Giang,0
RENT_HCM_03141,50G-877.98,Hyundai,i10,10/28/2022,10/31/2022,3386799,Le Van Linh,1
RENT_HCM_03142,45C-536.55,Ford,EcoSport,6/6/2025,6/11/2025,5045545,Vu Van Khoa,1
RENT_HCM_03143,11C-319.16,Toyota,Innova,6/17/2024,6/18/2024,526466,Bui Thi An,1
RENT_HCM_03144,42H-912.12,Toyota,Innova,9/10/2026,9/12/2026,1323504,Le Van Em,0
RENT_HCM_03145,66G-887.42,Vinfast,Lux A2.0,8/19/2022,8/23/2022,3131284,Ngo Van Oanh,0
RENT_HCM_03146,32K-304.31,Kia,Morning,3/4/2024,3/10/2024,6182220,Pham Thi Nam,0
RENT_HCM_03147,25B-454.15,Toyota,Innova,3/23/2021,3/28/2021,5748450,Hoang Van Em,0
RENT_HCM_03148,24A-237.02,Hyundai,Accent,12/20/2023,12/22/2023,1672586,Do Thi Dung,3
RENT_HCM_03149,72G-969.58,Toyota,Vios,5/2/2026,5/7/2026,5753940,Pham Thi Oanh,0
RENT_HCM_03150,32C-510.80,Hyundai,Grand i10,6/23/2022,6/26/2022,2129070,Ngo Van Oanh,0
RENT_HCM_03151,82K-162.58,Mazda,CX-5,3/18/2023,3/20/2023,1968500,Tran Thi Em,0
RENT_HCM_03152,40B-456.25,Hyundai,i10,10/22/2024,10/25/2024,3491574,Nguyen Van Em,0
RENT_HCM_03153,68A-105.33,Toyota,Innova,2/23/2026,2/26/2026,1996557,Le Van Quyen,0
RENT_HCM_03154,31E-660.71,Toyota,Camry,7/25/2022,7/30/2022,3017925,Vu Van Phong,1
RENT_HCM_03155,76K-194.55,Toyota,Innova,10/22/2025,10/25/2025,1370229,Le Van Hoa,1
RENT_HCM_03156,38C-383.91,Ford,Ranger,2/19/2022,2/26/2022,3707872,Ngo Van Em,2
RENT_HCM_03157,15F-595.30,Honda,City,10/10/2021,10/15/2021,4389255,Le Van Linh,2
RENT_HCM_03158,68A-105.33,Toyota,Innova,5/15/2026,5/21/2026,3032454,Vu Van Oanh,0
RENT_HCM_03159,30F-808.46,Toyota,Camry,4/25/2021,5/1/2021,5456850,Pham Thi Phuc,3
RENT_HCM_03160,53E-229.68,Vinfast,Fadil,10/5/2021,10/9/2021,4365304,Do Thi Binh,2
RENT_HCM_03161,73D-927.45,Mazda,CX-5,10/14/2025,10/17/2025,3212982,Pham Thi Binh,0
RENT_HCM_03162,96E-688.41,Toyota,Innova,2/15/2026,2/18/2026,2489583,Do Thi Khoa,0
RENT_HCM_03163,73D-927.45,Mazda,CX-5,1/31/2026,2/3/2026,3398208,Tran Thi Phong,2
RENT_HCM_03164,34H-793.09,Mazda,CX-5,3/23/2025,3/29/2025,4874214,Do Thi Quyen,2
RENT_HCM_03165,32D-394.35,Toyota,Vios,10/6/2021,10/7/2021,1060841,Pham Thi Nam,0
RENT_HCM_03166,12E-196.98,Ford,EcoSport,7/23/2025,7/25/2025,1893086,Bui Thi Nam,2
RENT_HCM_03167,42H-912.12,Toyota,Innova,11/8/2023,11/11/2023,2407521,Le Van Minh,1
RENT_HCM_03168,77B-234.63,Mazda,3,7/23/2025,7/28/2025,3521035,Dang Thi Minh,2
RENT_HCM_03169,43G-993.34,Kia,Soluto,6/13/2023,6/14/2023,817279,Do Thi Linh,1
RENT_HCM_03170,86B-468.95,Toyota,Camry,8/19/2026,8/23/2026,3490468,Tran Thi Binh,0
RENT_HCM_03171,37K-262.20,Mazda,3,4/22/2022,4/27/2022,5134905,Ngo Van Nam,1
RENT_HCM_03172,92F-931.00,Vinfast,Lux A2.0,2/27/2022,2/28/2022,502445,Tran Thi Khoa,3
RENT_HCM_03173,87B-650.29,Toyota,Camry,1/18/2025,1/24/2025,2457630,Dang Thi Binh,0
RENT_HCM_03174,80K-657.71,Toyota,Innova,11/18/2024,11/23/2024,5402505,Tran Thi Linh,3
RENT_HCM_03175,43G-993.34,Kia,Soluto,1/30/2022,2/6/2022,6390090,Vu Van Oanh,0
RENT_HCM_03176,19K-348.27,Hyundai,i10,2/2/2026,2/7/2026,3849825,Hoang Van Khoa,1
RENT_HCM_03177,68C-733.66,Hyundai,Accent,6/2/2025,6/6/2025,4473004,Ngo Van Quyen,0
RENT_HCM_03178,74A-942.98,Hyundai,Accent,11/1/2021,11/5/2021,4530812,Dang Thi Hoa,0
RENT_HCM_03179,99C-732.83,Ford,EcoSport,6/14/2021,6/18/2021,3939140,Dang Thi Minh,2
RENT_HCM_03180,80K-657.71,Toyota,Innova,1/10/2023,1/14/2023,4001764,Nguyen Van Phuc,0
RENT_HCM_03181,85E-378.37,Ford,Ranger,1/12/2022,1/17/2022,3257650,Le Van Binh,2
RENT_HCM_03182,14C-459.98,Ford,EcoSport,1/9/2024,1/15/2024,3870546,Hoang Van Nam,1
RENT_HCM_03183,28B-378.39,Toyota,Innova,4/22/2026,4/25/2026,1554117,Vu Van Nam,0
RENT_HCM_03184,72C-183.23,Ford,Ranger,11/22/2021,11/29/2021,6615840,Le Van Giang,0
RENT_HCM_03185,28B-378.39,Toyota,Innova,5/13/2021,5/16/2021,2200500,Pham Thi Quyen,1
RENT_HCM_03186,14H-574.13,Kia,Morning,7/27/2026,7/28/2026,475120,Nguyen Van Linh,0
RENT_HCM_03187,72D-907.40,Hyundai,i10,5/23/2026,5/25/2026,2008716,Ngo Van Nam,1
RENT_HCM_03188,90D-598.73,Toyota,Innova,7/13/2021,7/18/2021,3973470,Nguyen Van Em,1
RENT_HCM_03189,62B-172.41,Kia,Soluto,11/7/2024,11/9/2024,1963736,Nguyen Van An,3
RENT_HCM_03190,26E-180.53,Hyundai,Accent,2/2/2026,2/6/2026,3894744,Tran Thi Em,1
RENT_HCM_03191,42H-912.12,Toyota,Innova,5/8/2024,5/10/2024,1578442,Nguyen Van Quyen,1
RENT_HCM_03192,72K-221.19,Toyota,Innova,3/8/2024,3/11/2024,1258383,Hoang Van An,0
RENT_HCM_03193,36K-772.94,Ford,EcoSport,9/1/2025,9/6/2025,4144880,Tran Thi An,0
RENT_HCM_03194,68D-390.90,Kia,Morning,1/16/2026,1/18/2026,2066050,Ngo Van Quyen,2
RENT_HCM_03195,37F-841.13,Kia,Morning,6/10/2026,6/14/2026,4446404,Pham Thi Khoa,3
RENT_HCM_03196,72K-707.72,Toyota,Camry,5/30/2021,6/1/2021,825066,Hoang Van Minh,0
RENT_HCM_03197,66F-164.86,Kia,Soluto,6/8/2026,6/14/2026,5969868,Hoang Van Dung,0
RENT_HCM_03198,84A-192.77,Toyota,Camry,5/15/2026,5/16/2026,1120657,Nguyen Van Phuc,0
RENT_HCM_03199,15F-595.30,Honda,City,4/1/2021,4/8/2021,5588212,Le Van Quyen,2
RENT_HCM_03200,37F-841.13,Kia,Morning,3/21/2023,3/25/2023,2429732,Vu Van Cuong,1
RENT_HCM_03201,76K-194.55,Toyota,Innova,1/15/2026,1/17/2026,1842254,Ngo Van Dung,0
RENT_HCM_03202,28D-108.89,Hyundai,i10,9/9/2026,9/15/2026,4866762,Bui Thi Minh,1
RENT_HCM_03203,11C-738.22,Vinfast,Fadil,1/23/2025,1/24/2025,850461,Ngo Van Minh,0
RENT_HCM_03204,80G-716.32,Kia,Soluto,7/25/2026,7/31/2026,3202266,Ngo Van Em,1
RENT_HCM_03205,39H-996.40,Honda,CR-V,1/30/2021,2/5/2021,2778930,Dang Thi Em,0
RENT_HCM_03206,18E-187.25,Mazda,3,7/17/2024,7/20/2024,3515538,Hoang Van Minh,0
RENT_HCM_03207,90D-598.73,Toyota,Innova,5/2/2026,5/5/2026,2850402,Nguyen Van Phong,0
RENT_HCM_03208,90F-168.01,Toyota,Vios,9/3/2021,9/10/2021,6859699,Le Van An,3
RENT_HCM_03209,85E-378.37,Ford,Ranger,5/28/2022,6/4/2022,3983280,Do Thi Quyen,0
RENT_HCM_03210,70D-192.58,Kia,Morning,12/30/2021,1/1/2022,907508,Le Van Em,0
RENT_HCM_03211,81A-639.94,Honda,City,9/7/2021,9/13/2021,4202220,Hoang Van Phuc,3
RENT_HCM_03212,50F-310.34,Kia,Morning,1/9/2024,1/11/2024,1803260,Do Thi Dung,0
RENT_HCM_03213,20A-146.45,Honda,City,9/21/2022,9/23/2022,1047006,Dang Thi Hoa,0
RENT_HCM_03214,96D-497.47,Hyundai,i10,11/21/2023,11/27/2023,6742338,Pham Thi Phong,0
RENT_HCM_03215,68D-390.90,Kia,Morning,9/9/2026,9/11/2026,2336928,Vu Van Phong,1
RENT_HCM_03216,78C-146.78,Ford,Ranger,7/27/2022,7/31/2022,1682116,Ngo Van Hoa,1
RENT_HCM_03217,75C-107.61,Vinfast,Fadil,7/31/2023,8/1/2023,860962,Vu Van Khoa,1
RENT_HCM_03218,69D-543.35,Honda,City,1/14/2024,1/18/2024,3113312,Nguyen Van Dung,1
RENT_HCM_03219,38C-383.91,Ford,Ranger,2/7/2025,2/12/2025,2117375,Bui Thi Linh,1
RENT_HCM_03220,86B-468.95,Toyota,Camry,8/12/2022,8/13/2022,1189274,Le Van Linh,2
RENT_HCM_03221,91A-212.00,Hyundai,Grand i10,5/12/2021,5/14/2021,1432424,Pham Thi Binh,1
RENT_HCM_03222,62H-628.28,Toyota,Camry,5/5/2023,5/9/2023,4303456,Ngo Van Giang,0
RENT_HCM_03223,87B-430.99,Honda,City,7/8/2022,7/12/2022,3716444,Pham Thi Em,0
RENT_HCM_03224,40A-169.95,Toyota,Vios,4/7/2026,4/10/2026,2803179,Do Thi Khoa,2
RENT_HCM_03225,94G-517.12,Mazda,CX-5,4/11/2025,4/12/2025,1161618,Pham Thi An,1
RENT_HCM_03226,18E-187.25,Mazda,3,2/2/2025,2/3/2025,1122791,Tran Thi Khoa,2
RENT_HCM_03227,36E-560.60,Toyota,Vios,2/24/2025,2/28/2025,2266284,Do Thi Giang,0
RENT_HCM_03228,84A-192.77,Toyota,Camry,9/3/2024,9/6/2024,1826097,Tran Thi Nam,1
RENT_HCM_03229,82K-162.58,Mazda,CX-5,6/28/2026,7/1/2026,2713845,Pham Thi Oanh,0
RENT_HCM_03230,35G-898.00,Vinfast,Fadil,10/21/2022,10/23/2022,2149520,Ngo Van Em,0
RENT_HCM_03231,28B-288.64,Hyundai,Accent,8/13/2021,8/18/2021,4325610,Le Van An,2
RENT_HCM_03232,13E-299.60,Honda,CR-V,3/18/2023,3/23/2023,5462935,Hoang Van Binh,0
RENT_HCM_03233,81A-639.94,Honda,City,6/28/2022,6/29/2022,709912,Le Van Khoa,1
RENT_HCM_03234,87B-650.29,Toyota,Camry,4/19/2023,4/22/2023,1751286,Nguyen Van Phuc,0
RENT_HCM_03235,73A-575.16,Ford,Ranger,8/5/2023,8/11/2023,4075494,Tran Thi An,3
RENT_HCM_03236,38C-142.53,Hyundai,i10,12/8/2022,12/14/2022,4649874,Nguyen Van Phong,1
RENT_HCM_03237,49F-678.30,Vinfast,Lux A2.0,5/20/2025,5/26/2025,6645204,Hoang Van Cuong,0
RENT_HCM_03238,86B-468.95,Toyota,Camry,5/17/2022,5/21/2022,2122456,Hoang Van Quyen,0
RENT_HCM_03239,86C-265.81,Ford,Ranger,6/26/2023,7/2/2023,3566040,Dang Thi Quyen,1
RENT_HCM_03240,39C-734.09,Ford,EcoSport,2/4/2024,2/11/2024,5350821,Bui Thi Cuong,1
RENT_HCM_03241,14G-415.24,Hyundai,i10,1/14/2025,1/19/2025,3280495,Le Van An,1
RENT_HCM_03242,72K-707.72,Toyota,Camry,5/6/2022,5/13/2022,4659116,Ngo Van An,2
RENT_HCM_03243,81H-361.56,Vinfast,Lux A2.0,6/25/2022,6/27/2022,1597310,Nguyen Van Hoa,3
RENT_HCM_03244,16K-535.88,Kia,Soluto,8/29/2024,9/1/2024,3487125,Pham Thi Oanh,0
RENT_HCM_03245,94D-176.27,Ford,Ranger,9/22/2026,9/24/2026,2290816,Vu Van Khoa,3
RENT_HCM_03246,93F-865.25,Mazda,3,6/2/2021,6/9/2021,7609980,Tran Thi Phong,0
RENT_HCM_03247,11H-964.02,Ford,Ranger,6/5/2024,6/12/2024,7459417,Dang Thi Giang,0
RENT_HCM_03248,89C-852.67,Vinfast,Fadil,8/14/2024,8/18/2024,4113304,Do Thi Cuong,0
RENT_HCM_03249,47E-150.60,Kia,Seltos,10/18/2022,10/20/2022,1653552,Ngo Van Dung,1
RENT_HCM_03250,45D-330.83,Mazda,CX-5,2/8/2022,2/15/2022,7368690,Bui Thi Hoa,0
RENT_HCM_03251,39H-457.60,Hyundai,Grand i10,9/12/2025,9/19/2025,7991690,Ngo Van Minh,0
RENT_HCM_03252,86B-468.95,Toyota,Camry,7/17/2021,7/18/2021,508025,Do Thi Hoa,0
RENT_HCM_03253,11C-738.22,Vinfast,Fadil,5/27/2022,5/28/2022,631737,Do Thi Minh,2
RENT_HCM_03254,33F-566.78,Toyota,Vios,5/22/2022,5/28/2022,4707180,Vu Van Hoa,0
RENT_HCM_03255,23G-543.44,Hyundai,i10,4/25/2026,4/30/2026,2702780,Nguyen Van Nam,2
RENT_HCM_03256,53K-126.49,Toyota,Innova,11/17/2024,11/24/2024,8070412,Tran Thi Oanh,0
RENT_HCM_03257,37K-262.20,Mazda,3,9/11/2026,9/15/2026,3443820,Nguyen Van Minh,1
RENT_HCM_03258,49F-678.30,Vinfast,Lux A2.0,2/2/2021,2/9/2021,6667801,Vu Van Dung,1
RENT_HCM_03259,28D-108.89,Hyundai,i10,8/24/2026,8/31/2026,3132283,Ngo Van Linh,1
RENT_HCM_03260,80H-858.85,Ford,Ranger,6/17/2023,6/18/2023,742998,Dang Thi Khoa,2
RENT_HCM_03261,62G-115.18,Ford,Ranger,6/13/2026,6/14/2026,413190,Pham Thi An,2
RENT_HCM_03262,18A-563.17,Toyota,Innova,8/17/2026,8/23/2026,6974880,Hoang Van An,0
RENT_HCM_03263,72G-969.58,Toyota,Vios,9/6/2021,9/13/2021,5252303,Dang Thi Phuc,0
RENT_HCM_03264,77B-234.63,Mazda,3,4/13/2022,4/14/2022,634234,Le Van Em,2
RENT_HCM_03265,62H-628.28,Toyota,Camry,9/5/2023,9/11/2023,3269688,Tran Thi Binh,2
RENT_HCM_03266,43G-780.01,Kia,Morning,5/14/2022,5/21/2022,3534489,Hoang Van Nam,0
RENT_HCM_03267,97D-214.30,Honda,CR-V,2/5/2024,2/6/2024,999684,Hoang Van Minh,2
RENT_HCM_03268,89G-388.88,Hyundai,Accent,11/21/2021,11/28/2021,4625887,Bui Thi Binh,0
RENT_HCM_03269,66G-887.42,Vinfast,Lux A2.0,7/5/2024,7/7/2024,928306,Bui Thi Giang,0
RENT_HCM_03270,87B-650.29,Toyota,Camry,2/20/2022,2/24/2022,4078260,Tran Thi Linh,1
RENT_HCM_03271,25D-575.36,Hyundai,Accent,5/26/2021,5/30/2021,2875636,Bui Thi Binh,0
RENT_HCM_03272,36D-337.43,Vinfast,Lux A2.0,9/27/2022,9/28/2022,1143482,Do Thi Oanh,1
RENT_HCM_03273,22E-888.71,Honda,CR-V,10/30/2021,11/3/2021,1784732,Vu Van Khoa,2
RENT_HCM_03274,38E-944.15,Mazda,3,6/8/2026,6/11/2026,2174853,Bui Thi Dung,2
RENT_HCM_03275,70D-192.58,Kia,Morning,10/18/2023,10/23/2023,4795000,Vu Van Giang,1
RENT_HCM_03276,93A-482.11,Toyota,Camry,2/23/2021,2/28/2021,4798850,Vu Van Cuong,2
RENT_HCM_03277,12G-744.89,Mazda,CX-5,7/26/2025,8/2/2025,4814208,Hoang Van Hoa,0
RENT_HCM_03278,18A-563.17,Toyota,Innova,10/31/2024,11/6/2024,4854078,Do Thi Phuc,1
RENT_HCM_03279,92F-931.00,Vinfast,Lux A2.0,7/5/2023,7/7/2023,918742,Vu Van Oanh,0
RENT_HCM_03280,99E-453.66,Kia,Soluto,10/16/2022,10/20/2022,4173284,Nguyen Van Linh,0
RENT_HCM_03281,11C-738.22,Vinfast,Fadil,10/18/2021,10/19/2021,780095,Ngo Van Phong,1
RENT_HCM_03282,47D-840.33,Kia,Morning,4/8/2021,4/14/2021,6732522,Do Thi Hoa,0
RENT_HCM_03283,22E-888.71,Honda,CR-V,11/10/2021,11/13/2021,2038326,Hoang Van Binh,2
RENT_HCM_03284,14G-415.24,Hyundai,i10,9/17/2025,9/22/2025,2124080,Dang Thi Hoa,0
RENT_HCM_03285,86E-413.23,Toyota,Vios,7/21/2022,7/22/2022,1044984,Nguyen Van Hoa,1
RENT_HCM_03286,54G-335.06,Honda,CR-V,5/10/2024,5/14/2024,2401596,Do Thi Binh,0
RENT_HCM_03287,76K-194.55,Toyota,Innova,7/15/2026,7/20/2026,4316945,Vu Van Quyen,1
RENT_HCM_03288,12G-744.89,Mazda,CX-5,3/21/2021,3/26/2021,5576360,Hoang Van Quyen,0
RENT_HCM_03289,29C-652.72,Mazda,3,10/26/2023,10/31/2023,4271925,Bui Thi Khoa,3
RENT_HCM_03290,28B-288.64,Hyundai,Accent,11/24/2021,11/26/2021,1789888,Vu Van Hoa,0
RENT_HCM_03291,13E-299.60,Honda,CR-V,10/3/2024,10/8/2024,3922595,Nguyen Van Khoa,1
RENT_HCM_03292,31G-307.19,Honda,City,11/17/2024,11/18/2024,1118553,Tran Thi Linh,0
RENT_HCM_03293,78B-364.49,Toyota,Camry,4/15/2024,4/22/2024,6846777,Vu Van Quyen,2
RENT_HCM_03294,49C-168.30,Vinfast,Fadil,9/18/2026,9/20/2026,2048442,Do Thi Khoa,2
RENT_HCM_03295,35G-898.00,Vinfast,Fadil,2/10/2022,2/17/2022,4028892,Nguyen Van Linh,0
RENT_HCM_03296,67C-665.78,Hyundai,i10,10/4/2025,10/11/2025,4536574,Ngo Van Minh,1
RENT_HCM_03297,11C-738.22,Vinfast,Fadil,6/19/2021,6/21/2021,2292502,Hoang Van An,0
RENT_HCM_03298,36K-772.94,Ford,EcoSport,6/26/2024,7/2/2024,4838244,Tran Thi Binh,1
RENT_HCM_03299,77C-211.72,Kia,Seltos,11/10/2023,11/16/2023,3922512,Ngo Van Phong,1
RENT_HCM_03300,23D-400.10,Kia,Morning,1/25/2023,1/27/2023,1538784,Le Van Phuc,0
RENT_HCM_03301,38E-944.15,Mazda,3,8/30/2022,9/5/2022,4473834,Le Van Phuc,3
RENT_HCM_03302,46E-807.16,Honda,City,11/12/2023,11/19/2023,4718882,Do Thi Phuc,0
RENT_HCM_03303,35C-671.07,Hyundai,i10,1/3/2021,1/8/2021,5232650,Bui Thi Phong,0
RENT_HCM_03304,96H-976.38,Hyundai,i10,5/29/2021,6/1/2021,3310188,Vu Van Quyen,0
RENT_HCM_03305,27G-984.07,Ford,Ranger,6/18/2024,6/20/2024,2136416,Nguyen Van Phong,0
RENT_HCM_03306,28B-288.64,Hyundai,Accent,3/18/2021,3/22/2021,3969484,Dang Thi Dung,1
RENT_HCM_03307,91B-105.47,Toyota,Innova,4/22/2026,4/28/2026,5887254,Tran Thi Dung,0
RENT_HCM_03308,37F-841.13,Kia,Morning,5/22/2025,5/26/2025,3499760,Do Thi Hoa,1
RENT_HCM_03309,73A-575.16,Ford,Ranger,9/3/2021,9/4/2021,1174885,Do Thi Dung,0
RENT_HCM_03310,76G-211.58,Hyundai,Accent,7/20/2022,7/22/2022,2214060,Le Van Linh,0
RENT_HCM_03311,40E-511.08,Honda,CR-V,9/3/2023,9/10/2023,3125416,Do Thi Nam,1
RENT_HCM_03312,30F-808.46,Toyota,Camry,12/21/2024,12/28/2024,6941123,Nguyen Van Hoa,2
RENT_HCM_03313,40E-606.38,Vinfast,Lux A2.0,2/4/2025,2/5/2025,1189066,Vu Van Khoa,1
RENT_HCM_03314,28D-108.89,Hyundai,i10,1/16/2021,1/23/2021,6182974,Do Thi Minh,0
RENT_HCM_03315,11C-738.22,Vinfast,Fadil,5/18/2026,5/23/2026,5217730,Ngo Van Minh,1
RENT_HCM_03316,82K-162.58,Mazda,CX-5,3/12/2026,3/19/2026,6137565,Nguyen Van Quyen,0
RENT_HCM_03317,96H-976.38,Hyundai,i10,9/11/2024,9/18/2024,5614392,Le Van An,0
RENT_HCM_03318,24A-243.28,Hyundai,Grand i10,3/4/2025,3/10/2025,3219708,Vu Van Khoa,1
RENT_HCM_03319,74A-942.98,Hyundai,Accent,2/10/2026,2/17/2026,3555083,Tran Thi Linh,0
RENT_HCM_03320,67C-665.78,Hyundai,i10,3/14/2025,3/19/2025,2956640,Vu Van Quyen,2
RENT_HCM_03321,40A-169.95,Toyota,Vios,4/26/2025,4/27/2025,770727,Tran Thi Khoa,0
RENT_HCM_03322,71D-707.45,Mazda,3,10/31/2021,11/6/2021,3345414,Nguyen Van Phong,1
RENT_HCM_03323,55K-383.25,Mazda,3,5/16/2026,5/23/2026,6810727,Nguyen Van Em,1
RENT_HCM_03324,33B-472.24,Kia,Seltos,3/28/2023,4/4/2023,5838854,Le Van Em,0
RENT_HCM_03325,57C-660.60,Toyota,Vios,1/24/2024,1/27/2024,1760772,Pham Thi Phong,1
RENT_HCM_03326,74H-842.20,Kia,Morning,4/5/2023,4/6/2023,686130,Nguyen Van Phong,0
RENT_HCM_03327,59A-901.69,Kia,Soluto,3/14/2024,3/21/2024,7886298,Pham Thi Hoa,0
RENT_HCM_03328,12G-744.89,Mazda,CX-5,12/5/2021,12/7/2021,1953356,Pham Thi Oanh,2
RENT_HCM_03329,82K-162.58,Mazda,CX-5,2/13/2025,2/16/2025,3548220,Bui Thi Dung,1
RENT_HCM_03330,43G-780.01,Kia,Morning,9/9/2025,9/11/2025,1723042,Le Van Hoa,0
RENT_HCM_03331,27B-423.19,Hyundai,Grand i10,9/4/2021,9/10/2021,5255886,Bui Thi Giang,0
RENT_HCM_03332,76G-211.58,Hyundai,Accent,8/1/2024,8/2/2024,686723,Dang Thi Khoa,2
RENT_HCM_03333,23C-148.49,Hyundai,i10,11/13/2021,11/18/2021,3312170,Dang Thi Oanh,0
RENT_HCM_03334,50G-877.98,Hyundai,i10,12/17/2024,12/20/2024,2802276,Tran Thi Giang,0
RENT_HCM_03335,87K-428.26,Honda,CR-V,12/14/2024,12/16/2024,1118508,Dang Thi Phuc,0
RENT_HCM_03336,24E-955.46,Toyota,Vios,4/28/2023,4/30/2023,2240268,Nguyen Van Em,0
RENT_HCM_03337,24A-243.28,Hyundai,Grand i10,3/8/2021,3/14/2021,6930498,Ngo Van Phuc,1
RENT_HCM_03338,80H-858.85,Ford,Ranger,1/25/2024,1/29/2024,4434988,Tran Thi Oanh,1
RENT_HCM_03339,92D-335.06,Toyota,Camry,9/12/2023,9/19/2023,4801048,Nguyen Van Cuong,1
RENT_HCM_03340,96E-688.41,Toyota,Innova,4/21/2024,4/23/2024,1650560,Nguyen Van Dung,0
RENT_HCM_03341,81H-361.56,Vinfast,Lux A2.0,6/13/2024,6/20/2024,2886744,Ngo Van Binh,1
RENT_HCM_03342,90B-179.51,Vinfast,Fadil,9/22/2025,9/29/2025,6274975,Le Van Hoa,0
RENT_HCM_03343,39H-457.60,Hyundai,Grand i10,5/25/2026,5/27/2026,2293066,Hoang Van Nam,1
RENT_HCM_03344,67C-665.78,Hyundai,i10,10/21/2025,10/28/2025,4583425,Dang Thi Phuc,0
RENT_HCM_03345,94E-578.12,Hyundai,i10,6/13/2021,6/16/2021,2145057,Nguyen Van An,3
RENT_HCM_03346,12E-196.98,Ford,EcoSport,7/19/2023,7/21/2023,1894260,Hoang Van Dung,1
RENT_HCM_03347,67C-665.78,Hyundai,i10,5/25/2024,5/29/2024,4419660,Le Van Oanh,2
RENT_HCM_03348,29C-652.72,Mazda,3,11/13/2021,11/18/2021,4621040,Ngo Van Oanh,0
RENT_HCM_03349,32K-304.31,Kia,Morning,2/15/2025,2/19/2025,2358888,Le Van Giang,1
RENT_HCM_03350,71D-707.45,Mazda,3,4/17/2024,4/18/2024,445282,Hoang Van Cuong,1
RENT_HCM_03351,27G-984.07,Ford,Ranger,10/28/2023,10/29/2023,679462,Nguyen Van Hoa,2
RENT_HCM_03352,23G-543.44,Hyundai,i10,2/1/2022,2/3/2022,2220584,Tran Thi Linh,0
RENT_HCM_03353,62K-469.95,Vinfast,Fadil,5/27/2024,6/3/2024,6305082,Tran Thi Minh,1
RENT_HCM_03354,50G-877.98,Hyundai,i10,1/22/2024,1/27/2024,2532435,Pham Thi Binh,1
RENT_HCM_03355,45C-524.00,Toyota,Camry,1/10/2021,1/13/2021,2634831,Tran Thi Hoa,0
RENT_HCM_03356,94G-517.12,Mazda,CX-5,8/30/2024,9/5/2024,6511572,Hoang Van Linh,1
RENT_HCM_03357,64F-676.74,Hyundai,Accent,2/26/2025,3/1/2025,1558569,Hoang Van Cuong,0
RENT_HCM_03358,11C-493.44,Mazda,3,1/18/2021,1/25/2021,3643087,Vu Van Khoa,0
RENT_HCM_03359,28D-108.89,Hyundai,i10,10/20/2025,10/26/2025,5493156,Nguyen Van Minh,2
RENT_HCM_03360,64C-859.87,Toyota,Vios,1/20/2022,1/21/2022,864028,Nguyen Van Khoa,0
RENT_HCM_03361,90B-179.51,Vinfast,Fadil,1/17/2026,1/19/2026,1737862,Tran Thi Binh,0
RENT_HCM_03362,36D-337.43,Vinfast,Lux A2.0,7/23/2022,7/26/2022,2326269,Nguyen Van Cuong,2
RENT_HCM_03363,14C-459.98,Ford,EcoSport,12/2/2021,12/7/2021,2043085,Do Thi Cuong,0
RENT_HCM_03364,68A-105.33,Toyota,Innova,9/14/2025,9/18/2025,3999108,Tran Thi Phuc,0
RENT_HCM_03365,91H-439.88,Mazda,CX-5,3/24/2024,3/28/2024,2796508,Dang Thi An,0
RENT_HCM_03366,71D-707.45,Mazda,3,7/1/2026,7/7/2026,6663552,Pham Thi Phuc,0
RENT_HCM_03367,12E-196.98,Ford,EcoSport,5/1/2024,5/7/2024,6402222,Vu Van An,1
RENT_HCM_03368,28B-378.39,Toyota,Innova,9/12/2022,9/15/2022,2941563,Le Van Dung,1
RENT_HCM_03369,38C-142.53,Hyundai,i10,4/30/2024,5/7/2024,4440877,Do Thi Phuc,0
RENT_HCM_03370,40G-744.81,Honda,City,3/29/2024,4/3/2024,5536445,Ngo Van Linh,0
RENT_HCM_03371,20K-624.55,Mazda,3,9/27/2025,10/3/2025,4673976,Tran Thi Khoa,1
RENT_HCM_03372,80H-858.85,Ford,Ranger,12/25/2022,12/29/2022,3233932,Nguyen Van Linh,2
RENT_HCM_03373,31G-307.19,Honda,City,1/27/2026,1/28/2026,789769,Le Van Dung,0
RENT_HCM_03374,49F-678.30,Vinfast,Lux A2.0,4/28/2021,5/3/2021,4724620,Nguyen Van Quyen,0
RENT_HCM_03375,33B-472.24,Kia,Seltos,6/27/2023,7/2/2023,3597880,Pham Thi Em,3
RENT_HCM_03376,32D-394.35,Toyota,Vios,3/4/2025,3/6/2025,962526,Bui Thi Giang,0
RENT_HCM_03377,11C-493.44,Mazda,3,4/26/2021,5/1/2021,4949135,Hoang Van Minh,0
RENT_HCM_03378,43G-780.01,Kia,Morning,9/8/2021,9/11/2021,2347863,Le Van Dung,2
RENT_HCM_03379,40A-169.95,Toyota,Vios,7/2/2026,7/6/2026,2070428,Ngo Van Em,3
RENT_HCM_03380,70D-192.58,Kia,Morning,5/22/2021,5/23/2021,587444,Nguyen Van An,0
RENT_HCM_03381,91G-764.50,Toyota,Vios,6/1/2024,6/5/2024,4259068,Bui Thi Quyen,0
RENT_HCM_03382,43G-993.34,Kia,Soluto,7/5/2023,7/8/2023,2130240,Vu Van Phong,0
RENT_HCM_03383,76K-194.55,Toyota,Innova,12/25/2025,12/27/2025,902926,Le Van Phong,0
RENT_HCM_03384,25B-454.15,Toyota,Innova,8/18/2026,8/23/2026,2466975,Nguyen Van Oanh,0
RENT_HCM_03385,23D-400.10,Kia,Morning,12/28/2025,1/3/2026,5261184,Pham Thi An,0
RENT_HCM_03386,24A-237.02,Hyundai,Accent,11/15/2022,11/20/2022,2075725,Tran Thi Em,0
RENT_HCM_03387,77C-211.72,Kia,Seltos,9/26/2024,10/3/2024,5039503,Vu Van Em,1
RENT_HCM_03388,63A-217.47,Hyundai,i10,11/30/2025,12/6/2025,6218400,Bui Thi Nam,1
RENT_HCM_03389,68C-733.66,Hyundai,Accent,9/28/2021,10/4/2021,7039398,Le Van Dung,0
RENT_HCM_03390,38C-383.91,Ford,Ranger,6/22/2025,6/28/2025,4303776,Ngo Van Phong,0
RENT_HCM_03391,59B-706.42,Toyota,Vios,2/11/2025,2/16/2025,3514825,Ngo Van Linh,0
RENT_HCM_03392,60A-977.72,Hyundai,Grand i10,8/30/2025,9/4/2025,4930565,Pham Thi Cuong,2
RENT_HCM_03393,50D-378.78,Vinfast,Lux A2.0,7/23/2022,7/28/2022,2669475,Vu Van Binh,0
RENT_HCM_03394,30K-166.87,Hyundai,Accent,6/11/2021,6/17/2021,2427582,Do Thi Khoa,2
RENT_HCM_03395,49C-168.30,Vinfast,Fadil,9/21/2026,9/24/2026,2117730,Le Van Giang,2
RENT_HCM_03396,23C-148.49,Hyundai,i10,10/21/2024,10/22/2024,1190356,Ngo Van Linh,0
RENT_HCM_03397,34H-793.09,Mazda,CX-5,9/28/2025,10/1/2025,3401598,Hoang Van Giang,1
RENT_HCM_03398,62G-115.18,Ford,Ranger,9/13/2024,9/14/2024,522446,Le Van Khoa,0
RENT_HCM_03399,40G-744.81,Honda,City,3/8/2026,3/11/2026,2245431,Pham Thi Oanh,0
RENT_HCM_03400,30D-278.73,Hyundai,Accent,3/23/2023,3/29/2023,5405832,Dang Thi Cuong,0
RENT_HCM_03401,53K-126.49,Toyota,Innova,4/13/2023,4/18/2023,4399255,Pham Thi Cuong,0
RENT_HCM_03402,72G-919.68,Toyota,Vios,8/20/2025,8/23/2025,3193785,Le Van Minh,0
RENT_HCM_03403,18E-187.25,Mazda,3,8/12/2023,8/18/2023,5933886,Pham Thi Binh,1
RENT_HCM_03404,49D-328.28,Kia,Morning,7/17/2022,7/19/2022,856992,Le Van Quyen,0
RENT_HCM_03405,78C-146.78,Ford,Ranger,7/26/2023,7/30/2023,2572520,Le Van Em,0
RENT_HCM_03406,21A-335.92,Vinfast,Fadil,3/22/2024,3/28/2024,5314086,Bui Thi Giang,0
RENT_HCM_03407,39A-767.06,Honda,CR-V,3/28/2022,3/29/2022,431681,Hoang Van Phong,2
RENT_HCM_03408,35C-671.07,Hyundai,i10,4/9/2025,4/16/2025,3876299,Ngo Van Oanh,0
RENT_HCM_03409,49F-678.30,Vinfast,Lux A2.0,9/30/2021,10/6/2021,6766788,Ngo Van Hoa,0
RENT_HCM_03410,43G-993.34,Kia,Soluto,6/16/2023,6/19/2023,1591194,Tran Thi Em,1
RENT_HCM_03411,82K-162.58,Mazda,CX-5,9/6/2022,9/12/2022,2892234,Do Thi Binh,3
RENT_HCM_03412,37E-977.04,Mazda,3,11/26/2022,12/2/2022,5125746,Vu Van Dung,1
RENT_HCM_03413,90A-463.29,Hyundai,i10,10/12/2022,10/18/2022,3465468,Pham Thi Cuong,0
RENT_HCM_03414,30E-325.25,Kia,Morning,11/16/2022,11/17/2022,538152,Pham Thi Phuc,0
RENT_HCM_03415,22E-888.71,Honda,CR-V,3/28/2026,3/29/2026,568592,Hoang Van Dung,1
RENT_HCM_03416,41C-516.21,Hyundai,i10,7/13/2025,7/17/2025,4272732,Ngo Van Quyen,1
RENT_HCM_03417,20K-624.55,Mazda,3,4/25/2026,5/1/2026,5902962,Nguyen Van Linh,0
RENT_HCM_03418,59C-409.49,Honda,CR-V,4/19/2025,4/26/2025,5750157,Dang Thi Phuc,0
RENT_HCM_03419,23D-400.10,Kia,Morning,11/14/2023,11/20/2023,5841036,Nguyen Van Linh,0
RENT_HCM_03420,53E-229.68,Vinfast,Fadil,10/21/2023,10/27/2023,5891970,Nguyen Van Phuc,2
RENT_HCM_03421,16K-690.45,Vinfast,Lux A2.0,5/20/2026,5/22/2026,1938090,Dang Thi Giang,2
RENT_HCM_03422,68D-390.90,Kia,Morning,8/21/2022,8/28/2022,4925494,Bui Thi Quyen,1
RENT_HCM_03423,66G-887.42,Vinfast,Lux A2.0,9/28/2021,10/2/2021,3548700,Dang Thi Em,0
RENT_HCM_03424,22G-155.46,Hyundai,i10,8/13/2026,8/20/2026,4565568,Nguyen Van Binh,0
RENT_HCM_03425,85E-378.37,Ford,Ranger,3/5/2026,3/7/2026,1093780,Dang Thi Hoa,2
RENT_HCM_03426,53K-126.49,Toyota,Innova,7/15/2024,7/18/2024,2687115,Vu Van Khoa,2
RENT_HCM_03427,76G-211.58,Hyundai,Accent,3/31/2024,4/5/2024,3990660,Hoang Van Nam,1
RENT_HCM_03428,64C-859.87,Toyota,Vios,9/16/2022,9/21/2022,4244580,Le Van Hoa,1
RENT_HCM_03429,40E-511.08,Honda,CR-V,7/7/2026,7/12/2026,2350465,Le Van Phong,1
RENT_HCM_03430,72K-221.19,Toyota,Innova,3/3/2023,3/8/2023,4916295,Nguyen Van Linh,1
RENT_HCM_03431,86B-468.95,Toyota,Camry,5/7/2022,5/11/2022,2684084,Nguyen Van Giang,2
RENT_HCM_03432,68K-951.28,Hyundai,i10,11/6/2024,11/7/2024,975262,Nguyen Van Phuc,0
RENT_HCM_03433,28B-288.64,Hyundai,Accent,11/28/2022,12/1/2022,1960791,Hoang Van An,1
RENT_HCM_03434,42D-602.47,Honda,City,8/8/2022,8/13/2022,5442655,Hoang Van Hoa,1
RENT_HCM_03435,18E-187.25,Mazda,3,9/30/2021,10/3/2021,1213881,Tran Thi Em,1
RENT_HCM_03436,90B-179.51,Vinfast,Fadil,3/10/2021,3/11/2021,1187907,Ngo Van Oanh,0
RENT_HCM_03437,62K-469.95,Vinfast,Fadil,5/31/2025,6/6/2025,6223464,Pham Thi An,0
RENT_HCM_03438,47B-414.62,Honda,City,12/22/2024,12/25/2024,3316890,Ngo Van Cuong,1
RENT_HCM_03439,30F-808.46,Toyota,Camry,3/23/2021,3/24/2021,741766,Tran Thi Khoa,0
RENT_HCM_03440,72H-414.63,Ford,Ranger,7/7/2023,7/13/2023,6620586,Le Van Phong,1
RENT_HCM_03441,91A-212.00,Hyundai,Grand i10,1/10/2023,1/15/2023,3001970,Hoang Van Dung,2
RENT_HCM_03442,37G-231.27,Toyota,Camry,5/21/2026,5/26/2026,3208630,Bui Thi Nam,1
RENT_HCM_03443,77C-680.84,Honda,City,5/12/2022,5/15/2022,1549335,Le Van Phuc,0
RENT_HCM_03444,38G-497.95,Kia,Soluto,6/9/2026,6/10/2026,904612,Le Van Quyen,2
RENT_HCM_03445,30E-325.25,Kia,Morning,10/27/2022,10/29/2022,1755966,Ngo Van Quyen,0
RENT_HCM_03446,74H-842.20,Kia,Morning,6/3/2021,6/5/2021,1116348,Dang Thi Oanh,0
RENT_HCM_03447,33B-472.24,Kia,Seltos,9/12/2021,9/17/2021,5921075,Le Van Phong,0
RENT_HCM_03448,36D-337.43,Vinfast,Lux A2.0,10/7/2023,10/13/2023,6394938,Pham Thi Linh,0
RENT_HCM_03449,65B-452.82,Toyota,Innova,10/27/2024,11/1/2024,2171350,Do Thi Linh,2
RENT_HCM_03450,11C-493.44,Mazda,3,7/6/2024,7/8/2024,1196164,Tran Thi Minh,1
RENT_HCM_03451,81H-361.56,Vinfast,Lux A2.0,4/10/2023,4/13/2023,2887695,Dang Thi Giang,0
RENT_HCM_03452,92F-931.00,Vinfast,Lux A2.0,4/8/2022,4/12/2022,2232632,Bui Thi Oanh,0
RENT_HCM_03453,68D-390.90,Kia,Morning,10/17/2022,10/18/2022,612853,Nguyen Van Linh,1
RENT_HCM_03454,50G-118.24,Honda,CR-V,11/10/2021,11/12/2021,1746352,Dang Thi Khoa,0
RENT_HCM_03455,30F-808.46,Toyota,Camry,1/13/2026,1/19/2026,4121220,Nguyen Van Cuong,1
RENT_HCM_03456,34H-793.09,Mazda,CX-5,7/27/2025,8/3/2025,3050831,Pham Thi Cuong,1
RENT_HCM_03457,74A-942.98,Hyundai,Accent,1/15/2026,1/16/2026,1164283,Vu Van Phong,0
RENT_HCM_03458,96B-415.49,Mazda,3,8/7/2021,8/10/2021,2688072,Tran Thi Em,0
RENT_HCM_03459,20K-624.55,Mazda,3,9/8/2025,9/11/2025,3407169,Nguyen Van Em,2
RENT_HCM_03460,50F-310.34,Kia,Morning,12/2/2023,12/7/2023,3386415,Bui Thi Dung,0
RENT_HCM_03461,12G-744.89,Mazda,CX-5,11/24/2025,11/25/2025,1199325,Le Van Giang,2
RENT_HCM_03462,14H-574.13,Kia,Morning,2/7/2025,2/9/2025,1948110,Vu Van Binh,1
RENT_HCM_03463,62K-469.95,Vinfast,Fadil,6/1/2023,6/5/2023,2242160,Tran Thi Khoa,1
RENT_HCM_03464,95B-546.55,Hyundai,Accent,1/8/2022,1/15/2022,7972076,Nguyen Van Em,0
RENT_HCM_03465,22B-585.78,Ford,EcoSport,6/12/2025,6/13/2025,855316,Tran Thi Oanh,2
RENT_HCM_03466,22B-585.78,Ford,EcoSport,8/15/2024,8/20/2024,2769370,Hoang Van Dung,0
RENT_HCM_03467,47B-414.62,Honda,City,9/14/2026,9/20/2026,5150250,Bui Thi Quyen,0
RENT_HCM_03468,86G-330.15,Toyota,Vios,4/13/2022,4/20/2022,3671052,Tran Thi Minh,0
RENT_HCM_03469,39H-457.60,Hyundai,Grand i10,4/4/2026,4/7/2026,2037123,Bui Thi Phong,1
RENT_HCM_03470,25B-454.15,Toyota,Innova,4/25/2024,4/28/2024,2795793,Dang Thi Hoa,0
RENT_HCM_03471,74D-805.08,Hyundai,Accent,11/10/2025,11/16/2025,4858434,Le Van Phuc,3
RENT_HCM_03472,69D-543.35,Honda,City,11/14/2023,11/21/2023,4961593,Vu Van Khoa,0
RENT_HCM_03473,39H-562.25,Ford,EcoSport,8/31/2024,9/7/2024,3209416,Nguyen Van Phong,0
RENT_HCM_03474,14G-415.24,Hyundai,i10,8/13/2026,8/18/2026,2498805,Bui Thi Giang,0
RENT_HCM_03475,62H-628.28,Toyota,Camry,2/12/2022,2/13/2022,1138991,Vu Van Linh,0
RENT_HCM_03476,62K-469.95,Vinfast,Fadil,7/6/2026,7/7/2026,1089086,Pham Thi Nam,3
RENT_HCM_03477,18C-484.21,Ford,Ranger,3/1/2025,3/2/2025,633174,Do Thi Em,1
RENT_HCM_03478,27B-423.19,Hyundai,Grand i10,5/28/2023,6/2/2023,2751545,Tran Thi Phuc,0
RENT_HCM_03479,50F-310.34,Kia,Morning,9/13/2023,9/20/2023,3373846,Nguyen Van Minh,1
RENT_HCM_03480,90A-485.48,Mazda,CX-5,12/30/2021,1/2/2022,3035448,Le Van Cuong,3
RENT_HCM_03481,47B-414.62,Honda,City,8/21/2024,8/27/2024,3366852,Nguyen Van Dung,0
RENT_HCM_03482,28B-288.64,Hyundai,Accent,9/20/2025,9/24/2025,4591044,Hoang Van Quyen,1
RENT_HCM_03483,96B-415.49,Mazda,3,4/13/2024,4/18/2024,2656210,Vu Van Khoa,0
RENT_HCM_03484,27H-701.29,Toyota,Camry,7/23/2022,7/28/2022,3205970,Dang Thi Cuong,1
RENT_HCM_03485,57C-660.60,Toyota,Vios,2/27/2025,3/2/2025,1678272,Vu Van Hoa,1
RENT_HCM_03486,57C-660.60,Toyota,Vios,5/4/2021,5/6/2021,1663180,Dang Thi Linh,1
RENT_HCM_03487,71D-707.45,Mazda,3,12/12/2023,12/18/2023,6161370,Vu Van Hoa,1
RENT_HCM_03488,73A-575.16,Ford,Ranger,11/30/2021,12/2/2021,1182048,Nguyen Van Phuc,1
RENT_HCM_03489,13E-299.60,Honda,CR-V,5/22/2024,5/29/2024,3353756,Vu Van Quyen,0
RENT_HCM_03490,18E-187.25,Mazda,3,6/13/2021,6/15/2021,821124,Tran Thi Oanh,1
RENT_HCM_03491,50F-310.34,Kia,Morning,1/20/2026,1/25/2026,5619280,Pham Thi Nam,2
RENT_HCM_03492,22E-897.25,Mazda,CX-5,7/9/2025,7/10/2025,622823,Bui Thi Phong,3
RENT_HCM_03493,22E-888.71,Honda,CR-V,9/17/2021,9/22/2021,3274380,Le Van An,1
RENT_HCM_03494,45F-232.07,Vinfast,Lux A2.0,12/26/2025,1/2/2026,7081872,Tran Thi Hoa,0
RENT_HCM_03495,15F-595.30,Honda,City,11/10/2021,11/17/2021,4887407,Le Van Giang,0
RENT_HCM_03496,76H-418.80,Hyundai,Accent,5/7/2022,5/14/2022,7345842,Pham Thi Khoa,0
RENT_HCM_03497,77C-680.84,Honda,City,4/13/2022,4/14/2022,858344,Dang Thi Hoa,1
RENT_HCM_03498,76H-418.80,Hyundai,Accent,8/21/2025,8/23/2025,1484840,Do Thi Minh,1
RENT_HCM_03499,87K-428.26,Honda,CR-V,2/28/2022,3/5/2022,3436535,Tran Thi Khoa,3
RENT_HCM_03500,32F-733.46,Toyota,Vios,4/15/2022,4/22/2022,7558691,Nguyen Van Giang,0
RENT_HCM_03501,28B-378.39,Toyota,Innova,12/23/2024,12/24/2024,1080932,Dang Thi Quyen,0
RENT_HCM_03502,21K-767.03,Hyundai,i10,4/16/2022,4/19/2022,3035496,Nguyen Van Cuong,2
RENT_HCM_03503,25A-321.29,Toyota,Innova,4/10/2025,4/11/2025,1045551,Tran Thi Oanh,0
RENT_HCM_03504,11C-493.44,Mazda,3,3/6/2021,3/7/2021,542233,Dang Thi An,0
RENT_HCM_03505,50F-310.34,Kia,Morning,7/2/2021,7/6/2021,2536696,Tran Thi Phuc,0
RENT_HCM_03506,26E-180.53,Hyundai,Accent,5/13/2025,5/16/2025,1541358,Ngo Van Minh,0
RENT_HCM_03507,50D-378.78,Vinfast,Lux A2.0,11/3/2024,11/8/2024,4361285,Nguyen Van Hoa,0
RENT_HCM_03508,62B-172.41,Kia,Soluto,10/17/2021,10/24/2021,6421506,Ngo Van Phong,0
RENT_HCM_03509,80H-858.85,Ford,Ranger,4/23/2021,4/29/2021,4923390,Hoang Van Giang,0
RENT_HCM_03510,46C-855.60,Vinfast,Fadil,11/6/2022,11/10/2022,3061480,Vu Van An,0
RENT_HCM_03511,78B-364.49,Toyota,Camry,12/23/2025,12/30/2025,4444671,Pham Thi Binh,1
RENT_HCM_03512,66G-320.55,Kia,Soluto,4/30/2021,5/4/2021,3812512,Do Thi Nam,2
RENT_HCM_03513,30K-166.87,Hyundai,Accent,10/30/2024,11/1/2024,1873504,Hoang Van Giang,2
RENT_HCM_03514,37B-826.15,Kia,Soluto,8/16/2025,8/20/2025,4417008,Vu Van Dung,1
RENT_HCM_03515,93A-482.11,Toyota,Camry,11/27/2024,12/3/2024,4983258,Do Thi Dung,2
RENT_HCM_03516,46E-807.16,Honda,City,9/20/2026,9/23/2026,3575643,Pham Thi Binh,3
RENT_HCM_03517,69D-543.35,Honda,City,3/20/2026,3/26/2026,2924040,Le Van Linh,2
RENT_HCM_03518,36E-560.60,Toyota,Vios,10/10/2025,10/16/2025,5576802,Tran Thi Phuc,0
RENT_HCM_03519,62G-115.18,Ford,Ranger,12/21/2023,12/27/2023,7032762,Ngo Van Cuong,0
RENT_HCM_03520,45C-536.55,Ford,EcoSport,2/17/2025,2/21/2025,1619676,Tran Thi Phuc,0
RENT_HCM_03521,16K-690.45,Vinfast,Lux A2.0,6/27/2024,7/2/2024,5141210,Tran Thi Hoa,0
RENT_HCM_03522,42H-912.12,Toyota,Innova,5/2/2021,5/4/2021,1412432,Bui Thi Phuc,2
RENT_HCM_03523,94G-517.12,Mazda,CX-5,11/30/2024,12/3/2024,3412506,Le Van Phong,1
RENT_HCM_03524,87B-650.29,Toyota,Camry,5/2/2022,5/4/2022,924952,Do Thi Em,1
RENT_HCM_03525,62A-523.15,Honda,CR-V,4/17/2026,4/19/2026,1033640,Do Thi Oanh,2
RENT_HCM_03526,53K-126.49,Toyota,Innova,12/17/2025,12/24/2025,4536259,Le Van Giang,3
RENT_HCM_03527,98B-587.88,Vinfast,Fadil,12/13/2022,12/20/2022,7712866,Dang Thi Phuc,0
RENT_HCM_03528,12G-744.89,Mazda,CX-5,2/12/2023,2/19/2023,3639706,Pham Thi Hoa,0
RENT_HCM_03529,25D-448.59,Vinfast,Lux A2.0,2/19/2022,2/23/2022,3606036,Nguyen Van Khoa,1
RENT_HCM_03530,99E-453.66,Kia,Soluto,11/1/2025,11/6/2025,2643090,Nguyen Van Phong,0
RENT_HCM_03531,55K-383.25,Mazda,3,1/1/2025,1/6/2025,3702580,Nguyen Van Phong,0
RENT_HCM_03532,71C-946.67,Ford,EcoSport,9/30/2022,10/4/2022,4038280,Hoang Van Dung,2
RENT_HCM_03533,35G-898.00,Vinfast,Fadil,12/19/2022,12/26/2022,3804563,Dang Thi Binh,3
RENT_HCM_03534,72G-969.58,Toyota,Vios,6/6/2021,6/11/2021,4948550,Dang Thi Linh,0
RENT_HCM_03535,59A-901.69,Kia,Soluto,1/18/2026,1/20/2026,1150438,Vu Van Khoa,0
RENT_HCM_03536,16B-618.82,Hyundai,Grand i10,10/24/2025,10/31/2025,7100695,Hoang Van Nam,0
RENT_HCM_03537,86C-265.81,Ford,Ranger,2/12/2021,2/17/2021,4414645,Bui Thi Binh,0
RENT_HCM_03538,26D-656.30,Honda,City,1/19/2025,1/23/2025,3303328,Le Van An,2
RENT_HCM_03539,96D-838.67,Vinfast,Lux A2.0,1/4/2022,1/7/2022,3383364,Dang Thi Oanh,0
RENT_HCM_03540,70D-192.58,Kia,Morning,11/11/2023,11/13/2023,2069242,Nguyen Van Phuc,0
RENT_HCM_03541,82E-939.56,Hyundai,Accent,4/12/2024,4/17/2024,4447920,Hoang Van Minh,0
RENT_HCM_03542,94G-517.12,Mazda,CX-5,9/2/2021,9/5/2021,2109402,Do Thi Binh,0
RENT_HCM_03543,11G-399.40,Kia,Morning,8/14/2021,8/16/2021,918850,Tran Thi An,1
RENT_HCM_03544,90D-598.73,Toyota,Innova,12/8/2024,12/10/2024,1247892,Vu Van Khoa,0
RENT_HCM_03545,13E-299.60,Honda,CR-V,7/4/2026,7/8/2026,2634808,Bui Thi An,0
RENT_HCM_03546,45C-524.00,Toyota,Camry,5/25/2026,5/30/2026,4567885,Vu Van Nam,2
RENT_HCM_03547,86G-330.15,Toyota,Vios,6/16/2024,6/17/2024,491700,Nguyen Van Cuong,1
RENT_HCM_03548,11C-493.44,Mazda,3,1/7/2023,1/10/2023,3026979,Tran Thi Minh,1
RENT_HCM_03549,77B-234.63,Mazda,3,1/9/2021,1/16/2021,4898558,Tran Thi Quyen,3
RENT_HCM_03550,93D-583.18,Hyundai,Accent,4/29/2024,5/3/2024,1614600,Nguyen Van Quyen,0
RENT_HCM_03551,76H-418.80,Hyundai,Accent,4/11/2022,4/12/2022,610732,Do Thi Cuong,3
RENT_HCM_03552,25D-448.59,Vinfast,Lux A2.0,7/8/2023,7/13/2023,5512555,Do Thi Binh,2
RENT_HCM_03553,12G-744.89,Mazda,CX-5,3/29/2024,4/1/2024,1720095,Tran Thi Hoa,1
RENT_HCM_03554,21K-767.03,Hyundai,i10,4/20/2025,4/21/2025,656562,Hoang Van Binh,2
RENT_HCM_03555,31E-660.71,Toyota,Camry,9/24/2023,9/30/2023,3768888,Dang Thi An,1
RENT_HCM_03556,96H-976.38,Hyundai,i10,11/26/2021,11/30/2021,1675452,Hoang Van Binh,3
RENT_HCM_03557,82K-162.58,Mazda,CX-5,3/3/2023,3/8/2023,5125205,Dang Thi Dung,3
RENT_HCM_03558,32C-510.80,Hyundai,Grand i10,4/24/2021,4/26/2021,2191910,Dang Thi Em,1
RENT_HCM_03559,40E-511.08,Honda,CR-V,9/18/2024,9/19/2024,468268,Hoang Van Hoa,2
RENT_HCM_03560,16B-618.82,Hyundai,Grand i10,5/10/2025,5/14/2025,2345424,Bui Thi Khoa,3
RENT_HCM_03561,90F-168.01,Toyota,Vios,10/25/2022,11/1/2022,4757536,Hoang Van Giang,2
RENT_HCM_03562,96B-415.49,Mazda,3,7/29/2023,8/3/2023,3694615,Ngo Van Cuong,2
RENT_HCM_03563,37G-231.27,Toyota,Camry,7/6/2021,7/11/2021,5643300,Bui Thi Em,0
RENT_HCM_03564,78B-364.49,Toyota,Camry,12/22/2021,12/29/2021,3498390,Dang Thi Cuong,0
RENT_HCM_03565,86B-468.95,Toyota,Camry,8/17/2021,8/24/2021,5855395,Nguyen Van Oanh,0
RENT_HCM_03566,22E-888.71,Honda,CR-V,5/26/2022,5/31/2022,5613340,Nguyen Van Khoa,0
RENT_HCM_03567,62A-523.15,Honda,CR-V,6/25/2021,6/26/2021,697330,Pham Thi Nam,1
RENT_HCM_03568,30E-325.25,Kia,Morning,8/14/2024,8/20/2024,5441952,Dang Thi Nam,1
RENT_HCM_03569,27G-984.07,Ford,Ranger,5/9/2025,5/12/2025,3069723,Le Van Quyen,1
RENT_HCM_03570,16K-535.88,Kia,Soluto,7/20/2021,7/22/2021,2042430,Le Van Em,0
RENT_HCM_03571,64K-177.33,Vinfast,Lux A2.0,8/23/2026,8/30/2026,3632643,Dang Thi Khoa,1
RENT_HCM_03572,25D-448.59,Vinfast,Lux A2.0,3/13/2025,3/15/2025,1697932,Dang Thi Khoa,0
RENT_HCM_03573,20A-146.45,Honda,City,10/8/2022,10/11/2022,1397205,Pham Thi Nam,3
RENT_HCM_03574,50D-378.78,Vinfast,Lux A2.0,2/23/2026,3/2/2026,4351543,Pham Thi Em,0
RENT_HCM_03575,14H-574.13,Kia,Morning,11/23/2023,11/26/2023,2658867,Do Thi Oanh,0
RENT_HCM_03576,96E-688.41,Toyota,Innova,11/25/2022,12/1/2022,3709554,Tran Thi Giang,0
RENT_HCM_03577,32F-733.46,Toyota,Vios,8/10/2025,8/12/2025,1796386,Ngo Van Minh,0
RENT_HCM_03578,63E-560.78,Kia,Morning,1/12/2021,1/16/2021,2902492,Pham Thi Giang,0
RENT_HCM_03579,47D-840.33,Kia,Morning,6/15/2026,6/22/2026,7658154,Nguyen Van Linh,0
RENT_HCM_03580,47D-840.33,Kia,Morning,11/28/2022,12/3/2022,3421340,Hoang Van Nam,1
RENT_HCM_03581,40B-456.25,Hyundai,i10,3/4/2025,3/7/2025,1599966,Nguyen Van Dung,0
RENT_HCM_03582,14B-920.02,Toyota,Vios,6/3/2024,6/10/2024,4049661,Ngo Van Nam,1
RENT_HCM_03583,14C-459.98,Ford,EcoSport,3/17/2024,3/21/2024,4041456,Dang Thi Binh,1
RENT_HCM_03584,46C-855.60,Vinfast,Fadil,9/5/2024,9/11/2024,2819400,Hoang Van Nam,2
RENT_HCM_03585,68C-733.66,Hyundai,Accent,11/13/2024,11/14/2024,504207,Dang Thi Cuong,1
RENT_HCM_03586,80K-657.71,Toyota,Innova,12/17/2023,12/24/2023,3960908,Tran Thi An,2
RENT_HCM_03587,39H-896.77,Toyota,Vios,5/12/2022,5/19/2022,7962997,Do Thi Minh,1
RENT_HCM_03588,91G-764.50,Toyota,Vios,8/13/2025,8/15/2025,1144328,Bui Thi Quyen,2
RENT_HCM_03589,93A-482.11,Toyota,Camry,5/6/2025,5/13/2025,7746767,Bui Thi Cuong,1
RENT_HCM_03590,50F-310.34,Kia,Morning,12/8/2024,12/15/2024,3792719,Hoang Van Oanh,2
RENT_HCM_03591,80H-858.85,Ford,Ranger,5/24/2024,5/27/2024,3450690,Pham Thi Nam,0
RENT_HCM_03592,22G-155.46,Hyundai,i10,9/27/2023,10/4/2023,6412280,Hoang Van Dung,0
RENT_HCM_03593,28A-321.73,Hyundai,Accent,6/5/2022,6/9/2022,4450352,Bui Thi Cuong,1
RENT_HCM_03594,98B-587.88,Vinfast,Fadil,10/14/2025,10/17/2025,1525779,Tran Thi Minh,2
RENT_HCM_03595,93F-865.25,Mazda,3,4/11/2021,4/18/2021,5983607,Do Thi Giang,0
RENT_HCM_03596,72G-969.58,Toyota,Vios,7/25/2026,7/29/2026,2126308,Dang Thi Linh,0
RENT_HCM_03597,81A-639.94,Honda,City,8/25/2022,8/30/2022,4221370,Nguyen Van Khoa,0
RENT_HCM_03598,96B-415.49,Mazda,3,4/10/2022,4/11/2022,689346,Hoang Van Hoa,1
RENT_HCM_03599,63E-560.78,Kia,Morning,9/15/2022,9/17/2022,1875430,Tran Thi Minh,0
RENT_HCM_03600,71D-707.45,Mazda,3,3/31/2021,4/3/2021,3275232,Le Van Minh,0
RENT_HCM_03601,28A-321.73,Hyundai,Accent,3/21/2025,3/22/2025,697495,Hoang Van Phong,1
RENT_HCM_03602,45C-536.55,Ford,EcoSport,4/2/2021,4/3/2021,482472,Ngo Van Phong,1
RENT_HCM_03603,94E-578.12,Hyundai,i10,7/12/2023,7/18/2023,2764674,Hoang Van Quyen,1
RENT_HCM_03604,87K-428.26,Honda,CR-V,3/9/2023,3/15/2023,4107792,Hoang Van Oanh,0
RENT_HCM_03605,49E-348.68,Kia,Soluto,5/24/2025,5/28/2025,3396904,Nguyen Van Khoa,0
RENT_HCM_03606,49E-348.68,Kia,Soluto,5/15/2026,5/21/2026,7198818,Le Van Nam,1
RENT_HCM_03607,53K-126.49,Toyota,Innova,4/15/2023,4/16/2023,834857,Pham Thi Khoa,2
RENT_HCM_03608,46C-855.60,Vinfast,Fadil,11/18/2023,11/25/2023,8134434,Dang Thi Minh,0
RENT_HCM_03609,36K-772.94,Ford,EcoSport,2/28/2026,3/6/2026,3214542,Hoang Van Cuong,0
RENT_HCM_03610,59C-409.49,Honda,CR-V,7/3/2023,7/4/2023,1196565,Vu Van Linh,0
RENT_HCM_03611,96D-497.47,Hyundai,i10,3/15/2023,3/20/2023,4967595,Do Thi Phong,0
RENT_HCM_03612,77A-503.91,Mazda,3,9/6/2023,9/11/2023,5003420,Do Thi An,0
RENT_HCM_03613,82K-162.58,Mazda,CX-5,5/22/2024,5/23/2024,620005,Vu Van Hoa,2
RENT_HCM_03614,90B-179.51,Vinfast,Fadil,10/8/2022,10/14/2022,2799504,Le Van Quyen,0
RENT_HCM_03615,20K-624.55,Mazda,3,5/31/2022,6/5/2022,3181700,Pham Thi Phong,2
RENT_HCM_03616,92A-672.48,Ford,EcoSport,9/22/2025,9/29/2025,6178487,Do Thi An,1
RENT_HCM_03617,92A-672.48,Ford,EcoSport,2/22/2022,2/27/2022,4412465,Pham Thi Linh,0
RENT_HCM_03618,65B-452.82,Toyota,Innova,8/30/2022,9/3/2022,4696568,Le Van Cuong,2
RENT_HCM_03619,35C-671.07,Hyundai,i10,6/8/2022,6/13/2022,3458750,Pham Thi An,3
RENT_HCM_03620,53K-126.49,Toyota,Innova,7/12/2024,7/13/2024,988824,Nguyen Van Minh,0
RENT_HCM_03621,85C-925.94,Hyundai,Grand i10,7/14/2026,7/20/2026,4909380,Bui Thi An,3
RENT_HCM_03622,96D-838.67,Vinfast,Lux A2.0,3/15/2024,3/16/2024,735049,Do Thi Khoa,1
RENT_HCM_03623,14H-574.13,Kia,Morning,7/4/2026,7/11/2026,8358049,Bui Thi Nam,0
RENT_HCM_03624,43K-499.70,Kia,Seltos,8/3/2023,8/6/2023,1715124,Ngo Van An,0
RENT_HCM_03625,39C-734.09,Ford,EcoSport,7/16/2021,7/18/2021,2147018,Pham Thi Cuong,0
RENT_HCM_03626,49F-678.30,Vinfast,Lux A2.0,8/13/2022,8/20/2022,3661504,Le Van Linh,0
RENT_HCM_03627,83B-797.49,Mazda,3,8/18/2026,8/21/2026,2425704,Dang Thi Quyen,0
RENT_HCM_03628,49E-348.68,Kia,Soluto,12/14/2024,12/15/2024,1075225,Pham Thi Nam,0
RENT_HCM_03629,15C-124.07,Toyota,Innova,2/12/2026,2/14/2026,1302888,Bui Thi Minh,0
RENT_HCM_03630,80K-657.71,Toyota,Innova,12/24/2025,12/30/2025,5230596,Nguyen Van Phong,2
RENT_HCM_03631,91G-764.50,Toyota,Vios,9/2/2024,9/5/2024,1880943,Dang Thi Em,2
RENT_HCM_03632,30K-166.87,Hyundai,Accent,11/14/2024,11/15/2024,793128,Vu Van Phuc,0
RENT_HCM_03633,49C-168.30,Vinfast,Fadil,2/7/2022,2/8/2022,484526,Hoang Van Hoa,0
RENT_HCM_03634,22K-526.15,Hyundai,Accent,5/16/2026,5/17/2026,996564,Dang Thi Dung,0
RENT_HCM_03635,93A-482.11,Toyota,Camry,12/18/2023,12/19/2023,534510,Ngo Van Linh,2
RENT_HCM_03636,31E-660.71,Toyota,Camry,6/9/2024,6/12/2024,2794956,Vu Van Em,1
RENT_HCM_03637,38E-944.15,Mazda,3,8/15/2021,8/21/2021,3404574,Tran Thi Quyen,0
RENT_HCM_03638,74A-942.98,Hyundai,Accent,1/17/2022,1/23/2022,3459630,Bui Thi Giang,1
RENT_HCM_03639,42H-912.12,Toyota,Innova,5/7/2021,5/12/2021,4496450,Vu Van Giang,1
RENT_HCM_03640,95C-492.50,Toyota,Innova,7/30/2022,8/3/2022,1716180,Hoang Van Quyen,1
RENT_HCM_03641,22E-888.71,Honda,CR-V,10/27/2022,10/30/2022,3302181,Dang Thi Minh,0
RENT_HCM_03642,71D-707.45,Mazda,3,7/16/2026,7/19/2026,3578028,Ngo Van An,0
RENT_HCM_03643,85H-903.18,Kia,Morning,3/29/2024,4/5/2024,7435274,Nguyen Van Minh,1
RENT_HCM_03644,22E-888.71,Honda,CR-V,4/3/2022,4/8/2022,3833005,Nguyen Van Hoa,0
RENT_HCM_03645,18C-484.21,Ford,Ranger,9/18/2024,9/24/2024,4554672,Dang Thi Khoa,1
RENT_HCM_03646,16K-535.88,Kia,Soluto,2/9/2021,2/11/2021,2349050,Do Thi Nam,0
RENT_HCM_03647,73D-927.45,Mazda,CX-5,7/25/2023,8/1/2023,5539730,Tran Thi Giang,1
RENT_HCM_03648,66G-887.42,Vinfast,Lux A2.0,9/10/2021,9/15/2021,2588255,Do Thi Oanh,1
RENT_HCM_03649,36D-337.43,Vinfast,Lux A2.0,10/17/2024,10/18/2024,1187802,Tran Thi Cuong,0
RENT_HCM_03650,62K-469.95,Vinfast,Fadil,2/3/2025,2/4/2025,862540,Do Thi Nam,1
RENT_HCM_03651,19K-348.27,Hyundai,i10,1/13/2024,1/19/2024,5037618,Ngo Van Quyen,2
RENT_HCM_03652,73D-927.45,Mazda,CX-5,5/13/2026,5/15/2026,937978,Tran Thi Khoa,0
RENT_HCM_03653,85C-925.94,Hyundai,Grand i10,11/22/2024,11/29/2024,5139708,Tran Thi Dung,1
RENT_HCM_03654,68K-951.28,Hyundai,i10,4/12/2025,4/14/2025,1859542,Nguyen Van An,1
RENT_HCM_03655,25D-575.36,Hyundai,Accent,8/24/2021,8/25/2021,1130279,Dang Thi Hoa,1
RENT_HCM_03656,88K-102.81,Hyundai,Accent,1/31/2022,2/6/2022,2725998,Pham Thi Oanh,0
RENT_HCM_03657,84G-796.42,Kia,Morning,10/14/2021,10/21/2021,5158846,Bui Thi Em,0
RENT_HCM_03658,72C-183.23,Ford,Ranger,11/1/2025,11/6/2025,4287865,Le Van Dung,1
RENT_HCM_03659,50G-118.24,Honda,CR-V,1/1/2026,1/3/2026,1723612,Dang Thi An,0
RENT_HCM_03660,31F-834.71,Hyundai,Grand i10,8/24/2022,8/26/2022,982948,Pham Thi Binh,0
RENT_HCM_03661,27B-423.19,Hyundai,Grand i10,8/27/2021,9/2/2021,6987420,Pham Thi Linh,2
RENT_HCM_03662,45F-232.07,Vinfast,Lux A2.0,7/2/2024,7/5/2024,1522254,Tran Thi Binh,1
RENT_HCM_03663,49F-678.30,Vinfast,Lux A2.0,8/8/2026,8/13/2026,2153195,Do Thi An,0
RENT_HCM_03664,96H-976.38,Hyundai,i10,2/17/2026,2/24/2026,5228636,Tran Thi Binh,0
RENT_HCM_03665,12E-196.98,Ford,EcoSport,4/23/2025,4/25/2025,2191880,Vu Van Binh,0
RENT_HCM_03666,50D-378.78,Vinfast,Lux A2.0,6/5/2026,6/7/2026,1962054,Hoang Van Em,0
RENT_HCM_03667,66F-164.86,Kia,Soluto,12/10/2023,12/14/2023,2687992,Vu Van Hoa,0
RENT_HCM_03668,36D-337.43,Vinfast,Lux A2.0,9/2/2026,9/5/2026,2880618,Do Thi Oanh,0
RENT_HCM_03669,24A-237.02,Hyundai,Accent,4/11/2023,4/17/2023,2585820,Pham Thi Quyen,0
RENT_HCM_03670,32D-394.35,Toyota,Vios,2/12/2026,2/15/2026,3559077,Bui Thi Oanh,1
RENT_HCM_03671,43G-993.34,Kia,Soluto,12/11/2022,12/17/2022,4509300,Ngo Van Giang,0
RENT_HCM_03672,88K-102.81,Hyundai,Accent,1/12/2022,1/17/2022,5488220,Le Van Binh,1
RENT_HCM_03673,45C-524.00,Toyota,Camry,6/6/2022,6/12/2022,6628116,Do Thi Quyen,1
RENT_HCM_03674,48B-706.17,Toyota,Camry,3/28/2021,3/30/2021,872388,Le Van Cuong,0
RENT_HCM_03675,88K-102.81,Hyundai,Accent,4/4/2026,4/10/2026,4827942,Hoang Van Khoa,0
RENT_HCM_03676,86E-413.23,Toyota,Vios,3/10/2022,3/17/2022,6044066,Hoang Van Giang,2
RENT_HCM_03677,31F-834.71,Hyundai,Grand i10,2/27/2023,3/6/2023,3923122,Ngo Van Hoa,2
RENT_HCM_03678,77C-211.72,Kia,Seltos,3/9/2026,3/11/2026,1415420,Do Thi Linh,0
RENT_HCM_03679,72K-221.19,Toyota,Innova,9/20/2025,9/21/2025,1085198,Nguyen Van Oanh,0
RENT_HCM_03680,32D-394.35,Toyota,Vios,8/5/2025,8/10/2025,4356850,Nguyen Van Oanh,1
RENT_HCM_03681,21A-335.92,Vinfast,Fadil,7/6/2021,7/7/2021,1090319,Tran Thi An,0
RENT_HCM_03682,68C-733.66,Hyundai,Accent,5/19/2025,5/23/2025,3773764,Vu Van Giang,0
RENT_HCM_03683,85C-925.94,Hyundai,Grand i10,1/23/2024,1/27/2024,2113120,Nguyen Van Minh,0
RENT_HCM_03684,40H-661.06,Mazda,3,1/13/2022,1/16/2022,3554310,Pham Thi Phuc,2
RENT_HCM_03685,40G-744.81,Honda,City,2/25/2022,3/4/2022,3100643,Hoang Van Binh,2
RENT_HCM_03686,93D-583.18,Hyundai,Accent,2/27/2026,3/2/2026,3429459,Bui Thi Phuc,0
RENT_HCM_03687,47B-414.62,Honda,City,7/12/2022,7/18/2022,5232840,Pham Thi An,0
RENT_HCM_03688,99E-453.66,Kia,Soluto,10/21/2021,10/22/2021,598089,Dang Thi Em,0
RENT_HCM_03689,84A-192.77,Toyota,Camry,6/17/2024,6/23/2024,3167964,Le Van Hoa,1
RENT_HCM_03690,45F-232.07,Vinfast,Lux A2.0,9/6/2021,9/12/2021,5071116,Hoang Van Khoa,0
RENT_HCM_03691,96H-976.38,Hyundai,i10,7/1/2023,7/6/2023,4723550,Dang Thi Linh,0
RENT_HCM_03692,16K-690.45,Vinfast,Lux A2.0,7/30/2025,8/1/2025,848184,Hoang Van Hoa,0
RENT_HCM_03693,86C-265.81,Ford,Ranger,7/17/2025,7/24/2025,6332109,Pham Thi Cuong,1
RENT_HCM_03694,26D-656.30,Honda,City,8/6/2025,8/12/2025,6152562,Nguyen Van Giang,0
RENT_HCM_03695,21A-335.92,Vinfast,Fadil,3/2/2023,3/4/2023,1331876,Tran Thi Binh,1
RENT_HCM_03696,28A-321.73,Hyundai,Accent,9/19/2021,9/26/2021,2937627,Do Thi Giang,0
RENT_HCM_03697,40G-744.81,Honda,City,12/15/2024,12/21/2024,3427026,Dang Thi Quyen,1
RENT_HCM_03698,76B-763.75,Honda,City,7/31/2022,8/4/2022,3201392,Dang Thi Cuong,0
RENT_HCM_03699,96D-838.67,Vinfast,Lux A2.0,2/23/2023,3/2/2023,6807318,Hoang Van Binh,0
RENT_HCM_03700,38E-944.15,Mazda,3,2/16/2022,2/17/2022,594901,Nguyen Van Phuc,0
RENT_HCM_03701,47E-150.60,Kia,Seltos,6/27/2023,6/28/2023,577317,Nguyen Van Linh,1
RENT_HCM_03702,25D-448.59,Vinfast,Lux A2.0,9/16/2021,9/21/2021,5216315,Nguyen Van Nam,3
RENT_HCM_03703,76G-211.58,Hyundai,Accent,6/28/2023,7/4/2023,6366426,Vu Van Phuc,0
RENT_HCM_03704,87B-650.29,Toyota,Camry,3/6/2025,3/7/2025,787023,Tran Thi Phuc,0
RENT_HCM_03705,11C-738.22,Vinfast,Fadil,12/11/2024,12/12/2024,981394,Vu Van Phong,1
RENT_HCM_03706,74H-842.20,Kia,Morning,11/17/2025,11/24/2025,8067444,Le Van Cuong,0
RENT_HCM_03707,76K-194.55,Toyota,Innova,6/26/2023,6/29/2023,2219751,Ngo Van Giang,1
RENT_HCM_03708,95B-546.55,Hyundai,Accent,8/9/2022,8/13/2022,4164556,Tran Thi Linh,1
RENT_HCM_03709,50F-310.34,Kia,Morning,3/24/2024,3/30/2024,2584230,Hoang Van Khoa,1
RENT_HCM_03710,34K-392.12,Kia,Morning,1/28/2026,2/4/2026,6722597,Do Thi Em,0
RENT_HCM_03711,63A-217.47,Hyundai,i10,11/15/2023,11/22/2023,3387139,Dang Thi Binh,0
RENT_HCM_03712,25D-575.36,Hyundai,Accent,6/5/2025,6/8/2025,2375628,Dang Thi Hoa,1
RENT_HCM_03713,93A-482.11,Toyota,Camry,8/3/2025,8/10/2025,5230526,Dang Thi Oanh,0
RENT_HCM_03714,62A-523.15,Honda,CR-V,11/29/2025,12/4/2025,2198035,Do Thi Phuc,0
RENT_HCM_03715,25B-454.15,Toyota,Innova,11/12/2021,11/13/2021,664095,Do Thi Binh,1
RENT_HCM_03716,83F-155.85,Vinfast,Fadil,1/20/2023,1/21/2023,1094729,Vu Van Linh,0
RENT_HCM_03717,77F-485.44,Hyundai,i10,11/5/2022,11/12/2022,5714394,Ngo Van Dung,3
RENT_HCM_03718,78B-364.49,Toyota,Camry,6/22/2022,6/24/2022,1636292,Pham Thi Hoa,2
RENT_HCM_03719,82K-162.58,Mazda,CX-5,2/26/2023,3/5/2023,8130850,Do Thi Phong,0
RENT_HCM_03720,28B-288.64,Hyundai,Accent,3/14/2022,3/21/2022,4506229,Dang Thi Linh,2
RENT_HCM_03721,81A-639.94,Honda,City,2/27/2023,3/5/2023,3114402,Le Van Dung,3
RENT_HCM_03722,95B-546.55,Hyundai,Accent,5/14/2022,5/16/2022,1444268,Tran Thi Quyen,1
RENT_HCM_03723,15A-216.83,Honda,City,1/30/2023,2/5/2023,5660172,Bui Thi Phong,0
RENT_HCM_03724,30K-166.87,Hyundai,Accent,8/9/2025,8/15/2025,6354408,Dang Thi Binh,0
RENT_HCM_03725,40E-606.38,Vinfast,Lux A2.0,8/31/2026,9/5/2026,3680275,Pham Thi Phong,0
RENT_HCM_03726,13H-835.85,Ford,EcoSport,12/24/2022,12/31/2022,4283909,Ngo Van Phong,0
RENT_HCM_03727,30E-325.25,Kia,Morning,12/30/2022,1/3/2023,3531820,Pham Thi Linh,0
RENT_HCM_03728,84A-192.77,Toyota,Camry,5/19/2021,5/22/2021,1864422,Ngo Van Phuc,1
RENT_HCM_03729,13E-299.60,Honda,CR-V,2/13/2025,2/14/2025,805170,Vu Van Khoa,2
RENT_HCM_03730,72H-414.63,Ford,Ranger,1/17/2021,1/18/2021,680980,Dang Thi Khoa,0
RENT_HCM_03731,62K-469.95,Vinfast,Fadil,10/15/2025,10/20/2025,3585965,Le Van Dung,3
RENT_HCM_03732,77A-503.91,Mazda,3,9/11/2021,9/18/2021,7193242,Bui Thi Minh,0
RENT_HCM_03733,24E-955.46,Toyota,Vios,5/23/2023,5/29/2023,3880998,Ngo Van An,1
RENT_HCM_03734,68A-588.72,Ford,EcoSport,10/14/2021,10/15/2021,575981,Le Van An,0
RENT_HCM_03735,32K-304.31,Kia,Morning,1/27/2024,1/30/2024,2834544,Hoang Van Nam,1
RENT_HCM_03736,21G-202.34,Honda,City,8/6/2022,8/8/2022,1317146,Bui Thi Binh,1
RENT_HCM_03737,91A-212.00,Hyundai,Grand i10,6/18/2022,6/24/2022,2766768,Tran Thi Em,0
RENT_HCM_03738,50G-877.98,Hyundai,i10,5/22/2026,5/24/2026,2177608,Tran Thi An,3
RENT_HCM_03739,25D-575.36,Hyundai,Accent,10/12/2025,10/18/2025,6316842,Bui Thi Hoa,1
RENT_HCM_03740,43K-499.70,Kia,Seltos,4/7/2022,4/8/2022,901172,Ngo Van Binh,2
RENT_HCM_03741,39H-896.77,Toyota,Vios,1/14/2026,1/21/2026,3033730,Le Van Hoa,0
RENT_HCM_03742,72C-183.23,Ford,Ranger,3/31/2025,4/7/2025,7108192,Ngo Van Dung,0
RENT_HCM_03743,50F-310.34,Kia,Morning,8/25/2021,8/29/2021,2252060,Ngo Van Cuong,0
RENT_HCM_03744,47B-414.62,Honda,City,3/28/2021,4/1/2021,4758712,Le Van Binh,0
RENT_HCM_03745,40H-661.06,Mazda,3,12/27/2022,12/28/2022,625434,Hoang Van Phong,1
RENT_HCM_03746,90A-485.48,Mazda,CX-5,3/7/2023,3/9/2023,1207088,Le Van Quyen,2
RENT_HCM_03747,80G-716.32,Kia,Soluto,2/20/2021,2/26/2021,2888544,Vu Van Phuc,0
RENT_HCM_03748,52B-953.14,Kia,Soluto,6/6/2024,6/13/2024,6381312,Pham Thi Cuong,3
RENT_HCM_03749,11G-731.54,Honda,City,9/18/2022,9/20/2022,1384736,Dang Thi Khoa,1
RENT_HCM_03750,15C-124.07,Toyota,Innova,2/14/2025,2/17/2025,3337581,Pham Thi Cuong,0
RENT_HCM_03751,68A-105.33,Toyota,Innova,12/17/2024,12/20/2024,1466997,Ngo Van Minh,1
RENT_HCM_03752,30E-325.25,Kia,Morning,9/5/2025,9/11/2025,4411548,Vu Van Quyen,1
RENT_HCM_03753,66E-447.50,Mazda,CX-5,3/7/2025,3/11/2025,3835744,Vu Van An,0
RENT_HCM_03754,53E-229.68,Vinfast,Fadil,7/6/2023,7/11/2023,3344720,Do Thi Em,1
RENT_HCM_03755,64K-177.33,Vinfast,Lux A2.0,11/12/2024,11/19/2024,7677691,Ngo Van Minh,0
RENT_HCM_03756,28B-378.39,Toyota,Innova,6/16/2022,6/23/2022,5394333,Nguyen Van Minh,1
RENT_HCM_03757,32F-733.46,Toyota,Vios,10/24/2025,10/26/2025,2013368,Tran Thi Cuong,2
RENT_HCM_03758,28D-108.89,Hyundai,i10,6/20/2026,6/22/2026,1171482,Do Thi Cuong,0
RENT_HCM_03759,36D-337.43,Vinfast,Lux A2.0,7/31/2022,8/3/2022,2385546,Le Van Phong,0
RENT_HCM_03760,45D-330.83,Mazda,CX-5,6/11/2021,6/14/2021,1680090,Ngo Van Em,2
RENT_HCM_03761,31A-995.79,Mazda,3,1/16/2024,1/22/2024,7024620,Hoang Van Binh,1
RENT_HCM_03762,74D-805.08,Hyundai,Accent,2/10/2025,2/12/2025,2280452,Ngo Van Oanh,0
RENT_HCM_03763,47E-150.60,Kia,Seltos,1/27/2023,1/30/2023,1709781,Dang Thi Dung,0
RENT_HCM_03764,59A-901.69,Kia,Soluto,1/30/2025,2/2/2025,2081937,Do Thi An,3
RENT_HCM_03765,13H-835.85,Ford,EcoSport,6/26/2025,7/1/2025,4063525,Nguyen Van Binh,0
RENT_HCM_03766,40A-169.95,Toyota,Vios,7/2/2024,7/6/2024,2974212,Nguyen Van Hoa,1
RENT_HCM_03767,32F-733.46,Toyota,Vios,2/3/2021,2/8/2021,4310960,Ngo Van Phong,2
RENT_HCM_03768,36D-337.43,Vinfast,Lux A2.0,6/9/2025,6/15/2025,5048766,Bui Thi Phuc,0
RENT_HCM_03769,93A-482.11,Toyota,Camry,6/16/2024,6/19/2024,2657577,Bui Thi Cuong,1
RENT_HCM_03770,34K-392.12,Kia,Morning,8/26/2024,8/31/2024,3696175,Hoang Van Oanh,0
RENT_HCM_03771,89G-388.88,Hyundai,Accent,9/4/2021,9/10/2021,4032738,Do Thi Giang,0
RENT_HCM_03772,80K-657.71,Toyota,Innova,7/11/2022,7/13/2022,1964860,Bui Thi Khoa,1
RENT_HCM_03773,21K-767.03,Hyundai,i10,7/27/2021,7/31/2021,1773964,Do Thi Binh,2
RENT_HCM_03774,90B-179.51,Vinfast,Fadil,4/26/2025,4/28/2025,2257634,Ngo Van Linh,0
RENT_HCM_03775,36K-772.94,Ford,EcoSport,9/19/2021,9/21/2021,2158214,Pham Thi Hoa,0
RENT_HCM_03776,49C-168.30,Vinfast,Fadil,7/9/2022,7/10/2022,421333,Le Van Phong,0
RENT_HCM_03777,47E-150.60,Kia,Seltos,5/18/2022,5/21/2022,3154044,Le Van Dung,0
RENT_HCM_03778,50D-378.78,Vinfast,Lux A2.0,2/25/2022,3/3/2022,4706814,Do Thi Phong,0
RENT_HCM_03779,55B-647.43,Mazda,3,12/1/2023,12/7/2023,3019368,Nguyen Van Quyen,0
RENT_HCM_03780,46C-855.60,Vinfast,Fadil,9/8/2021,9/14/2021,5572242,Nguyen Van Oanh,0
RENT_HCM_03781,47E-150.60,Kia,Seltos,2/6/2026,2/12/2026,5542434,Le Van Cuong,1
RENT_HCM_03782,30K-166.87,Hyundai,Accent,11/21/2024,11/26/2024,2390420,Le Van Dung,1
RENT_HCM_03783,26D-656.30,Honda,City,1/30/2021,2/1/2021,1121698,Le Van Oanh,0
RENT_HCM_03784,15C-124.07,Toyota,Innova,5/1/2022,5/4/2022,1263888,Vu Van Linh,1
RENT_HCM_03785,64C-859.87,Toyota,Vios,5/3/2025,5/4/2025,995129,Hoang Van Phuc,1
RENT_HCM_03786,80K-657.71,Toyota,Innova,3/20/2025,3/24/2025,4637360,Pham Thi Quyen,1
RENT_HCM_03787,42H-912.12,Toyota,Innova,7/17/2023,7/23/2023,4444662,Do Thi Em,3
RENT_HCM_03788,73A-575.16,Ford,Ranger,4/21/2025,4/26/2025,4193425,Do Thi Cuong,0
RENT_HCM_03789,67C-665.78,Hyundai,i10,12/31/2023,1/6/2024,6003420,Vu Van Khoa,0
RENT_HCM_03790,76K-194.55,Toyota,Innova,6/9/2026,6/10/2026,955630,Do Thi Dung,1
RENT_HCM_03791,33F-566.78,Toyota,Vios,8/12/2025,8/17/2025,5808770,Le Van Quyen,2
RENT_HCM_03792,47D-840.33,Kia,Morning,7/1/2022,7/7/2022,4389066,Vu Van Hoa,0
RENT_HCM_03793,91B-105.47,Toyota,Innova,6/8/2025,6/15/2025,7791420,Bui Thi Nam,1
RENT_HCM_03794,22G-155.46,Hyundai,i10,8/11/2022,8/13/2022,1021086,Ngo Van Quyen,0
RENT_HCM_03795,66F-164.86,Kia,Soluto,5/13/2022,5/18/2022,4419895,Ngo Van Nam,0
RENT_HCM_03796,40E-606.38,Vinfast,Lux A2.0,5/11/2023,5/17/2023,3605808,Le Van Hoa,0
RENT_HCM_03797,16K-690.45,Vinfast,Lux A2.0,3/14/2026,3/18/2026,1935524,Vu Van Quyen,1
RENT_HCM_03798,92D-335.06,Toyota,Camry,1/25/2022,1/30/2022,3600630,Bui Thi Em,0
RENT_HCM_03799,32C-510.80,Hyundai,Grand i10,5/17/2023,5/19/2023,2007426,Nguyen Van Oanh,2
RENT_HCM_03800,43K-499.70,Kia,Seltos,8/26/2026,8/28/2026,1172108,Ngo Van Dung,0
RENT_HCM_03801,50F-310.34,Kia,Morning,3/14/2021,3/21/2021,3348961,Pham Thi Minh,0
RENT_HCM_03802,70D-192.58,Kia,Morning,6/20/2026,6/21/2026,829338,Pham Thi Hoa,0
RENT_HCM_03803,40G-744.81,Honda,City,4/9/2026,4/12/2026,1296831,Bui Thi Dung,0
RENT_HCM_03804,78B-364.49,Toyota,Camry,10/16/2023,10/23/2023,4084325,Hoang Van Nam,1
RENT_HCM_03805,14H-574.13,Kia,Morning,4/10/2025,4/11/2025,1036675,Le Van Hoa,0
RENT_HCM_03806,62A-523.15,Honda,CR-V,2/4/2023,2/5/2023,654927,Do Thi Phong,1
RENT_HCM_03807,62B-172.41,Kia,Soluto,1/6/2023,1/12/2023,5214306,Do Thi Minh,0
RENT_HCM_03808,93D-583.18,Hyundai,Accent,4/24/2025,4/25/2025,1084431,Le Van Nam,1
RENT_HCM_03809,24A-243.28,Hyundai,Grand i10,3/5/2024,3/9/2024,2295000,Le Van Em,0
RENT_HCM_03810,66E-447.50,Mazda,CX-5,4/30/2026,5/1/2026,567847,Dang Thi Phuc,0
RENT_HCM_03811,33B-472.24,Kia,Seltos,1/14/2026,1/15/2026,523648,Vu Van An,0
RENT_HCM_03812,71C-946.67,Ford,EcoSport,10/28/2025,11/2/2025,4611125,Tran Thi Linh,0
RENT_HCM_03813,24A-237.02,Hyundai,Accent,2/8/2026,2/11/2026,1520481,Pham Thi Phong,0
RENT_HCM_03814,72K-707.72,Toyota,Camry,1/21/2023,1/28/2023,4515350,Dang Thi Hoa,2
RENT_HCM_03815,57C-660.60,Toyota,Vios,9/18/2023,9/20/2023,2365518,Nguyen Van Dung,1
RENT_HCM_03816,33B-472.24,Kia,Seltos,3/20/2023,3/21/2023,1113728,Tran Thi Binh,2
RENT_HCM_03817,15A-216.83,Honda,City,5/15/2021,5/22/2021,6499227,Ngo Van Dung,0
RENT_HCM_03818,76H-418.80,Hyundai,Accent,9/18/2025,9/22/2025,3877132,Ngo Van Giang,0
RENT_HCM_03819,40E-511.08,Honda,CR-V,7/24/2021,7/27/2021,3186012,Do Thi Phuc,2
RENT_HCM_03820,43G-780.01,Kia,Morning,4/21/2022,4/28/2022,5804078,Ngo Van Khoa,2
RENT_HCM_03821,80K-657.71,Toyota,Innova,9/14/2021,9/19/2021,3780025,Bui Thi Dung,0
RENT_HCM_03822,96B-415.49,Mazda,3,10/6/2021,10/10/2021,2476176,Le Van Khoa,1
RENT_HCM_03823,62G-115.18,Ford,Ranger,10/22/2021,10/25/2021,2490336,Nguyen Van Phong,1
RENT_HCM_03824,50G-877.98,Hyundai,i10,4/13/2023,4/15/2023,1895734,Hoang Van Dung,0
RENT_HCM_03825,55K-383.25,Mazda,3,11/28/2021,11/30/2021,1236542,Pham Thi Phong,3
RENT_HCM_03826,24E-955.46,Toyota,Vios,9/20/2026,9/25/2026,2599750,Vu Van Oanh,0
RENT_HCM_03827,37G-231.27,Toyota,Camry,9/12/2021,9/19/2021,8114848,Tran Thi Giang,0
RENT_HCM_03828,53K-126.49,Toyota,Innova,3/3/2024,3/5/2024,1910860,Hoang Van Minh,2
RENT_HCM_03829,86G-330.15,Toyota,Vios,12/25/2022,12/27/2022,2392858,Dang Thi Phuc,0
RENT_HCM_03830,62A-523.15,Honda,CR-V,10/15/2021,10/18/2021,2882592,Vu Van An,1
RENT_HCM_03831,11C-319.16,Toyota,Innova,10/15/2021,10/17/2021,912892,Bui Thi Oanh,0
RENT_HCM_03832,38G-667.86,Mazda,3,4/24/2023,4/28/2023,3646320,Do Thi Khoa,0
RENT_HCM_03833,39H-457.60,Hyundai,Grand i10,2/14/2025,2/15/2025,772976,Bui Thi Phong,1
RENT_HCM_03834,95B-546.55,Hyundai,Accent,7/17/2021,7/19/2021,1703110,Tran Thi Hoa,1
RENT_HCM_03835,18H-105.04,Hyundai,i10,2/20/2026,2/23/2026,2871354,Bui Thi Binh,0
RENT_HCM_03836,72H-414.63,Ford,Ranger,10/12/2022,10/14/2022,2300696,Do Thi An,0
RENT_HCM_03837,77C-616.68,Toyota,Camry,1/5/2022,1/6/2022,752592,Bui Thi An,2
RENT_HCM_03838,28D-108.89,Hyundai,i10,1/23/2026,1/30/2026,7752864,Bui Thi Linh,0
RENT_HCM_03839,16B-618.82,Hyundai,Grand i10,6/17/2024,6/20/2024,3313512,Dang Thi Oanh,0
RENT_HCM_03840,91G-764.50,Toyota,Vios,4/7/2025,4/13/2025,3133446,Vu Van Cuong,1
RENT_HCM_03841,64K-177.33,Vinfast,Lux A2.0,10/7/2022,10/9/2022,1040704,Do Thi Binh,0
RENT_HCM_03842,39B-248.98,Hyundai,Grand i10,11/4/2022,11/10/2022,3684456,Ngo Van Cuong,0
RENT_HCM_03843,28A-321.73,Hyundai,Accent,2/2/2021,2/4/2021,1873930,Dang Thi Giang,2
RENT_HCM_03844,51G-626.30,Vinfast,Lux A2.0,7/8/2021,7/13/2021,2485460,Vu Van Dung,0
RENT_HCM_03845,60A-977.72,Hyundai,Grand i10,9/5/2023,9/10/2023,3187940,Hoang Van Nam,1
RENT_HCM_03846,86G-330.15,Toyota,Vios,2/28/2025,3/2/2025,888164,Ngo Van Phuc,1
RENT_HCM_03847,42D-602.47,Honda,City,11/9/2025,11/14/2025,4340505,Pham Thi Dung,0
RENT_HCM_03848,15C-124.07,Toyota,Innova,7/15/2025,7/17/2025,971056,Bui Thi Binh,1
RENT_HCM_03849,96H-976.38,Hyundai,i10,10/20/2023,10/23/2023,2876166,Vu Van Phong,3
RENT_HCM_03850,66G-887.42,Vinfast,Lux A2.0,11/7/2021,11/10/2021,2941314,Nguyen Van Phuc,1
RENT_HCM_03851,85H-903.18,Kia,Morning,10/22/2022,10/29/2022,6849878,Nguyen Van Em,0
RENT_HCM_03852,89G-388.88,Hyundai,Accent,5/10/2025,5/16/2025,5030124,Vu Van Phuc,0
RENT_HCM_03853,91A-212.00,Hyundai,Grand i10,4/11/2022,4/14/2022,1365291,Dang Thi Hoa,0
RENT_HCM_03854,23G-543.44,Hyundai,i10,12/30/2023,1/1/2024,1515232,Do Thi Binh,0
RENT_HCM_03855,15A-216.83,Honda,City,4/12/2024,4/18/2024,6211812,Le Van Phong,0
RENT_HCM_03856,39C-734.09,Ford,EcoSport,5/6/2024,5/11/2024,3782020,Dang Thi Hoa,1
RENT_HCM_03857,18C-484.21,Ford,Ranger,5/31/2026,6/6/2026,2634360,Le Van An,0
RENT_HCM_03858,42D-602.47,Honda,City,3/23/2022,3/29/2022,3925482,Hoang Van Phuc,1
RENT_HCM_03859,12E-196.98,Ford,EcoSport,6/9/2023,6/12/2023,2294862,Ngo Van An,0
RENT_HCM_03860,99C-732.83,Ford,EcoSport,11/21/2021,11/22/2021,956395,Tran Thi Phong,2
RENT_HCM_03861,24A-243.28,Hyundai,Grand i10,9/8/2023,9/11/2023,2610453,Tran Thi Oanh,1
RENT_HCM_03862,73D-927.45,Mazda,CX-5,8/28/2025,9/3/2025,6288990,Ngo Van Minh,1
RENT_HCM_03863,13H-835.85,Ford,EcoSport,5/19/2023,5/24/2023,5971050,Do Thi Linh,1
RENT_HCM_03864,72H-414.63,Ford,Ranger,7/18/2025,7/24/2025,4687692,Dang Thi Minh,0
RENT_HCM_03865,49D-328.28,Kia,Morning,10/12/2025,10/18/2025,6095160,Dang Thi Quyen,1
RENT_HCM_03866,33C-941.96,Kia,Morning,11/27/2024,12/4/2024,3178413,Dang Thi Dung,0
RENT_HCM_03867,91G-764.50,Toyota,Vios,11/5/2025,11/11/2025,5646648,Tran Thi Linh,1
RENT_HCM_03868,66G-887.42,Vinfast,Lux A2.0,9/2/2025,9/6/2025,4238388,Nguyen Van Minh,0
RENT_HCM_03869,94D-176.27,Ford,Ranger,8/15/2024,8/16/2024,647942,Le Van Minh,0
RENT_HCM_03870,75C-107.61,Vinfast,Fadil,7/16/2022,7/17/2022,849146,Hoang Van An,2
RENT_HCM_03871,52B-953.14,Kia,Soluto,12/20/2023,12/27/2023,3832787,Tran Thi Hoa,0
RENT_HCM_03872,59C-409.49,Honda,CR-V,3/1/2023,3/8/2023,3131891,Le Van Giang,2
RENT_HCM_03873,99E-453.66,Kia,Soluto,9/4/2024,9/6/2024,1888882,Pham Thi Binh,2
RENT_HCM_03874,21A-335.92,Vinfast,Fadil,9/11/2021,9/17/2021,2587548,Le Van Nam,1
RENT_HCM_03875,90F-168.01,Toyota,Vios,8/22/2026,8/23/2026,1171526,Dang Thi Quyen,0
RENT_HCM_03876,12B-182.67,Toyota,Vios,1/5/2023,1/8/2023,1627593,Pham Thi Oanh,0
RENT_HCM_03877,69D-543.35,Honda,City,10/3/2021,10/6/2021,3106650,Le Van Binh,0
RENT_HCM_03878,62A-523.15,Honda,CR-V,9/27/2022,9/28/2022,1170553,Tran Thi Minh,1
RENT_HCM_03879,93F-865.25,Mazda,3,11/27/2021,12/3/2021,3820722,Bui Thi Phuc,1
RENT_HCM_03880,48B-706.17,Toyota,Camry,3/15/2025,3/21/2025,4518900,Nguyen Van Binh,0
RENT_HCM_03881,96E-688.41,Toyota,Innova,4/25/2023,4/29/2023,4310800,Le Van Em,0
RENT_HCM_03882,23D-400.10,Kia,Morning,6/16/2026,6/19/2026,3569913,Vu Van Phuc,0
RENT_HCM_03883,33F-566.78,Toyota,Vios,1/24/2025,1/30/2025,6476754,Bui Thi Phong,1
RENT_HCM_03884,96H-976.38,Hyundai,i10,7/30/2021,8/6/2021,5512101,Hoang Van Cuong,0
RENT_HCM_03885,18H-105.04,Hyundai,i10,9/14/2023,9/17/2023,1485696,Ngo Van Cuong,0
RENT_HCM_03886,77A-503.91,Mazda,3,3/15/2021,3/21/2021,6707088,Dang Thi Cuong,0
RENT_HCM_03887,37K-262.20,Mazda,3,2/23/2025,2/25/2025,1357498,Ngo Van Quyen,2
RENT_HCM_03888,53K-126.49,Toyota,Innova,5/20/2025,5/24/2025,1752652,Bui Thi Quyen,2
RENT_HCM_03889,68C-733.66,Hyundai,Accent,5/26/2023,6/2/2023,7311472,Ngo Van Khoa,1
RENT_HCM_03890,87B-373.03,Honda,City,12/17/2025,12/20/2025,2058618,Vu Van An,0
RENT_HCM_03891,27H-701.29,Toyota,Camry,7/25/2026,8/1/2026,4911487,Nguyen Van Dung,0
RENT_HCM_03892,15C-124.07,Toyota,Innova,9/29/2022,10/6/2022,6128661,Vu Van Cuong,0
RENT_HCM_03893,90A-463.29,Hyundai,i10,10/17/2025,10/18/2025,1008852,Dang Thi Cuong,1
RENT_HCM_03894,95B-546.55,Hyundai,Accent,5/20/2022,5/22/2022,1465774,Ngo Van Quyen,0
RENT_HCM_03895,27G-984.07,Ford,Ranger,11/2/2021,11/6/2021,4728664,Ngo Van Nam,0
RENT_HCM_03896,81H-361.56,Vinfast,Lux A2.0,5/25/2023,5/30/2023,5898150,Le Van Hoa,0
RENT_HCM_03897,45C-536.55,Ford,EcoSport,9/18/2025,9/20/2025,931786,Hoang Van Minh,0
RENT_HCM_03898,77C-211.72,Kia,Seltos,9/3/2024,9/9/2024,3351174,Ngo Van Khoa,2
RENT_HCM_03899,34K-392.12,Kia,Morning,10/3/2025,10/5/2025,2376674,Do Thi Quyen,1
RENT_HCM_03900,59C-409.49,Honda,CR-V,3/18/2026,3/21/2026,1398942,Do Thi Dung,0
RENT_HCM_03901,96B-415.49,Mazda,3,6/14/2026,6/21/2026,3252746,Tran Thi Binh,0
RENT_HCM_03902,36K-772.94,Ford,EcoSport,12/6/2025,12/7/2025,907998,Pham Thi An,0
RENT_HCM_03903,49D-328.28,Kia,Morning,5/12/2021,5/18/2021,4658478,Ngo Van Quyen,3
RENT_HCM_03904,37G-231.27,Toyota,Camry,11/27/2025,12/1/2025,2068944,Ngo Van Phuc,2
RENT_HCM_03905,76K-194.55,Toyota,Innova,5/25/2025,5/26/2025,724749,Tran Thi Phong,0
RENT_HCM_03906,70D-192.58,Kia,Morning,6/23/2025,6/30/2025,6086703,Pham Thi Quyen,0
RENT_HCM_03907,99C-732.83,Ford,EcoSport,12/26/2022,12/29/2022,3419838,Hoang Van Giang,1
RENT_HCM_03908,72H-414.63,Ford,Ranger,10/4/2023,10/9/2023,4418610,Pham Thi Giang,2
RENT_HCM_03909,47B-414.62,Honda,City,9/10/2026,9/12/2026,1955346,Do Thi Dung,0
RENT_HCM_03910,90A-485.48,Mazda,CX-5,8/13/2026,8/15/2026,1801228,Do Thi Nam,0
RENT_HCM_03911,80H-858.85,Ford,Ranger,8/14/2024,8/16/2024,2204318,Nguyen Van Nam,0
RENT_HCM_03912,72K-221.19,Toyota,Innova,7/8/2022,7/9/2022,1036090,Le Van Quyen,0
RENT_HCM_03913,62H-628.28,Toyota,Camry,4/18/2024,4/23/2024,4456375,Vu Van Minh,0
RENT_HCM_03914,21G-202.34,Honda,City,3/1/2022,3/7/2022,6768876,Le Van Binh,1
RENT_HCM_03915,97D-214.30,Honda,CR-V,12/27/2025,12/31/2025,2221488,Ngo Van Oanh,2
RENT_HCM_03916,11C-319.16,Toyota,Innova,10/28/2025,10/29/2025,711563,Do Thi Oanh,2
RENT_HCM_03917,87B-650.29,Toyota,Camry,11/3/2025,11/9/2025,3672384,Vu Van Hoa,1
RENT_HCM_03918,54G-335.06,Honda,CR-V,12/7/2021,12/9/2021,1049946,Hoang Van Em,0
RENT_HCM_03919,74H-842.20,Kia,Morning,4/7/2021,4/12/2021,4638315,Nguyen Van Minh,0
RENT_HCM_03920,18A-563.17,Toyota,Innova,3/31/2021,4/7/2021,2862230,Le Van An,1
RENT_HCM_03921,80H-858.85,Ford,Ranger,9/4/2023,9/8/2023,2588156,Bui Thi Linh,1
RENT_HCM_03922,43K-499.70,Kia,Seltos,12/16/2024,12/19/2024,2498574,Ngo Van Nam,1
RENT_HCM_03923,40E-606.38,Vinfast,Lux A2.0,6/17/2023,6/23/2023,3531690,Vu Van Cuong,2
RENT_HCM_03924,95E-747.86,Mazda,CX-5,9/17/2026,9/20/2026,2533698,Dang Thi Phong,1
RENT_HCM_03925,80K-657.71,Toyota,Innova,12/12/2022,12/13/2022,1158657,Dang Thi Binh,2
RENT_HCM_03926,50F-310.34,Kia,Morning,10/26/2023,10/29/2023,1207236,Tran Thi Phuc,1
RENT_HCM_03927,25A-321.29,Toyota,Innova,9/3/2024,9/4/2024,765438,Dang Thi Oanh,0
RENT_HCM_03928,87B-373.03,Honda,City,4/12/2022,4/19/2022,3110520,Vu Van An,1
RENT_HCM_03929,80H-858.85,Ford,Ranger,10/14/2021,10/15/2021,586641,Ngo Van Minh,0
RENT_HCM_03930,72G-919.68,Toyota,Vios,2/15/2023,2/16/2023,495598,Vu Van Quyen,1
RENT_HCM_03931,90A-485.48,Mazda,CX-5,7/29/2026,8/1/2026,2388945,Dang Thi Linh,1
RENT_HCM_03932,35G-898.00,Vinfast,Fadil,1/3/2021,1/9/2021,5684808,Do Thi Em,0
RENT_HCM_03933,94G-517.12,Mazda,CX-5,7/27/2023,8/1/2023,2182615,Nguyen Van An,1
RENT_HCM_03934,41C-516.21,Hyundai,i10,4/26/2024,5/2/2024,5929632,Hoang Van Giang,1
RENT_HCM_03935,90A-463.29,Hyundai,i10,9/3/2025,9/8/2025,2287820,Tran Thi Quyen,0
RENT_HCM_03936,38E-944.15,Mazda,3,3/7/2025,3/14/2025,5763044,Le Van Giang,0
RENT_HCM_03937,98B-587.88,Vinfast,Fadil,6/24/2026,6/27/2026,3278055,Tran Thi Giang,1
RENT_HCM_03938,28B-378.39,Toyota,Innova,10/4/2021,10/7/2021,3033795,Do Thi Giang,0
RENT_HCM_03939,62A-523.15,Honda,CR-V,8/22/2024,8/29/2024,5127472,Ngo Van Phong,0
RENT_HCM_03940,43K-499.70,Kia,Seltos,10/1/2022,10/5/2022,3654696,Bui Thi Em,0
RENT_HCM_03941,40B-456.25,Hyundai,i10,1/26/2021,2/2/2021,5631829,Bui Thi Minh,0
RENT_HCM_03942,40A-169.95,Toyota,Vios,9/23/2023,9/24/2023,663693,Vu Van An,1
RENT_HCM_03943,45D-330.83,Mazda,CX-5,10/31/2023,11/1/2023,483922,Nguyen Van Oanh,3
RENT_HCM_03944,11C-493.44,Mazda,3,8/5/2023,8/7/2023,1387802,Dang Thi Hoa,1
RENT_HCM_03945,59C-409.49,Honda,CR-V,5/30/2026,6/1/2026,2289664,Hoang Van Phong,0
RENT_HCM_03946,96E-688.41,Toyota,Innova,6/25/2023,6/27/2023,2252720,Ngo Van Cuong,0
RENT_HCM_03947,25B-454.15,Toyota,Innova,2/13/2024,2/15/2024,1244218,Vu Van Em,1
RENT_HCM_03948,64F-676.74,Hyundai,Accent,2/22/2024,2/27/2024,4915830,Pham Thi Quyen,2
RENT_HCM_03949,66G-887.42,Vinfast,Lux A2.0,10/28/2022,10/29/2022,908654,Ngo Van Dung,2
RENT_HCM_03950,18C-484.21,Ford,Ranger,12/26/2024,12/31/2024,5164600,Le Van Em,0
RENT_HCM_03951,34H-793.09,Mazda,CX-5,12/19/2021,12/25/2021,7081836,Dang Thi Em,0
RENT_HCM_03952,77F-485.44,Hyundai,i10,2/10/2021,2/13/2021,2923752,Dang Thi An,3
RENT_HCM_03953,39H-562.25,Ford,EcoSport,1/29/2024,1/30/2024,1042512,Dang Thi Nam,0
RENT_HCM_03954,31F-834.71,Hyundai,Grand i10,12/2/2022,12/3/2022,1197835,Ngo Van Nam,1
RENT_HCM_03955,37B-826.15,Kia,Soluto,12/1/2025,12/5/2025,4164660,Ngo Van Hoa,1
RENT_HCM_03956,65B-452.82,Toyota,Innova,8/25/2022,9/1/2022,6989059,Dang Thi Binh,3
RENT_HCM_03957,37B-826.15,Kia,Soluto,12/25/2025,1/1/2026,5416201,Le Van Quyen,1
RENT_HCM_03958,40H-661.06,Mazda,3,10/6/2023,10/10/2023,2321492,Hoang Van Khoa,0
RENT_HCM_03959,66E-447.50,Mazda,CX-5,3/23/2023,3/25/2023,894208,Hoang Van Phong,0
RENT_HCM_03960,98B-587.88,Vinfast,Fadil,7/12/2022,7/16/2022,4716740,Bui Thi Phong,1
RENT_HCM_03961,99C-732.83,Ford,EcoSport,5/16/2022,5/19/2022,2294112,Vu Van Phong,1
RENT_HCM_03962,74A-942.98,Hyundai,Accent,5/1/2026,5/2/2026,899182,Do Thi Giang,0
RENT_HCM_03963,67C-665.78,Hyundai,i10,9/16/2023,9/20/2023,2028548,Tran Thi Khoa,1
RENT_HCM_03964,80H-858.85,Ford,Ranger,11/28/2023,12/3/2023,4652415,Bui Thi Em,1
RENT_HCM_03965,33F-566.78,Toyota,Vios,1/16/2026,1/18/2026,2023516,Do Thi Phuc,0
RENT_HCM_03966,73A-575.16,Ford,Ranger,8/21/2024,8/28/2024,7165725,Le Van Em,0
RENT_HCM_03967,80K-657.71,Toyota,Innova,7/15/2024,7/21/2024,4825728,Ngo Van Dung,0
RENT_HCM_03968,40G-744.81,Honda,City,1/30/2025,1/31/2025,1185560,Bui Thi An,1
RENT_HCM_03969,72C-183.23,Ford,Ranger,12/29/2023,12/30/2023,563252,Le Van Binh,1
RENT_HCM_03970,39H-896.77,Toyota,Vios,6/11/2025,6/18/2025,5593014,Ngo Van Linh,1
RENT_HCM_03971,50G-118.24,Honda,CR-V,6/24/2022,7/1/2022,6202882,Ngo Van Minh,1
RENT_HCM_03972,99E-453.66,Kia,Soluto,9/18/2025,9/24/2025,6657408,Hoang Van Hoa,1
RENT_HCM_03973,90F-168.01,Toyota,Vios,9/24/2023,9/28/2023,3757652,Ngo Van Minh,0
RENT_HCM_03974,35C-671.07,Hyundai,i10,3/26/2025,4/1/2025,4621860,Do Thi Khoa,0
RENT_HCM_03975,22E-888.71,Honda,CR-V,5/11/2023,5/13/2023,1100384,Dang Thi Oanh,0
RENT_HCM_03976,65B-452.82,Toyota,Innova,2/21/2021,2/27/2021,5560878,Do Thi Binh,0
RENT_HCM_03977,66F-164.86,Kia,Soluto,7/13/2021,7/15/2021,1401354,Vu Van Quyen,0
RENT_HCM_03978,14B-920.02,Toyota,Vios,2/14/2024,2/17/2024,2672958,Dang Thi Binh,2
RENT_HCM_03979,98B-587.88,Vinfast,Fadil,9/24/2024,9/27/2024,3359688,Vu Van Oanh,1
RENT_HCM_03980,78C-146.78,Ford,Ranger,6/1/2021,6/6/2021,3685345,Hoang Van Giang,0
RENT_HCM_03981,50F-310.34,Kia,Morning,6/21/2025,6/22/2025,568291,Nguyen Van Quyen,1
RENT_HCM_03982,62G-115.18,Ford,Ranger,8/28/2025,9/4/2025,3850476,Tran Thi An,1
RENT_HCM_03983,86G-330.15,Toyota,Vios,7/28/2022,8/2/2022,4907250,Tran Thi Quyen,0
RENT_HCM_03984,64C-859.87,Toyota,Vios,8/31/2022,9/3/2022,2025684,Tran Thi Hoa,1
RENT_HCM_03985,30D-278.73,Hyundai,Accent,12/28/2025,12/29/2025,444154,Hoang Van Dung,0
RENT_HCM_03986,23G-543.44,Hyundai,i10,10/21/2021,10/26/2021,5509635,Le Van Khoa,0
RENT_HCM_03987,72C-183.23,Ford,Ranger,5/4/2021,5/5/2021,629655,Hoang Van Phong,1
RENT_HCM_03988,62G-115.18,Ford,Ranger,4/7/2024,4/13/2024,4160520,Nguyen Van Quyen,1
RENT_HCM_03989,83B-797.49,Mazda,3,1/22/2022,1/24/2022,1943838,Dang Thi Cuong,0
RENT_HCM_03990,11C-493.44,Mazda,3,8/16/2026,8/23/2026,6053236,Pham Thi Minh,2
RENT_HCM_03991,36D-337.43,Vinfast,Lux A2.0,9/15/2021,9/16/2021,1032018,Le Van An,0
RENT_HCM_03992,74H-842.20,Kia,Morning,3/20/2022,3/23/2022,2134380,Hoang Van Nam,0
RENT_HCM_03993,68A-588.72,Ford,EcoSport,4/15/2021,4/16/2021,900882,Ngo Van Cuong,1
RENT_HCM_03994,18A-563.17,Toyota,Innova,2/17/2021,2/24/2021,2862146,Le Van Cuong,0
RENT_HCM_03995,24E-955.46,Toyota,Vios,9/4/2026,9/7/2026,1450197,Tran Thi Quyen,0
RENT_HCM_03996,96D-838.67,Vinfast,Lux A2.0,3/27/2022,3/29/2022,1810136,Vu Van Em,1
RENT_HCM_03997,41C-516.21,Hyundai,i10,8/12/2024,8/19/2024,7461706,Ngo Van Hoa,0
RENT_HCM_03998,39H-457.60,Hyundai,Grand i10,3/28/2021,4/3/2021,3078126,Nguyen Van Cuong,1
RENT_HCM_03999,77F-485.44,Hyundai,i10,9/20/2023,9/22/2023,1961886,Tran Thi Cuong,2
RENT_HCM_04000,13H-835.85,Ford,EcoSport,5/13/2022,5/14/2022,628262,Ngo Van Quyen,0
RENT_HCM_04001,91B-105.47,Toyota,Innova,12/30/2024,12/31/2024,998647,Do Thi Hoa,1
RENT_HCM_04002,28A-321.73,Hyundai,Accent,3/20/2025,3/23/2025,3322401,Ngo Van Giang,1
RENT_HCM_04003,85E-378.37,Ford,Ranger,8/25/2022,8/30/2022,5385155,Nguyen Van Oanh,0
RENT_HCM_04004,66E-447.50,Mazda,CX-5,8/9/2022,8/12/2022,1236600,Nguyen Van Minh,2
RENT_HCM_04005,36F-989.46,Mazda,3,2/4/2021,2/9/2021,3117850,Hoang Van Linh,1
RENT_HCM_04006,83F-155.85,Vinfast,Fadil,9/1/2021,9/7/2021,4898082,Bui Thi Giang,1
RENT_HCM_04007,72H-414.63,Ford,Ranger,4/24/2021,4/27/2021,2549277,Vu Van Binh,1
RENT_HCM_04008,11C-738.22,Vinfast,Fadil,9/1/2021,9/7/2021,3293310,Vu Van Phuc,0
RENT_HCM_04009,37K-262.20,Mazda,3,12/1/2025,12/4/2025,1578060,Hoang Van Oanh,0
RENT_HCM_04010,38G-497.95,Kia,Soluto,2/5/2021,2/6/2021,761593,Do Thi Minh,1
RENT_HCM_04011,92A-672.48,Ford,EcoSport,9/10/2021,9/11/2021,702622,Do Thi Nam,0
RENT_HCM_04012,16K-690.45,Vinfast,Lux A2.0,1/15/2024,1/17/2024,2286282,Hoang Van Quyen,2
RENT_HCM_04013,91H-439.88,Mazda,CX-5,11/4/2022,11/9/2022,5105375,Ngo Van Oanh,0
RENT_HCM_04014,72K-221.19,Toyota,Innova,1/29/2023,1/30/2023,985168,Pham Thi Linh,0
RENT_HCM_04015,59C-409.49,Honda,CR-V,12/5/2021,12/11/2021,5311476,Vu Van An,0
RENT_HCM_04016,11C-493.44,Mazda,3,6/4/2026,6/6/2026,1766318,Hoang Van Phuc,0
RENT_HCM_04017,72G-969.58,Toyota,Vios,7/31/2022,8/4/2022,2071252,Tran Thi Quyen,2
RENT_HCM_04018,36K-772.94,Ford,EcoSport,8/13/2025,8/15/2025,2300212,Vu Van Quyen,3
RENT_HCM_04019,59A-901.69,Kia,Soluto,3/19/2022,3/24/2022,4587870,Pham Thi Khoa,1
RENT_HCM_04020,25D-575.36,Hyundai,Accent,11/24/2024,12/1/2024,6531357,Vu Van Oanh,1
RENT_HCM_04021,38C-383.91,Ford,Ranger,10/25/2022,11/1/2022,5324690,Nguyen Van Oanh,0
RENT_HCM_04022,96E-688.41,Toyota,Innova,2/23/2025,2/24/2025,682984,Pham Thi Giang,3
RENT_HCM_04023,93A-482.11,Toyota,Camry,8/2/2024,8/4/2024,1677838,Hoang Van Nam,1
RENT_HCM_04024,99C-732.83,Ford,EcoSport,6/7/2022,6/9/2022,1794684,Le Van Cuong,0
RENT_HCM_04025,77B-234.63,Mazda,3,4/25/2021,4/29/2021,3965360,Le Van Cuong,0
RENT_HCM_04026,81A-639.94,Honda,City,4/21/2024,4/27/2024,5671224,Ngo Van Em,0
RENT_HCM_04027,64C-859.87,Toyota,Vios,6/19/2021,6/23/2021,3773496,Vu Van Khoa,0
RENT_HCM_04028,33B-472.24,Kia,Seltos,8/1/2022,8/3/2022,1579616,Le Van Binh,2
RENT_HCM_04029,16K-690.45,Vinfast,Lux A2.0,8/14/2021,8/21/2021,8184218,Pham Thi An,0
RENT_HCM_04030,62A-523.15,Honda,CR-V,9/9/2024,9/10/2024,509846,Le Van Oanh,0
RENT_HCM_04031,15A-216.83,Honda,City,3/5/2026,3/12/2026,7139447,Dang Thi Khoa,0
RENT_HCM_04032,26E-180.53,Hyundai,Accent,4/9/2024,4/14/2024,2383530,Vu Van Phuc,1
RENT_HCM_04033,36E-560.60,Toyota,Vios,4/24/2026,4/25/2026,796777,Pham Thi Phuc,0
RENT_HCM_04034,40E-511.08,Honda,CR-V,6/29/2025,7/3/2025,1828648,Do Thi Em,2
RENT_HCM_04035,55B-647.43,Mazda,3,8/5/2025,8/11/2025,6039498,Do Thi Em,1
RENT_HCM_04036,66F-164.86,Kia,Soluto,2/15/2023,2/17/2023,2077884,Bui Thi Oanh,0
RENT_HCM_04037,76K-194.55,Toyota,Innova,5/28/2024,5/29/2024,846507,Hoang Van Linh,0
RENT_HCM_04038,22E-888.71,Honda,CR-V,8/19/2021,8/21/2021,1000596,Ngo Van Binh,1
RENT_HCM_04039,35C-671.07,Hyundai,i10,8/6/2024,8/7/2024,686307,Le Van Khoa,0
RENT_HCM_04040,47B-414.62,Honda,City,4/30/2025,5/1/2025,599967,Le Van Linh,1
RENT_HCM_04041,76G-211.58,Hyundai,Accent,10/18/2022,10/19/2022,498106,Pham Thi Minh,1
RENT_HCM_04042,15F-595.30,Honda,City,3/12/2026,3/16/2026,2230816,Hoang Van Binh,0
RENT_HCM_04043,95B-546.55,Hyundai,Accent,7/4/2026,7/7/2026,1444920,Vu Van Nam,0
RENT_HCM_04044,31F-834.71,Hyundai,Grand i10,1/29/2024,2/2/2024,3566048,Do Thi Em,0
RENT_HCM_04045,69D-543.35,Honda,City,1/11/2022,1/17/2022,4330080,Ngo Van Minh,0
RENT_HCM_04046,50G-877.98,Hyundai,i10,6/13/2021,6/19/2021,2900778,Ngo Van Em,1
RENT_HCM_04047,68A-105.33,Toyota,Innova,7/18/2021,7/24/2021,5137440,Tran Thi Oanh,0
RENT_HCM_04048,72D-907.40,Hyundai,i10,9/9/2026,9/14/2026,4931640,Le Van Phuc,0
RENT_HCM_04049,92D-335.06,Toyota,Camry,3/2/2023,3/4/2023,2380584,Bui Thi Nam,1
RENT_HCM_04050,22G-155.46,Hyundai,i10,7/7/2021,7/10/2021,1921479,Do Thi Phong,1
RENT_HCM_04051,55K-383.25,Mazda,3,5/20/2021,5/25/2021,3801185,Bui Thi Khoa,0
RENT_HCM_04052,91A-212.00,Hyundai,Grand i10,10/20/2022,10/23/2022,1731459,Vu Van An,0
RENT_HCM_04053,76B-763.75,Honda,City,2/19/2024,2/23/2024,4056676,Tran Thi Oanh,0
RENT_HCM_04054,28A-321.73,Hyundai,Accent,3/1/2021,3/6/2021,5899400,Bui Thi Binh,0
RENT_HCM_04055,20A-146.45,Honda,City,5/1/2024,5/4/2024,2332218,Vu Van Binh,3
RENT_HCM_04056,12B-182.67,Toyota,Vios,9/3/2023,9/5/2023,1966986,Dang Thi Phong,1
RENT_HCM_04057,94E-578.12,Hyundai,i10,9/18/2023,9/19/2023,688751,Hoang Van Khoa,1
RENT_HCM_04058,72D-907.40,Hyundai,i10,10/30/2024,11/3/2024,4460360,Hoang Van Em,0
RENT_HCM_04059,62A-523.15,Honda,CR-V,12/15/2022,12/20/2022,3800825,Tran Thi Em,1
RENT_HCM_04060,24A-243.28,Hyundai,Grand i10,11/13/2023,11/16/2023,2050407,Bui Thi Oanh,3
RENT_HCM_04061,37G-231.27,Toyota,Camry,10/30/2022,11/5/2022,3073068,Dang Thi Minh,0
RENT_HCM_04062,49E-348.68,Kia,Soluto,5/29/2026,5/30/2026,1139860,Bui Thi Binh,3
RENT_HCM_04063,32F-733.46,Toyota,Vios,1/28/2021,1/31/2021,2869326,Hoang Van Minh,1
RENT_HCM_04064,32F-733.46,Toyota,Vios,9/28/2023,9/29/2023,896968,Nguyen Van Em,0
RENT_HCM_04065,97D-214.30,Honda,CR-V,6/11/2025,6/18/2025,5757731,Le Van Phuc,0
RENT_HCM_04066,73D-927.45,Mazda,CX-5,9/20/2025,9/22/2025,868960,Pham Thi Minh,1
RENT_HCM_04067,18C-484.21,Ford,Ranger,7/18/2021,7/23/2021,5832995,Bui Thi Phuc,2
RENT_HCM_04068,39H-996.40,Honda,CR-V,1/9/2024,1/15/2024,5113740,Pham Thi Giang,2
RENT_HCM_04069,13C-595.73,Vinfast,Lux A2.0,10/25/2025,10/31/2025,5038494,Ngo Van Minh,0
RENT_HCM_04070,32K-304.31,Kia,Morning,6/23/2023,6/29/2023,3470808,Do Thi Binh,2
RENT_HCM_04071,77A-503.91,Mazda,3,4/30/2026,5/6/2026,4653762,Do Thi Minh,2
RENT_HCM_04072,53K-126.49,Toyota,Innova,7/21/2026,7/27/2026,6902112,Vu Van Oanh,0
RENT_HCM_04073,33C-941.96,Kia,Morning,9/6/2021,9/12/2021,4800738,Le Van Khoa,0
RENT_HCM_04074,16K-535.88,Kia,Soluto,12/1/2022,12/3/2022,2252168,Do Thi Dung,1
RENT_HCM_04075,71D-707.45,Mazda,3,6/22/2023,6/28/2023,4569822,Ngo Van Khoa,1
RENT_HCM_04076,66E-447.50,Mazda,CX-5,7/27/2022,8/3/2022,5119681,Ngo Van Phuc,1
RENT_HCM_04077,77C-211.72,Kia,Seltos,7/7/2023,7/9/2023,1578244,Ngo Van Khoa,0
RENT_HCM_04078,99E-453.66,Kia,Soluto,11/14/2025,11/17/2025,2272650,Tran Thi Khoa,2
RENT_HCM_04079,18E-187.25,Mazda,3,6/24/2021,6/26/2021,1790164,Ngo Van Dung,0
RENT_HCM_04080,37G-231.27,Toyota,Camry,2/3/2023,2/9/2023,6592410,Vu Van Dung,2
RENT_HCM_04081,49E-348.68,Kia,Soluto,1/9/2025,1/14/2025,2021725,Tran Thi Quyen,1
RENT_HCM_04082,64K-177.33,Vinfast,Lux A2.0,4/29/2021,5/2/2021,1863534,Tran Thi Phuc,0
RENT_HCM_04083,15C-124.07,Toyota,Innova,9/22/2026,9/23/2026,1104646,Hoang Van Hoa,1
RENT_HCM_04084,77C-211.72,Kia,Seltos,11/28/2024,11/29/2024,1005232,Hoang Van Khoa,1
RENT_HCM_04085,90A-463.29,Hyundai,i10,6/26/2024,7/3/2024,3432667,Nguyen Van Giang,0
RENT_HCM_04086,66E-447.50,Mazda,CX-5,12/31/2021,1/3/2022,1670124,Hoang Van Nam,0
RENT_HCM_04087,50F-310.34,Kia,Morning,9/22/2025,9/27/2025,2156330,Do Thi Minh,2
RENT_HCM_04088,76K-194.55,Toyota,Innova,7/6/2026,7/13/2026,3877020,Ngo Van Em,2
RENT_HCM_04089,94G-517.12,Mazda,CX-5,8/27/2021,8/28/2021,671173,Pham Thi Cuong,1
RENT_HCM_04090,15C-124.07,Toyota,Innova,1/30/2021,2/1/2021,801104,Dang Thi Khoa,2
RENT_HCM_04091,14G-415.24,Hyundai,i10,2/26/2022,3/2/2022,1723288,Vu Van Quyen,0
RENT_HCM_04092,90B-179.51,Vinfast,Fadil,11/19/2022,11/22/2022,1463118,Tran Thi Dung,0
RENT_HCM_04093,20K-624.55,Mazda,3,2/21/2022,2/26/2022,2044455,Pham Thi Linh,0
RENT_HCM_04094,15C-124.07,Toyota,Innova,10/18/2025,10/21/2025,3481791,Ngo Van Binh,1
RENT_HCM_04095,22B-585.78,Ford,EcoSport,6/5/2026,6/12/2026,7307587,Dang Thi Linh,3
RENT_HCM_04096,53K-126.49,Toyota,Innova,1/22/2024,1/27/2024,5667870,Hoang Van Giang,1
RENT_HCM_04097,82K-162.58,Mazda,CX-5,6/11/2021,6/18/2021,4003860,Tran Thi Oanh,0
RENT_HCM_04098,46C-855.60,Vinfast,Fadil,10/21/2023,10/23/2023,1931084,Dang Thi Hoa,0
RENT_HCM_04099,32K-304.31,Kia,Morning,1/27/2021,1/30/2021,2642670,Ngo Van Quyen,0
RENT_HCM_04100,11H-964.02,Ford,Ranger,1/9/2022,1/14/2022,4944225,Nguyen Van Oanh,0
RENT_HCM_04101,28A-321.73,Hyundai,Accent,1/31/2025,2/2/2025,1267528,Dang Thi Khoa,0
RENT_HCM_04102,11G-399.40,Kia,Morning,5/25/2026,5/29/2026,3802792,Vu Van An,0
RENT_HCM_04103,50G-118.24,Honda,CR-V,5/24/2021,5/29/2021,5713795,Hoang Van An,0
RENT_HCM_04104,85E-378.37,Ford,Ranger,3/25/2026,4/1/2026,2948141,Nguyen Van Dung,2
RENT_HCM_04105,91H-439.88,Mazda,CX-5,4/16/2026,4/22/2026,7176588,Hoang Van Linh,0
RENT_HCM_04106,25D-575.36,Hyundai,Accent,9/17/2025,9/19/2025,1516824,Hoang Van Linh,1
RENT_HCM_04107,49E-348.68,Kia,Soluto,12/19/2024,12/25/2024,7130694,Nguyen Van Phong,0
RENT_HCM_04108,80H-858.85,Ford,Ranger,4/16/2022,4/22/2022,3022500,Vu Van Nam,0
RENT_HCM_04109,83F-155.85,Vinfast,Fadil,1/7/2026,1/13/2026,3570384,Ngo Van Cuong,0
RENT_HCM_04110,19K-348.27,Hyundai,i10,4/2/2021,4/8/2021,4192944,Pham Thi Binh,1
RENT_HCM_04111,71C-946.67,Ford,EcoSport,11/17/2024,11/22/2024,2028720,Le Van Phuc,1
RENT_HCM_04112,39H-996.40,Honda,CR-V,4/25/2024,4/27/2024,1836452,Le Van Khoa,1
RENT_HCM_04113,86B-468.95,Toyota,Camry,4/4/2023,4/7/2023,1202055,Nguyen Van An,1
RENT_HCM_04114,77F-485.44,Hyundai,i10,3/3/2022,3/7/2022,3810300,Vu Van Cuong,0
RENT_HCM_04115,37K-262.20,Mazda,3,4/29/2026,5/6/2026,6867826,Nguyen Van Minh,1
RENT_HCM_04116,94D-176.27,Ford,Ranger,5/7/2021,5/14/2021,6100948,Ngo Van Quyen,0
RENT_HCM_04117,91B-105.47,Toyota,Innova,8/20/2024,8/23/2024,3429993,Vu Van Nam,2
RENT_HCM_04118,37F-841.13,Kia,Morning,6/22/2024,6/27/2024,4044585,Hoang Van Khoa,1
RENT_HCM_04119,50G-118.24,Honda,CR-V,3/11/2023,3/15/2023,1822628,Tran Thi Em,1
RENT_HCM_04120,36K-772.94,Ford,EcoSport,6/15/2025,6/19/2025,4025908,Ngo Van Phong,0
RENT_HCM_04121,26D-656.30,Honda,City,8/19/2022,8/20/2022,526991,Bui Thi Em,2
RENT_HCM_04122,90A-485.48,Mazda,CX-5,2/3/2025,2/5/2025,2028988,Nguyen Van Binh,0
RENT_HCM_04123,36K-772.94,Ford,EcoSport,9/8/2025,9/10/2025,1927984,Pham Thi Giang,0
RENT_HCM_04124,78C-146.78,Ford,Ranger,3/6/2023,3/8/2023,2140512,Tran Thi An,0
RENT_HCM_04125,40A-169.95,Toyota,Vios,7/21/2026,7/25/2026,3809196,Bui Thi Em,3
RENT_HCM_04126,34K-392.12,Kia,Morning,4/5/2022,4/12/2022,7652960,Nguyen Van An,0
RENT_HCM_04127,40G-744.81,Honda,City,3/12/2026,3/17/2026,2415605,Hoang Van Phong,0
RENT_HCM_04128,49D-328.28,Kia,Morning,2/24/2026,2/26/2026,1750550,Hoang Van Phong,0
RENT_HCM_04129,93A-482.11,Toyota,Camry,9/27/2025,10/2/2025,3158325,Dang Thi Dung,2
RENT_HCM_04130,50D-378.78,Vinfast,Lux A2.0,11/23/2021,11/26/2021,2962938,Pham Thi Quyen,1
RENT_HCM_04131,72G-969.58,Toyota,Vios,12/19/2021,12/22/2021,1627911,Le Van Phong,2
RENT_HCM_04132,59A-901.69,Kia,Soluto,7/31/2025,8/7/2025,7668444,Vu Van An,3
RENT_HCM_04133,30K-166.87,Hyundai,Accent,12/18/2021,12/19/2021,566900,Pham Thi Hoa,3
RENT_HCM_04134,93D-583.18,Hyundai,Accent,12/7/2021,12/12/2021,3054735,Le Van Minh,0
RENT_HCM_04135,13H-835.85,Ford,EcoSport,5/12/2024,5/15/2024,3549399,Hoang Van Khoa,0
RENT_HCM_04136,68A-588.72,Ford,EcoSport,8/28/2021,8/30/2021,976962,Bui Thi Giang,1
RENT_HCM_04137,32D-394.35,Toyota,Vios,3/19/2023,3/23/2023,3618764,Ngo Van Binh,1
RENT_HCM_04138,76G-211.58,Hyundai,Accent,1/18/2022,1/19/2022,766154,Le Van Khoa,1
RENT_HCM_04139,80K-657.71,Toyota,Innova,10/21/2023,10/23/2023,1255718,Le Van Phuc,0
RENT_HCM_04140,38C-142.53,Hyundai,i10,7/11/2026,7/12/2026,559791,Vu Van Dung,0
RENT_HCM_04141,42H-912.12,Toyota,Innova,7/15/2021,7/16/2021,1179494,Pham Thi Phong,0
RENT_HCM_04142,11G-399.40,Kia,Morning,10/14/2025,10/21/2025,6831832,Ngo Van Phuc,2
RENT_HCM_04143,37G-231.27,Toyota,Camry,6/15/2026,6/16/2026,446691,Do Thi Cuong,1
RENT_HCM_04144,37F-841.13,Kia,Morning,11/30/2021,12/3/2021,1654266,Tran Thi Phuc,2
RENT_HCM_04145,77F-485.44,Hyundai,i10,2/7/2025,2/12/2025,5495435,Ngo Van Linh,0
RENT_HCM_04146,36E-560.60,Toyota,Vios,3/2/2021,3/3/2021,1105736,Bui Thi An,0
RENT_HCM_04147,18H-105.04,Hyundai,i10,3/5/2024,3/7/2024,2368194,Nguyen Van Phuc,0
RENT_HCM_04148,23C-148.49,Hyundai,i10,2/23/2025,2/26/2025,3075957,Pham Thi Giang,0
RENT_HCM_04149,11G-731.54,Honda,City,1/24/2024,1/31/2024,4122552,Nguyen Van Binh,0
RENT_HCM_04150,40H-661.06,Mazda,3,4/6/2022,4/8/2022,1454978,Pham Thi Phuc,1
RENT_HCM_04151,84G-796.42,Kia,Morning,7/23/2026,7/29/2026,5190660,Hoang Van Phong,2
RENT_HCM_04152,16K-535.88,Kia,Soluto,1/9/2021,1/12/2021,2911290,Vu Van Dung,0
RENT_HCM_04153,95E-747.86,Mazda,CX-5,11/20/2023,11/25/2023,5043050,Pham Thi Nam,0
RENT_HCM_04154,53E-229.68,Vinfast,Fadil,9/3/2026,9/10/2026,6287953,Bui Thi Binh,0
RENT_HCM_04155,66F-164.86,Kia,Soluto,3/9/2023,3/13/2023,3829680,Ngo Van Quyen,1
RENT_HCM_04156,14G-415.24,Hyundai,i10,6/22/2025,6/25/2025,3063090,Vu Van Phuc,0
RENT_HCM_04157,16K-535.88,Kia,Soluto,10/12/2023,10/18/2023,2744346,Vu Van Quyen,1
RENT_HCM_04158,59B-706.42,Toyota,Vios,2/15/2026,2/18/2026,1762278,Vu Van Hoa,2
RENT_HCM_04159,74D-805.08,Hyundai,Accent,11/11/2021,11/12/2021,786296,Pham Thi Em,0
RENT_HCM_04160,96H-976.38,Hyundai,i10,8/3/2022,8/8/2022,2807150,Dang Thi Phuc,2
RENT_HCM_04161,90A-463.29,Hyundai,i10,6/15/2022,6/19/2022,2197052,Nguyen Van Giang,0
RENT_HCM_04162,95E-747.86,Mazda,CX-5,12/1/2021,12/6/2021,3209640,Pham Thi Dung,0
RENT_HCM_04163,87C-525.97,Ford,Ranger,1/18/2024,1/20/2024,2350228,Do Thi Hoa,0
RENT_HCM_04164,28A-321.73,Hyundai,Accent,3/22/2024,3/25/2024,1218189,Le Van Phuc,2
RENT_HCM_04165,71D-707.45,Mazda,3,3/31/2024,4/1/2024,1130341,Ngo Van Em,0
RENT_HCM_04166,82E-939.56,Hyundai,Accent,3/2/2024,3/8/2024,5629698,Tran Thi Giang,0
RENT_HCM_04167,40H-661.06,Mazda,3,7/4/2022,7/5/2022,934696,Bui Thi Cuong,0
RENT_HCM_04168,38C-383.91,Ford,Ranger,3/5/2024,3/7/2024,1461172,Vu Van Khoa,0
RENT_HCM_04169,23D-400.10,Kia,Morning,3/5/2024,3/9/2024,2152324,Bui Thi Em,1
RENT_HCM_04170,35C-671.07,Hyundai,i10,8/12/2026,8/13/2026,473719,Do Thi Phuc,2
RENT_HCM_04171,20K-624.55,Mazda,3,5/17/2024,5/22/2024,5436790,Dang Thi Phuc,0
RENT_HCM_04172,25A-321.29,Toyota,Innova,7/9/2026,7/16/2026,3121580,Ngo Van Hoa,0
RENT_HCM_04173,99E-453.66,Kia,Soluto,9/29/2022,10/5/2022,3528432,Vu Van An,1
RENT_HCM_04174,49F-678.30,Vinfast,Lux A2.0,3/1/2024,3/7/2024,2799150,Le Van Binh,0
RENT_HCM_04175,13H-835.85,Ford,EcoSport,4/12/2025,4/14/2025,1283056,Le Van Quyen,0
RENT_HCM_04176,87B-373.03,Honda,City,11/4/2024,11/6/2024,2341064,Ngo Van Minh,1
RENT_HCM_04177,86B-468.95,Toyota,Camry,7/27/2025,8/3/2025,7124320,Do Thi Linh,2
RENT_HCM_04178,66E-447.50,Mazda,CX-5,3/12/2026,3/17/2026,2799045,Nguyen Van Giang,0
RENT_HCM_04179,18H-105.04,Hyundai,i10,1/14/2026,1/21/2026,6665470,Bui Thi Em,3
RENT_HCM_04180,56B-609.78,Honda,CR-V,8/27/2026,9/2/2026,3095880,Hoang Van Hoa,1
RENT_HCM_04181,20A-146.45,Honda,City,8/1/2023,8/8/2023,7126868,Pham Thi Nam,1
RENT_HCM_04182,77C-616.68,Toyota,Camry,7/6/2023,7/13/2023,4675132,Pham Thi Quyen,0
RENT_HCM_04183,95H-477.98,Kia,Seltos,8/2/2021,8/4/2021,1193724,Tran Thi Em,0
RENT_HCM_04184,83F-155.85,Vinfast,Fadil,4/23/2022,4/25/2022,2314566,Tran Thi Binh,0
RENT_HCM_04185,43K-499.70,Kia,Seltos,6/11/2024,6/14/2024,3228948,Do Thi Quyen,0
RENT_HCM_04186,92A-672.48,Ford,EcoSport,3/27/2021,4/3/2021,4165602,Le Van Khoa,2
RENT_HCM_04187,62B-172.41,Kia,Soluto,7/13/2024,7/17/2024,1941368,Le Van Nam,1
RENT_HCM_04188,50G-118.24,Honda,CR-V,7/29/2023,8/1/2023,1933701,Le Van Linh,0
RENT_HCM_04189,76H-418.80,Hyundai,Accent,4/19/2023,4/22/2023,2130993,Le Van Linh,0
RENT_HCM_04190,95E-747.86,Mazda,CX-5,3/22/2021,3/29/2021,6276466,Dang Thi An,0
RENT_HCM_04191,16K-690.45,Vinfast,Lux A2.0,4/30/2022,5/3/2022,1894422,Dang Thi Khoa,0
RENT_HCM_04192,23G-543.44,Hyundai,i10,10/12/2023,10/18/2023,2448126,Nguyen Van Dung,0
RENT_HCM_04193,69D-543.35,Honda,City,1/28/2023,2/3/2023,5308080,Vu Van Binh,0
RENT_HCM_04194,62A-523.15,Honda,CR-V,12/3/2021,12/5/2021,1485024,Dang Thi Minh,0
RENT_HCM_04195,92F-931.00,Vinfast,Lux A2.0,12/25/2023,1/1/2024,5644485,Bui Thi Cuong,1
RENT_HCM_04196,45C-536.55,Ford,EcoSport,1/12/2026,1/18/2026,2834490,Le Van An,1
RENT_HCM_04197,73A-575.16,Ford,Ranger,4/17/2026,4/20/2026,1878249,Hoang Van Linh,0
RENT_HCM_04198,36F-989.46,Mazda,3,5/17/2021,5/18/2021,566770,Ngo Van Phuc,0
RENT_HCM_04199,81A-639.94,Honda,City,3/1/2022,3/8/2022,5718664,Bui Thi Dung,0
RENT_HCM_04200,86E-413.23,Toyota,Vios,6/23/2021,6/24/2021,879089,Do Thi An,0
RENT_HCM_04201,82K-162.58,Mazda,CX-5,7/9/2025,7/11/2025,2164498,Tran Thi Phuc,1
RENT_HCM_04202,53K-126.49,Toyota,Innova,10/17/2025,10/23/2025,6161160,Le Van Phong,0
RENT_HCM_04203,86B-468.95,Toyota,Camry,10/17/2022,10/21/2022,4567640,Ngo Van Phong,1
RENT_HCM_04204,23D-400.10,Kia,Morning,6/20/2021,6/24/2021,3424508,Nguyen Van Minh,3
RENT_HCM_04205,76G-211.58,Hyundai,Accent,9/21/2021,9/27/2021,4484472,Ngo Van Linh,1
RENT_HCM_04206,28A-321.73,Hyundai,Accent,3/29/2021,4/1/2021,3451548,Ngo Van Dung,0
RENT_HCM_04207,91B-105.47,Toyota,Innova,6/9/2024,6/15/2024,2951088,Ngo Van Em,1
RENT_HCM_04208,71D-707.45,Mazda,3,8/22/2024,8/28/2024,5359824,Do Thi Em,3
RENT_HCM_04209,72K-707.72,Toyota,Camry,6/19/2026,6/25/2026,3727464,Tran Thi Cuong,0
RENT_HCM_04210,63A-217.47,Hyundai,i10,8/28/2023,8/29/2023,648443,Do Thi Nam,1
RENT_HCM_04211,95B-546.55,Hyundai,Accent,7/3/2025,7/6/2025,3098523,Do Thi Linh,0
RENT_HCM_04212,83F-155.85,Vinfast,Fadil,3/31/2022,4/2/2022,1714990,Dang Thi Quyen,0
RENT_HCM_04213,91B-105.47,Toyota,Innova,3/19/2023,3/22/2023,1642125,Vu Van Phong,0
RENT_HCM_04214,34H-793.09,Mazda,CX-5,5/5/2026,5/7/2026,1403412,Bui Thi Linh,3
RENT_HCM_04215,86C-265.81,Ford,Ranger,7/16/2021,7/20/2021,2428872,Vu Van Em,2
RENT_HCM_04216,31G-307.19,Honda,City,12/12/2024,12/18/2024,3527940,Do Thi Hoa,0
RENT_HCM_04217,71D-707.45,Mazda,3,6/9/2023,6/14/2023,5631040,Vu Van Quyen,1
RENT_HCM_04218,82K-625.14,Honda,City,5/4/2021,5/8/2021,3538572,Pham Thi Quyen,0
RENT_HCM_04219,91B-105.47,Toyota,Innova,3/12/2024,3/15/2024,1261818,Nguyen Van Quyen,0
RENT_HCM_04220,28B-378.39,Toyota,Innova,8/21/2023,8/22/2023,1072834,Pham Thi Khoa,0
RENT_HCM_04221,16K-535.88,Kia,Soluto,4/26/2022,5/3/2022,6070596,Do Thi Dung,0
RENT_HCM_04222,15C-124.07,Toyota,Innova,1/28/2022,2/1/2022,3280560,Nguyen Van Phong,0
RENT_HCM_04223,72H-414.63,Ford,Ranger,5/4/2022,5/6/2022,1928938,Hoang Van Giang,0
RENT_HCM_04224,86B-468.95,Toyota,Camry,7/4/2023,7/8/2023,1727204,Bui Thi Linh,1
RENT_HCM_04225,52B-953.14,Kia,Soluto,2/28/2026,3/5/2026,3329335,Dang Thi Linh,1
RENT_HCM_04226,31F-834.71,Hyundai,Grand i10,5/25/2025,5/26/2025,726933,Nguyen Van Linh,1
RENT_HCM_04227,86C-265.81,Ford,Ranger,7/24/2024,7/25/2024,957720,Bui Thi Giang,0
RENT_HCM_04228,66F-164.86,Kia,Soluto,3/13/2021,3/19/2021,4510194,Le Van Khoa,1
RENT_HCM_04229,63A-217.47,Hyundai,i10,6/14/2024,6/15/2024,550478,Pham Thi An,1
RENT_HCM_04230,39H-457.60,Hyundai,Grand i10,4/12/2024,4/13/2024,482536,Le Van Dung,1
RENT_HCM_04231,45C-524.00,Toyota,Camry,12/29/2023,1/5/2024,6950076,Vu Van Linh,0
RENT_HCM_04232,11G-731.54,Honda,City,7/16/2026,7/18/2026,850054,Do Thi An,2
RENT_HCM_04233,35G-898.00,Vinfast,Fadil,5/2/2024,5/8/2024,2622564,Bui Thi Oanh,2
RENT_HCM_04234,26D-656.30,Honda,City,6/18/2022,6/23/2022,3432880,Tran Thi Phong,1
RENT_HCM_04235,57C-660.60,Toyota,Vios,9/26/2021,9/29/2021,1565982,Dang Thi Phong,1
RENT_HCM_04236,36D-337.43,Vinfast,Lux A2.0,8/8/2026,8/12/2026,4130464,Hoang Van Phuc,0
RENT_HCM_04237,72K-707.72,Toyota,Camry,8/4/2021,8/10/2021,2970228,Bui Thi Dung,1
RENT_HCM_04238,77C-211.72,Kia,Seltos,12/9/2022,12/12/2022,2730552,Vu Van Binh,1
RENT_HCM_04239,52B-953.14,Kia,Soluto,9/25/2026,9/27/2026,2308060,Do Thi Linh,0
RENT_HCM_04240,26E-180.53,Hyundai,Accent,7/31/2022,8/3/2022,1816374,Dang Thi Giang,0
RENT_HCM_04241,87B-650.29,Toyota,Camry,5/23/2022,5/24/2022,1050842,Ngo Van Hoa,0
RENT_HCM_04242,36F-989.46,Mazda,3,5/6/2022,5/13/2022,4481407,Hoang Van Cuong,1
RENT_HCM_04243,47B-414.62,Honda,City,2/23/2026,3/1/2026,3410118,Nguyen Van Cuong,1
RENT_HCM_04244,27H-701.29,Toyota,Camry,7/22/2025,7/23/2025,1075537,Vu Van Phuc,1
RENT_HCM_04245,72H-414.63,Ford,Ranger,9/16/2024,9/17/2024,777144,Ngo Van Phong,2
RENT_HCM_04246,76K-194.55,Toyota,Innova,2/7/2024,2/13/2024,6122676,Nguyen Van Dung,3
RENT_HCM_04247,22E-888.71,Honda,CR-V,3/8/2022,3/11/2022,3295809,Bui Thi Oanh,0
RENT_HCM_04248,72H-414.63,Ford,Ranger,6/29/2021,7/3/2021,1920396,Dang Thi Phong,3
RENT_HCM_04249,77C-680.84,Honda,City,2/28/2022,3/5/2022,3290545,Hoang Van Linh,1
RENT_HCM_04250,39H-457.60,Hyundai,Grand i10,4/19/2024,4/22/2024,1308597,Vu Van Cuong,1
RENT_HCM_04251,62A-523.15,Honda,CR-V,8/28/2024,9/1/2024,1817100,Le Van Minh,0
RENT_HCM_04252,22E-897.25,Mazda,CX-5,11/13/2023,11/17/2023,2112140,Nguyen Van Minh,0
RENT_HCM_04253,50D-378.78,Vinfast,Lux A2.0,10/20/2024,10/21/2024,827527,Dang Thi Em,0
RENT_HCM_04254,99E-453.66,Kia,Soluto,7/9/2023,7/10/2023,470130,Pham Thi An,0
RENT_HCM_04255,22B-585.78,Ford,EcoSport,9/2/2023,9/8/2023,6795504,Do Thi Phong,2
RENT_HCM_04256,27H-701.29,Toyota,Camry,8/18/2025,8/23/2025,5417130,Pham Thi Minh,2
RENT_HCM_04257,86B-468.95,Toyota,Camry,6/11/2022,6/14/2022,3506877,Vu Van Dung,2
RENT_HCM_04258,45C-524.00,Toyota,Camry,3/12/2021,3/17/2021,4993905,Do Thi Linh,0
RENT_HCM_04259,75C-107.61,Vinfast,Fadil,5/25/2022,5/27/2022,2086402,Tran Thi Minh,2
RENT_HCM_04260,23G-543.44,Hyundai,i10,5/2/2022,5/3/2022,1160192,Bui Thi Dung,2
RENT_HCM_04261,29C-652.72,Mazda,3,7/6/2022,7/13/2022,7997346,Bui Thi Dung,3
RENT_HCM_04262,56B-609.78,Honda,CR-V,11/5/2021,11/11/2021,4347444,Pham Thi Nam,0
RENT_HCM_04263,25D-575.36,Hyundai,Accent,12/15/2023,12/22/2023,4565540,Dang Thi Linh,2
RENT_HCM_04264,96H-976.38,Hyundai,i10,10/11/2021,10/15/2021,2172924,Le Van Cuong,0
RENT_HCM_04265,74D-805.08,Hyundai,Accent,10/29/2022,11/3/2022,5269515,Hoang Van Dung,0
RENT_HCM_04266,63A-217.47,Hyundai,i10,6/22/2022,6/29/2022,7495929,Ngo Van Em,0
RENT_HCM_04267,33C-941.96,Kia,Morning,7/27/2023,7/28/2023,1063832,Le Van An,2
RENT_HCM_04268,53K-126.49,Toyota,Innova,3/7/2022,3/13/2022,4149768,Tran Thi Minh,1
RENT_HCM_04269,22B-585.78,Ford,EcoSport,6/5/2025,6/7/2025,2371318,Bui Thi Oanh,0
RENT_HCM_04270,38G-667.86,Mazda,3,8/9/2025,8/13/2025,2147136,Vu Van Quyen,2
RENT_HCM_04271,24A-243.28,Hyundai,Grand i10,12/28/2023,12/30/2023,1506442,Pham Thi Binh,0
RENT_HCM_04272,13H-835.85,Ford,EcoSport,6/20/2024,6/25/2024,4257490,Ngo Van An,0
RENT_HCM_04273,11H-964.02,Ford,Ranger,2/12/2023,2/13/2023,546807,Nguyen Van Linh,1
RENT_HCM_04274,40H-661.06,Mazda,3,5/2/2025,5/8/2025,4375560,Tran Thi Giang,2
RENT_HCM_04275,11G-731.54,Honda,City,9/26/2022,9/29/2022,2834796,Hoang Van Phong,2
RENT_HCM_04276,89G-388.88,Hyundai,Accent,3/24/2022,3/29/2022,4771925,Dang Thi Linh,0
RENT_HCM_04277,36K-772.94,Ford,EcoSport,11/25/2025,11/30/2025,2085830,Dang Thi Minh,2
RENT_HCM_04278,39K-469.95,Mazda,CX-5,6/8/2026,6/10/2026,1431022,Vu Van Phuc,2
RENT_HCM_04279,33F-566.78,Toyota,Vios,7/31/2025,8/6/2025,4764906,Nguyen Van Phuc,0
RENT_HCM_04280,34H-793.09,Mazda,CX-5,2/28/2026,3/4/2026,2686128,Hoang Van Phuc,1
RENT_HCM_04281,53K-126.49,Toyota,Innova,5/13/2021,5/16/2021,2075346,Ngo Van Giang,0
RENT_HCM_04282,29C-652.72,Mazda,3,3/13/2024,3/15/2024,2123684,Le Van An,1
RENT_HCM_04283,59B-706.42,Toyota,Vios,6/30/2026,7/3/2026,2515701,Vu Van Em,0
RENT_HCM_04284,94E-578.12,Hyundai,i10,10/24/2024,10/26/2024,1394512,Nguyen Van An,0
RENT_HCM_04285,39H-457.60,Hyundai,Grand i10,3/29/2022,4/5/2022,3189417,Nguyen Van Phong,0
RENT_HCM_04286,89C-852.67,Vinfast,Fadil,2/14/2022,2/15/2022,1098551,Do Thi Minh,1
RENT_HCM_04287,11C-319.16,Toyota,Innova,7/28/2022,8/4/2022,3197516,Do Thi Giang,0
RENT_HCM_04288,84G-796.42,Kia,Morning,11/18/2023,11/24/2023,2404272,Dang Thi Nam,0
RENT_HCM_04289,67C-665.78,Hyundai,i10,1/9/2022,1/15/2022,5796660,Do Thi Phuc,1
RENT_HCM_04290,13H-835.85,Ford,EcoSport,5/16/2026,5/17/2026,860567,Tran Thi Em,0
RENT_HCM_04291,80H-858.85,Ford,Ranger,8/2/2024,8/7/2024,3772530,Hoang Van An,0
RENT_HCM_04292,28B-288.64,Hyundai,Accent,6/29/2023,7/4/2023,3922790,Bui Thi Dung,0
RENT_HCM_04293,45C-524.00,Toyota,Camry,8/7/2024,8/9/2024,1492568,Le Van Khoa,3
RENT_HCM_04294,37K-262.20,Mazda,3,4/7/2021,4/11/2021,2320012,Vu Van An,0
RENT_HCM_04295,31F-834.71,Hyundai,Grand i10,10/2/2025,10/3/2025,1020493,Vu Van Quyen,0
RENT_HCM_04296,21K-767.03,Hyundai,i10,8/18/2026,8/19/2026,1151878,Tran Thi Hoa,1
RENT_HCM_04297,89G-388.88,Hyundai,Accent,8/11/2023,8/18/2023,4611747,Hoang Van Em,0
RENT_HCM_04298,32D-394.35,Toyota,Vios,2/13/2024,2/19/2024,2880318,Vu Van Nam,0
RENT_HCM_04299,57C-660.60,Toyota,Vios,1/10/2022,1/15/2022,3583245,Dang Thi Em,1
RENT_HCM_04300,30E-325.25,Kia,Morning,9/9/2022,9/16/2022,8351126,Hoang Van Nam,1
RENT_HCM_04301,84A-192.77,Toyota,Camry,2/10/2024,2/14/2024,2808620,Do Thi Nam,0
RENT_HCM_04302,28B-288.64,Hyundai,Accent,7/21/2024,7/22/2024,570231,Ngo Van Nam,0
RENT_HCM_04303,13C-595.73,Vinfast,Lux A2.0,1/14/2022,1/18/2022,3697948,Pham Thi Khoa,1
RENT_HCM_04304,22K-526.15,Hyundai,Accent,5/5/2025,5/8/2025,3217692,Nguyen Van Cuong,1
RENT_HCM_04305,22E-888.71,Honda,CR-V,10/6/2025,10/10/2025,1767632,Dang Thi Hoa,0
RENT_HCM_04306,72G-969.58,Toyota,Vios,4/27/2023,5/1/2023,3664968,Le Van Em,0
RENT_HCM_04307,66F-164.86,Kia,Soluto,3/4/2026,3/10/2026,2632842,Le Van Em,2
RENT_HCM_04308,18E-187.25,Mazda,3,2/28/2023,3/3/2023,1522998,Nguyen Van Giang,0
RENT_HCM_04309,92F-931.00,Vinfast,Lux A2.0,9/4/2024,9/10/2024,3394704,Do Thi Em,0
RENT_HCM_04310,30E-325.25,Kia,Morning,1/13/2026,1/16/2026,2906919,Hoang Van Minh,2
RENT_HCM_04311,72G-969.58,Toyota,Vios,6/21/2022,6/22/2022,653647,Tran Thi Phong,0
RENT_HCM_04312,81H-361.56,Vinfast,Lux A2.0,5/26/2024,6/2/2024,6243622,Tran Thi Phong,0
RENT_HCM_04313,25A-321.29,Toyota,Innova,6/20/2022,6/25/2022,4408200,Hoang Van Phong,0
RENT_HCM_04314,11G-731.54,Honda,City,5/12/2025,5/18/2025,3158262,Vu Van Linh,2
RENT_HCM_04315,37E-977.04,Mazda,3,5/25/2021,5/28/2021,2444772,Ngo Van Dung,0
RENT_HCM_04316,82K-162.58,Mazda,CX-5,8/5/2026,8/7/2026,1662096,Ngo Van Quyen,1
RENT_HCM_04317,66G-887.42,Vinfast,Lux A2.0,8/28/2023,9/2/2023,2795750,Tran Thi Phuc,0
RENT_HCM_04318,84A-192.77,Toyota,Camry,5/17/2024,5/24/2024,4797954,Bui Thi Minh,2
RENT_HCM_04319,27H-701.29,Toyota,Camry,8/28/2022,9/1/2022,1745820,Tran Thi Nam,0
RENT_HCM_04320,34H-793.09,Mazda,CX-5,10/7/2025,10/13/2025,5292720,Bui Thi Khoa,0
RENT_HCM_04321,36E-560.60,Toyota,Vios,8/3/2026,8/10/2026,3981068,Nguyen Van Quyen,0
RENT_HCM_04322,18C-484.21,Ford,Ranger,1/3/2023,1/4/2023,1183957,Ngo Van Nam,1
RENT_HCM_04323,27G-984.07,Ford,Ranger,10/29/2021,11/2/2021,4110516,Dang Thi Cuong,0
RENT_HCM_04324,13E-299.60,Honda,CR-V,11/5/2021,11/8/2021,3041226,Vu Van Quyen,1
RENT_HCM_04325,92A-672.48,Ford,EcoSport,10/2/2023,10/4/2023,2292182,Le Van Em,0
RENT_HCM_04326,64K-177.33,Vinfast,Lux A2.0,4/19/2025,4/26/2025,5962012,Vu Van Quyen,2
RENT_HCM_04327,24A-243.28,Hyundai,Grand i10,8/26/2024,8/30/2024,1978320,Tran Thi Quyen,0
RENT_HCM_04328,26E-180.53,Hyundai,Accent,11/20/2022,11/23/2022,2877465,Bui Thi Linh,1
RENT_HCM_04329,66F-164.86,Kia,Soluto,4/9/2026,4/16/2026,7783860,Vu Van Dung,0
RENT_HCM_04330,38G-497.95,Kia,Soluto,7/28/2023,8/4/2023,4710580,Pham Thi Phuc,0
RENT_HCM_04331,41C-516.21,Hyundai,i10,8/24/2021,8/30/2021,6311010,Bui Thi Hoa,2
RENT_HCM_04332,45C-524.00,Toyota,Camry,10/27/2022,11/1/2022,3152300,Vu Van Hoa,0
RENT_HCM_04333,39B-248.98,Hyundai,Grand i10,6/12/2022,6/19/2022,3850525,Le Van An,0
RENT_HCM_04334,32D-394.35,Toyota,Vios,6/6/2025,6/13/2025,4720975,Nguyen Van Minh,0
RENT_HCM_04335,80K-657.71,Toyota,Innova,4/10/2023,4/15/2023,5437710,Hoang Van Cuong,2
RENT_HCM_04336,13C-595.73,Vinfast,Lux A2.0,2/20/2023,2/23/2023,2844165,Nguyen Van Oanh,0
RENT_HCM_04337,24A-243.28,Hyundai,Grand i10,5/22/2021,5/28/2021,5556864,Dang Thi Khoa,0
RENT_HCM_04338,38G-667.86,Mazda,3,11/26/2024,12/2/2024,6659124,Hoang Van Hoa,0
RENT_HCM_04339,95E-747.86,Mazda,CX-5,11/7/2021,11/12/2021,4530025,Nguyen Van Binh,0
RENT_HCM_04340,72K-707.72,Toyota,Camry,8/13/2025,8/16/2025,3383214,Bui Thi Phuc,0
RENT_HCM_04341,21K-767.03,Hyundai,i10,8/10/2022,8/16/2022,4311726,Do Thi Khoa,0
RENT_HCM_04342,67C-665.78,Hyundai,i10,11/10/2023,11/11/2023,534496,Le Van Minh,0
RENT_HCM_04343,37B-826.15,Kia,Soluto,5/10/2024,5/13/2024,1517907,Le Van An,0
RENT_HCM_04344,28D-108.89,Hyundai,i10,1/10/2024,1/16/2024,4117932,Hoang Van Cuong,1
RENT_HCM_04345,18A-563.17,Toyota,Innova,9/26/2023,9/30/2023,2812644,Do Thi Nam,1
RENT_HCM_04346,97D-214.30,Honda,CR-V,1/19/2026,1/24/2026,2447185,Tran Thi Cuong,0
RENT_HCM_04347,64F-676.74,Hyundai,Accent,4/25/2025,4/30/2025,5276755,Pham Thi Nam,1
RENT_HCM_04348,38G-497.95,Kia,Soluto,8/22/2025,8/26/2025,4275796,Pham Thi Linh,0
RENT_HCM_04349,95C-492.50,Toyota,Innova,8/15/2025,8/22/2025,6993007,Nguyen Van Oanh,0
RENT_HCM_04350,38C-142.53,Hyundai,i10,8/6/2025,8/10/2025,4770200,Tran Thi Khoa,0
RENT_HCM_04351,40A-169.95,Toyota,Vios,3/13/2024,3/19/2024,6441162,Nguyen Van Giang,2
RENT_HCM_04352,13C-595.73,Vinfast,Lux A2.0,1/4/2024,1/8/2024,4689728,Do Thi Binh,1
RENT_HCM_04353,31F-834.71,Hyundai,Grand i10,4/13/2021,4/16/2021,1747686,Nguyen Van Hoa,3
RENT_HCM_04354,86E-413.23,Toyota,Vios,5/29/2021,5/31/2021,2247750,Pham Thi Cuong,0
RENT_HCM_04355,33F-566.78,Toyota,Vios,11/16/2025,11/21/2025,2451710,Tran Thi Cuong,1
RENT_HCM_04356,62A-523.15,Honda,CR-V,1/30/2023,2/4/2023,5342565,Pham Thi Oanh,0
RENT_HCM_04357,84A-192.77,Toyota,Camry,12/17/2024,12/22/2024,4655720,Dang Thi Nam,0
RENT_HCM_04358,31G-307.19,Honda,City,4/13/2026,4/17/2026,2509216,Dang Thi An,1
RENT_HCM_04359,77C-211.72,Kia,Seltos,5/11/2023,5/17/2023,7035960,Hoang Van Dung,0
RENT_HCM_04360,45D-330.83,Mazda,CX-5,11/1/2023,11/2/2023,600373,Vu Van Phong,1
RENT_HCM_04361,99E-453.66,Kia,Soluto,3/4/2022,3/7/2022,2897925,Bui Thi Phong,0
RENT_HCM_04362,65B-452.82,Toyota,Innova,5/7/2024,5/8/2024,835142,Ngo Van Khoa,1
RENT_HCM_04363,46C-855.60,Vinfast,Fadil,10/6/2022,10/11/2022,2257095,Vu Van Minh,0
RENT_HCM_04364,11C-319.16,Toyota,Innova,11/22/2021,11/23/2021,564944,Tran Thi Linh,2
RENT_HCM_04365,72G-919.68,Toyota,Vios,11/17/2022,11/24/2022,4650156,Bui Thi Khoa,1
RENT_HCM_04366,13C-595.73,Vinfast,Lux A2.0,3/7/2024,3/14/2024,5928573,Ngo Van Quyen,1
RENT_HCM_04367,43G-993.34,Kia,Soluto,5/18/2024,5/20/2024,967964,Dang Thi Hoa,0
RENT_HCM_04368,40B-456.25,Hyundai,i10,2/26/2022,3/4/2022,2491140,Bui Thi Em,0
RENT_HCM_04369,21A-335.92,Vinfast,Fadil,7/24/2023,7/31/2023,8340332,Bui Thi Hoa,0
RENT_HCM_04370,46C-855.60,Vinfast,Fadil,12/23/2024,12/24/2024,739843,Nguyen Van Hoa,2
RENT_HCM_04371,35G-898.00,Vinfast,Fadil,6/5/2022,6/7/2022,1720814,Le Van Quyen,0
RENT_HCM_04372,26D-656.30,Honda,City,1/17/2026,1/18/2026,529309,Le Van An,0
RENT_HCM_04373,41C-516.21,Hyundai,i10,4/16/2025,4/22/2025,6300486,Bui Thi Linh,0
RENT_HCM_04374,74H-842.20,Kia,Morning,6/11/2025,6/18/2025,7521115,Le Van Cuong,0
RENT_HCM_04375,33B-472.24,Kia,Seltos,11/18/2022,11/23/2022,2310355,Tran Thi Dung,0
RENT_HCM_04376,55K-383.25,Mazda,3,2/8/2022,2/9/2022,1089470,Tran Thi An,0
RENT_HCM_04377,72K-707.72,Toyota,Camry,8/3/2022,8/6/2022,1722120,Pham Thi Em,0
RENT_HCM_04378,65B-452.82,Toyota,Innova,6/8/2024,6/12/2024,3855360,Nguyen Van Dung,1
RENT_HCM_04379,37E-977.04,Mazda,3,3/27/2023,4/3/2023,5755211,Tran Thi Phuc,1
RENT_HCM_04380,76B-763.75,Honda,City,12/10/2022,12/11/2022,993470,Ngo Van Giang,1
RENT_HCM_04381,94E-578.12,Hyundai,i10,6/6/2023,6/11/2023,2216240,Hoang Van Giang,0
RENT_HCM_04382,99E-453.66,Kia,Soluto,12/3/2025,12/7/2025,1987132,Le Van Dung,2
RENT_HCM_04383,53K-126.49,Toyota,Innova,6/12/2023,6/14/2023,2233332,Do Thi Nam,1
RENT_HCM_04384,85H-903.18,Kia,Morning,11/3/2025,11/8/2025,2378085,Bui Thi Nam,0
RENT_HCM_04385,49C-168.30,Vinfast,Fadil,11/25/2021,11/30/2021,2663905,Tran Thi Nam,1
RENT_HCM_04386,37B-826.15,Kia,Soluto,8/22/2021,8/27/2021,5839235,Tran Thi Dung,1
RENT_HCM_04387,89G-388.88,Hyundai,Accent,8/14/2021,8/19/2021,5651560,Pham Thi Khoa,1
RENT_HCM_04388,95E-747.86,Mazda,CX-5,7/21/2022,7/23/2022,984592,Dang Thi Giang,1
RENT_HCM_04389,33B-472.24,Kia,Seltos,11/28/2025,11/29/2025,906476,Hoang Van Oanh,2
RENT_HCM_04390,89C-852.67,Vinfast,Fadil,9/1/2023,9/4/2023,2674911,Do Thi Hoa,2
RENT_HCM_04391,77C-616.68,Toyota,Camry,3/3/2026,3/8/2026,2687030,Do Thi Minh,3
RENT_HCM_04392,68A-105.33,Toyota,Innova,12/11/2021,12/16/2021,2912095,Do Thi Hoa,2
RENT_HCM_04393,22B-585.78,Ford,EcoSport,10/28/2024,11/2/2024,5707610,Ngo Van Phong,1
RENT_HCM_04394,28B-378.39,Toyota,Innova,4/24/2024,5/1/2024,4470172,Hoang Van Quyen,3
RENT_HCM_04395,26D-656.30,Honda,City,9/11/2025,9/12/2025,920159,Ngo Van Quyen,1
RENT_HCM_04396,59C-409.49,Honda,CR-V,8/6/2021,8/9/2021,3052752,Pham Thi Nam,2
RENT_HCM_04397,81A-639.94,Honda,City,7/1/2026,7/5/2026,2148476,Tran Thi Quyen,0
RENT_HCM_04398,47E-150.60,Kia,Seltos,1/17/2024,1/22/2024,5505140,Hoang Van Hoa,0
RENT_HCM_04399,31F-834.71,Hyundai,Grand i10,7/20/2024,7/25/2024,2983610,Nguyen Van Binh,0
RENT_HCM_04400,31G-307.19,Honda,City,6/26/2023,6/28/2023,2390162,Nguyen Van Nam,0
RENT_HCM_04401,47D-840.33,Kia,Morning,2/4/2026,2/11/2026,6449051,Bui Thi Phuc,0
RENT_HCM_04402,27B-423.19,Hyundai,Grand i10,5/12/2024,5/16/2024,2624584,Tran Thi Phong,0
RENT_HCM_04403,64K-177.33,Vinfast,Lux A2.0,11/30/2021,12/5/2021,5933350,Bui Thi Phuc,2
RENT_HCM_04404,64C-859.87,Toyota,Vios,11/25/2021,11/30/2021,4572815,Do Thi Oanh,0
RENT_HCM_04405,78B-364.49,Toyota,Camry,2/27/2024,3/5/2024,7711011,Vu Van Phuc,0
RENT_HCM_04406,28A-321.73,Hyundai,Accent,12/26/2023,12/31/2023,2164830,Tran Thi Minh,1
RENT_HCM_04407,31G-307.19,Honda,City,8/18/2025,8/19/2025,1080687,Dang Thi An,0
RENT_HCM_04408,72H-414.63,Ford,Ranger,1/27/2023,1/31/2023,2638372,Ngo Van An,0
RENT_HCM_04409,14H-574.13,Kia,Morning,1/19/2026,1/25/2026,2648628,Do Thi Linh,0
RENT_HCM_04410,23D-400.10,Kia,Morning,6/2/2026,6/8/2026,5662596,Pham Thi Linh,0
RENT_HCM_04411,38C-383.91,Ford,Ranger,3/6/2025,3/12/2025,5384340,Ngo Van Giang,1
RENT_HCM_04412,14B-920.02,Toyota,Vios,12/19/2022,12/22/2022,3506052,Pham Thi Giang,0
RENT_HCM_04413,62B-172.41,Kia,Soluto,7/26/2025,7/28/2025,960686,Dang Thi Cuong,1
RENT_HCM_04414,72H-414.63,Ford,Ranger,10/27/2025,11/3/2025,5299609,Pham Thi Oanh,0
RENT_HCM_04415,77A-503.91,Mazda,3,6/23/2026,6/29/2026,4752306,Ngo Van Linh,1
RENT_HCM_04416,12B-182.67,Toyota,Vios,12/15/2022,12/21/2022,3491724,Tran Thi Dung,3
RENT_HCM_04417,77C-680.84,Honda,City,3/15/2023,3/19/2023,2327160,Nguyen Van Quyen,0
RENT_HCM_04418,27G-984.07,Ford,Ranger,6/22/2022,6/26/2022,4517736,Le Van Cuong,0
RENT_HCM_04419,35G-898.00,Vinfast,Fadil,7/9/2025,7/15/2025,3704286,Vu Van Quyen,0
RENT_HCM_04420,99C-732.83,Ford,EcoSport,6/29/2024,7/3/2024,2328292,Le Van Hoa,1
RENT_HCM_04421,21K-767.03,Hyundai,i10,4/11/2025,4/13/2025,804248,Tran Thi Nam,2
RENT_HCM_04422,87B-430.99,Honda,City,4/22/2026,4/29/2026,3444784,Bui Thi Khoa,3
RENT_HCM_04423,26E-180.53,Hyundai,Accent,11/7/2023,11/10/2023,2296194,Le Van Em,2
RENT_HCM_04424,41C-516.21,Hyundai,i10,1/19/2021,1/23/2021,3326660,Pham Thi Linh,0
RENT_HCM_04425,24A-237.02,Hyundai,Accent,1/24/2023,1/29/2023,5180675,Dang Thi Binh,1
RENT_HCM_04426,57C-660.60,Toyota,Vios,1/24/2024,1/29/2024,4971200,Nguyen Van Oanh,2
RENT_HCM_04427,15A-216.83,Honda,City,12/7/2024,12/10/2024,1923876,Do Thi Nam,3
RENT_HCM_04428,33F-566.78,Toyota,Vios,12/14/2021,12/19/2021,4091745,Vu Van Phuc,2
RENT_HCM_04429,38G-497.95,Kia,Soluto,2/5/2024,2/12/2024,7143136,Dang Thi Quyen,0
RENT_HCM_04430,76K-194.55,Toyota,Innova,10/27/2025,11/3/2025,8312213,Vu Van Quyen,1
RENT_HCM_04431,52B-953.14,Kia,Soluto,7/16/2024,7/18/2024,1558414,Vu Van Linh,0
RENT_HCM_04432,46E-807.16,Honda,City,8/14/2023,8/19/2023,3082950,Vu Van Nam,0
RENT_HCM_04433,85E-378.37,Ford,Ranger,1/25/2026,1/27/2026,1555148,Bui Thi Giang,1
RENT_HCM_04434,28B-288.64,Hyundai,Accent,7/19/2024,7/21/2024,1853472,Ngo Van Oanh,0
RENT_HCM_04435,50G-877.98,Hyundai,i10,3/24/2026,3/26/2026,2270098,Pham Thi An,2
RENT_HCM_04436,90F-168.01,Toyota,Vios,7/19/2022,7/23/2022,4785920,Vu Van Binh,1
RENT_HCM_04437,80G-716.32,Kia,Soluto,9/8/2025,9/14/2025,5320134,Pham Thi Linh,0
RENT_HCM_04438,37K-262.20,Mazda,3,12/1/2024,12/6/2024,5201590,Bui Thi Cuong,0
RENT_HCM_04439,45C-536.55,Ford,EcoSport,6/17/2021,6/19/2021,1003824,Pham Thi Oanh,1
RENT_HCM_04440,73D-927.45,Mazda,CX-5,9/2/2024,9/3/2024,543690,Vu Van Phuc,2
RENT_HCM_04441,39K-469.95,Mazda,CX-5,10/31/2025,11/2/2025,1732270,Do Thi An,1
RENT_HCM_04442,21G-202.34,Honda,City,11/18/2021,11/24/2021,2443566,Nguyen Van Phong,0
RENT_HCM_04443,68K-951.28,Hyundai,i10,4/28/2025,4/29/2025,1061516,Ngo Van Khoa,2
RENT_HCM_04444,40H-661.06,Mazda,3,12/31/2024,1/2/2025,1814580,Dang Thi Em,1
RENT_HCM_04445,53E-229.68,Vinfast,Fadil,3/20/2022,3/25/2022,4234650,Hoang Van Binh,0
RENT_HCM_04446,46E-807.16,Honda,City,2/21/2022,2/25/2022,4393036,Bui Thi Phuc,3
RENT_HCM_04447,72D-907.40,Hyundai,i10,8/11/2024,8/12/2024,630932,Hoang Van Oanh,0
RENT_HCM_04448,24A-243.28,Hyundai,Grand i10,3/3/2022,3/5/2022,2116330,Nguyen Van An,1
RENT_HCM_04449,24A-237.02,Hyundai,Accent,8/11/2021,8/12/2021,634213,Le Van Nam,0
RENT_HCM_04450,45F-232.07,Vinfast,Lux A2.0,3/26/2022,3/27/2022,958476,Le Van Linh,1
RENT_HCM_04451,32C-510.80,Hyundai,Grand i10,9/30/2024,10/1/2024,1043215,Hoang Van Dung,3
RENT_HCM_04452,90A-463.29,Hyundai,i10,12/11/2022,12/16/2022,4545490,Dang Thi Hoa,0
RENT_HCM_04453,39H-896.77,Toyota,Vios,2/25/2025,2/28/2025,2478189,Tran Thi An,0
RENT_HCM_04454,11G-399.40,Kia,Morning,4/24/2022,4/26/2022,1449496,Pham Thi Cuong,0
RENT_HCM_04455,48B-706.17,Toyota,Camry,2/25/2025,2/28/2025,1581597,Hoang Van Phuc,0
RENT_HCM_04456,77C-211.72,Kia,Seltos,6/25/2024,7/1/2024,5756988,Nguyen Van Em,2
RENT_HCM_04457,96B-415.49,Mazda,3,1/13/2026,1/19/2026,6213366,Nguyen Van Khoa,3
RENT_HCM_04458,50G-877.98,Hyundai,i10,8/2/2021,8/9/2021,7036302,Tran Thi Linh,1
RENT_HCM_04459,62H-628.28,Toyota,Camry,4/3/2021,4/8/2021,5488340,Hoang Van Hoa,0
RENT_HCM_04460,23D-400.10,Kia,Morning,2/1/2025,2/3/2025,859476,Le Van Hoa,2
RENT_HCM_04461,39H-996.40,Honda,CR-V,10/29/2022,10/31/2022,905036,Nguyen Van An,0
RENT_HCM_04462,37F-841.13,Kia,Morning,6/28/2026,7/4/2026,4755972,Do Thi Quyen,2
RENT_HCM_04463,87K-428.26,Honda,CR-V,11/14/2024,11/20/2024,4814346,Nguyen Van Giang,0
RENT_HCM_04464,39K-469.95,Mazda,CX-5,10/30/2022,11/5/2022,2782122,Tran Thi Quyen,0
RENT_HCM_04465,35C-671.07,Hyundai,i10,8/26/2022,9/1/2022,7026804,Dang Thi Nam,1
RENT_HCM_04466,74H-842.20,Kia,Morning,3/10/2025,3/12/2025,1398374,Nguyen Van Em,0
RENT_HCM_04467,97D-214.30,Honda,CR-V,9/14/2022,9/15/2022,1062688,Hoang Van An,1
RENT_HCM_04468,93F-865.25,Mazda,3,3/13/2021,3/19/2021,5158536,Ngo Van Phuc,1
RENT_HCM_04469,62H-628.28,Toyota,Camry,3/2/2022,3/5/2022,1945137,Tran Thi Minh,0
RENT_HCM_04470,71C-946.67,Ford,EcoSport,9/23/2024,9/26/2024,2657739,Ngo Van Minh,0
RENT_HCM_04471,22E-897.25,Mazda,CX-5,6/25/2021,6/28/2021,2902311,Hoang Van Dung,1
RENT_HCM_04472,11G-399.40,Kia,Morning,1/14/2026,1/19/2026,3886915,Dang Thi Oanh,0
RENT_HCM_04473,12E-196.98,Ford,EcoSport,9/2/2026,9/8/2026,5311500,Le Van Nam,1
RENT_HCM_04474,34K-392.12,Kia,Morning,2/6/2024,2/10/2024,2883912,Pham Thi An,1
RENT_HCM_04475,67C-665.78,Hyundai,i10,5/25/2026,5/28/2026,1687719,Hoang Van An,0
RENT_HCM_04476,82K-625.14,Honda,City,3/8/2023,3/10/2023,1986964,Tran Thi Phong,1
RENT_HCM_04477,39B-248.98,Hyundai,Grand i10,5/14/2021,5/16/2021,934972,Vu Van Khoa,2
RENT_HCM_04478,28B-378.39,Toyota,Innova,6/8/2025,6/12/2025,3620480,Hoang Van Linh,0
RENT_HCM_04479,91A-212.00,Hyundai,Grand i10,3/6/2026,3/11/2026,5173375,Bui Thi Nam,0
RENT_HCM_04480,76G-211.58,Hyundai,Accent,9/24/2021,9/28/2021,1911272,Dang Thi Cuong,0
RENT_HCM_04481,49D-328.28,Kia,Morning,9/28/2024,10/1/2024,3319623,Vu Van Oanh,0
RENT_HCM_04482,74A-942.98,Hyundai,Accent,5/11/2024,5/13/2024,2134346,Tran Thi Oanh,1
RENT_HCM_04483,66G-320.55,Kia,Soluto,11/21/2025,11/26/2025,4026990,Pham Thi Quyen,2
RENT_HCM_04484,12E-196.98,Ford,EcoSport,9/26/2022,9/30/2022,2953396,Bui Thi Linh,0
RENT_HCM_04485,73D-927.45,Mazda,CX-5,8/19/2026,8/26/2026,6815004,Tran Thi An,0
RENT_HCM_04486,98B-587.88,Vinfast,Fadil,5/9/2024,5/16/2024,7087983,Dang Thi Giang,0
RENT_HCM_04487,78C-146.78,Ford,Ranger,3/29/2023,4/4/2023,3606462,Ngo Van Phuc,2
RENT_HCM_04488,48B-706.17,Toyota,Camry,5/21/2021,5/26/2021,5736175,Dang Thi An,0
RENT_HCM_04489,25D-575.36,Hyundai,Accent,3/18/2023,3/19/2023,712074,Ngo Van Quyen,0
RENT_HCM_04490,15C-124.07,Toyota,Innova,7/4/2022,7/9/2022,5590975,Hoang Van Giang,0
RENT_HCM_04491,74D-805.08,Hyundai,Accent,5/22/2026,5/27/2026,3865905,Do Thi An,1
RENT_HCM_04492,11C-319.16,Toyota,Innova,12/20/2025,12/22/2025,1752428,Vu Van An,0
RENT_HCM_04493,90D-598.73,Toyota,Innova,10/13/2021,10/16/2021,3559497,Dang Thi Phong,3
RENT_HCM_04494,21K-767.03,Hyundai,i10,5/22/2026,5/28/2026,6151602,Ngo Van Oanh,1
RENT_HCM_04495,78C-146.78,Ford,Ranger,3/22/2026,3/28/2026,3968778,Vu Van Binh,0
RENT_HCM_04496,36K-772.94,Ford,EcoSport,1/31/2024,2/7/2024,6842570,Dang Thi Minh,0
RENT_HCM_04497,46E-807.16,Honda,City,10/15/2025,10/20/2025,4514475,Ngo Van Linh,3
RENT_HCM_04498,45D-330.83,Mazda,CX-5,4/5/2022,4/10/2022,3772995,Ngo Van Quyen,1
RENT_HCM_04499,22E-897.25,Mazda,CX-5,2/3/2024,2/6/2024,3020028,Vu Van An,0
RENT_HCM_04500,23D-400.10,Kia,Morning,4/4/2026,4/11/2026,4510156,Bui Thi Phong,1
RENT_HCM_04501,90D-598.73,Toyota,Innova,3/5/2023,3/9/2023,3156040,Le Van An,0
RENT_HCM_04502,90D-598.73,Toyota,Innova,8/16/2025,8/21/2025,4633475,Hoang Van Linh,1
RENT_HCM_04503,59C-409.49,Honda,CR-V,10/24/2025,10/29/2025,4173770,Bui Thi Minh,0
RENT_HCM_04504,38G-497.95,Kia,Soluto,9/7/2023,9/10/2023,1786305,Nguyen Van Phuc,1
RENT_HCM_04505,49F-678.30,Vinfast,Lux A2.0,4/30/2024,5/3/2024,1418970,Vu Van Hoa,2
RENT_HCM_04506,72C-183.23,Ford,Ranger,12/1/2021,12/7/2021,2628426,Nguyen Van Oanh,1
RENT_HCM_04507,71C-946.67,Ford,EcoSport,8/31/2026,9/3/2026,2161668,Dang Thi Khoa,1
RENT_HCM_04508,72K-707.72,Toyota,Camry,7/22/2022,7/28/2022,5629176,Hoang Van Hoa,0
RENT_HCM_04509,40A-169.95,Toyota,Vios,12/12/2021,12/17/2021,5642945,Dang Thi Khoa,0
RENT_HCM_04510,77C-211.72,Kia,Seltos,4/24/2022,4/25/2022,918855,Ngo Van Phong,3
RENT_HCM_04511,77A-503.91,Mazda,3,9/17/2026,9/21/2026,4435220,Tran Thi Cuong,1
RENT_HCM_04512,91G-764.50,Toyota,Vios,5/26/2021,5/30/2021,4174468,Hoang Van Cuong,0
RENT_HCM_04513,23C-148.49,Hyundai,i10,10/24/2025,10/25/2025,857176,Pham Thi Giang,0
RENT_HCM_04514,59B-706.42,Toyota,Vios,11/14/2025,11/20/2025,5615442,Tran Thi Quyen,0
RENT_HCM_04515,94D-176.27,Ford,Ranger,8/10/2022,8/13/2022,2352210,Hoang Van Nam,1
RENT_HCM_04516,37F-841.13,Kia,Morning,8/24/2026,8/29/2026,2091565,Bui Thi Linh,0
RENT_HCM_04517,39H-457.60,Hyundai,Grand i10,2/5/2026,2/6/2026,978780,Do Thi Quyen,1
RENT_HCM_04518,37G-231.27,Toyota,Camry,1/1/2024,1/7/2024,4346118,Dang Thi Cuong,2
RENT_HCM_04519,82K-625.14,Honda,City,5/6/2024,5/11/2024,2374130,Bui Thi Khoa,3
RENT_HCM_04520,50G-877.98,Hyundai,i10,11/25/2025,11/27/2025,1833108,Nguyen Van Minh,1
RENT_HCM_04521,24A-237.02,Hyundai,Accent,2/17/2024,2/24/2024,5270853,Ngo Van Khoa,1
RENT_HCM_04522,45F-232.07,Vinfast,Lux A2.0,4/19/2023,4/21/2023,1565624,Dang Thi Phong,2
RENT_HCM_04523,59C-409.49,Honda,CR-V,8/31/2023,9/6/2023,5607600,Nguyen Van Oanh,1
RENT_HCM_04524,67C-665.78,Hyundai,i10,7/30/2026,8/1/2026,1553222,Do Thi Giang,0
RENT_HCM_04525,85H-903.18,Kia,Morning,8/19/2023,8/23/2023,2828940,Tran Thi An,1
RENT_HCM_04526,85H-903.18,Kia,Morning,6/30/2025,7/5/2025,3236535,Nguyen Van Giang,0
RENT_HCM_04527,27H-701.29,Toyota,Camry,9/30/2025,10/6/2025,4295844,Pham Thi Hoa,2
RENT_HCM_04528,34K-392.12,Kia,Morning,10/17/2023,10/19/2023,2228806,Bui Thi Quyen,0
RENT_HCM_04529,84G-796.42,Kia,Morning,11/25/2025,11/30/2025,4350055,Pham Thi Oanh,0
RENT_HCM_04530,76K-194.55,Toyota,Innova,10/20/2022,10/27/2022,8113784,Nguyen Van Giang,0
RENT_HCM_04531,92F-931.00,Vinfast,Lux A2.0,8/24/2023,8/29/2023,3370795,Ngo Van Em,2
RENT_HCM_04532,31F-834.71,Hyundai,Grand i10,7/12/2024,7/14/2024,1145508,Ngo Van Phong,2
RENT_HCM_04533,14G-415.24,Hyundai,i10,7/10/2023,7/12/2023,1522340,Tran Thi Khoa,0
RENT_HCM_04534,63E-560.78,Kia,Morning,11/9/2025,11/11/2025,1079892,Vu Van Phuc,1
RENT_HCM_04535,77C-211.72,Kia,Seltos,12/15/2024,12/17/2024,1999524,Bui Thi Dung,2
RENT_HCM_04536,50G-877.98,Hyundai,i10,6/11/2026,6/17/2026,4217742,Pham Thi Oanh,0
RENT_HCM_04537,80H-858.85,Ford,Ranger,7/7/2024,7/12/2024,2714610,Tran Thi Giang,1
RENT_HCM_04538,13C-595.73,Vinfast,Lux A2.0,7/10/2021,7/12/2021,1250566,Vu Van Khoa,2
RENT_HCM_04539,97D-214.30,Honda,CR-V,6/1/2022,6/6/2022,2318355,Do Thi Phuc,0
RENT_HCM_04540,82K-162.58,Mazda,CX-5,11/22/2023,11/24/2023,2130942,Do Thi Minh,1
RENT_HCM_04541,92D-335.06,Toyota,Camry,7/22/2023,7/25/2023,1777659,Do Thi Linh,2
RENT_HCM_04542,22G-155.46,Hyundai,i10,10/23/2025,10/30/2025,6457087,Vu Van Linh,3
RENT_HCM_04543,42D-602.47,Honda,City,12/16/2023,12/22/2023,4208994,Ngo Van Em,3
RENT_HCM_04544,73A-575.16,Ford,Ranger,3/28/2026,4/2/2026,5939855,Ngo Van An,1
RENT_HCM_04545,52B-953.14,Kia,Soluto,12/24/2022,12/27/2022,1644201,Tran Thi Khoa,1
RENT_HCM_04546,14C-459.98,Ford,EcoSport,12/4/2024,12/8/2024,2034996,Do Thi Phuc,0
RENT_HCM_04547,91H-439.88,Mazda,CX-5,4/14/2023,4/18/2023,4339584,Nguyen Van Hoa,1
RENT_HCM_04548,21G-202.34,Honda,City,5/19/2021,5/20/2021,845882,Ngo Van Minh,2
RENT_HCM_04549,39H-457.60,Hyundai,Grand i10,10/1/2025,10/8/2025,6218093,Bui Thi Phong,0
RENT_HCM_04550,46C-855.60,Vinfast,Fadil,11/10/2024,11/15/2024,3735145,Nguyen Van Cuong,2
RENT_HCM_04551,74D-805.08,Hyundai,Accent,11/22/2025,11/25/2025,2951334,Tran Thi Binh,2
RENT_HCM_04552,67C-665.78,Hyundai,i10,1/27/2024,1/31/2024,1740332,Ngo Van Khoa,1
RENT_HCM_04553,46C-855.60,Vinfast,Fadil,1/28/2024,1/31/2024,2368176,Nguyen Van An,2
RENT_HCM_04554,40E-606.38,Vinfast,Lux A2.0,1/29/2025,1/31/2025,1900994,Pham Thi Hoa,1
RENT_HCM_04555,37G-231.27,Toyota,Camry,9/22/2022,9/27/2022,3164615,Pham Thi Binh,2
RENT_HCM_04556,22E-897.25,Mazda,CX-5,11/28/2024,12/2/2024,3523028,Tran Thi Minh,0
RENT_HCM_04557,71D-707.45,Mazda,3,11/22/2024,11/27/2024,5475420,Hoang Van Phong,1
RENT_HCM_04558,72H-414.63,Ford,Ranger,7/18/2026,7/25/2026,4548061,Nguyen Van Hoa,0
RENT_HCM_04559,46E-807.16,Honda,City,2/8/2023,2/13/2023,3585710,Dang Thi Minh,0
RENT_HCM_04560,18C-484.21,Ford,Ranger,12/21/2025,12/25/2025,3002460,Do Thi Oanh,0
RENT_HCM_04561,22E-897.25,Mazda,CX-5,4/1/2026,4/3/2026,2001332,Le Van Khoa,0
RENT_HCM_04562,66G-887.42,Vinfast,Lux A2.0,1/4/2025,1/10/2025,2609856,Vu Van Minh,2
RENT_HCM_04563,91B-105.47,Toyota,Innova,5/10/2024,5/12/2024,1382154,Tran Thi Minh,1
RENT_HCM_04564,32C-510.80,Hyundai,Grand i10,2/28/2024,3/5/2024,3964428,Vu Van Hoa,2
RENT_HCM_04565,53E-229.68,Vinfast,Fadil,3/16/2026,3/20/2026,2563232,Vu Van Em,0
RENT_HCM_04566,62A-523.15,Honda,CR-V,10/11/2024,10/13/2024,1075814,Ngo Van Giang,1
RENT_HCM_04567,22B-585.78,Ford,EcoSport,3/27/2022,4/2/2022,2435184,Vu Van Quyen,0
RENT_HCM_04568,50F-310.34,Kia,Morning,3/17/2024,3/20/2024,1991367,Tran Thi Quyen,1
RENT_HCM_04569,62K-469.95,Vinfast,Fadil,5/2/2025,5/5/2025,3396537,Vu Van An,3
RENT_HCM_04570,28D-108.89,Hyundai,i10,12/17/2024,12/18/2024,950009,Ngo Van Giang,2
RENT_HCM_04571,13E-299.60,Honda,CR-V,4/25/2022,4/30/2022,3149170,Bui Thi Giang,0
RENT_HCM_04572,99E-453.66,Kia,Soluto,7/12/2023,7/16/2023,3647904,Hoang Van Khoa,0
RENT_HCM_04573,28B-288.64,Hyundai,Accent,5/10/2025,5/12/2025,1815322,Hoang Van Linh,0
RENT_HCM_04574,73D-927.45,Mazda,CX-5,9/4/2022,9/10/2022,3679524,Do Thi Giang,0
RENT_HCM_04575,18A-563.17,Toyota,Innova,6/24/2026,7/1/2026,4687767,Do Thi Khoa,0
RENT_HCM_04576,80H-858.85,Ford,Ranger,9/8/2024,9/9/2024,941936,Vu Van Linh,0
RENT_HCM_04577,82K-162.58,Mazda,CX-5,3/6/2025,3/11/2025,5213895,Hoang Van Hoa,2
RENT_HCM_04578,50G-877.98,Hyundai,i10,7/9/2021,7/13/2021,1604596,Do Thi Cuong,0
RENT_HCM_04579,34H-793.09,Mazda,CX-5,12/1/2021,12/7/2021,3310308,Le Van Cuong,0
RENT_HCM_04580,26E-180.53,Hyundai,Accent,8/9/2026,8/10/2026,639598,Bui Thi Linh,2
RENT_HCM_04581,64K-177.33,Vinfast,Lux A2.0,3/29/2021,3/30/2021,921198,Pham Thi Quyen,0
RENT_HCM_04582,11C-319.16,Toyota,Innova,1/3/2021,1/7/2021,3525648,Ngo Van Minh,1
RENT_HCM_04583,72G-969.58,Toyota,Vios,1/8/2023,1/15/2023,7644539,Nguyen Van Khoa,0
RENT_HCM_04584,12B-182.67,Toyota,Vios,2/16/2024,2/22/2024,5398638,Hoang Van Nam,0
RENT_HCM_04585,21A-335.92,Vinfast,Fadil,2/4/2026,2/6/2026,2311330,Ngo Van Oanh,0
RENT_HCM_04586,67C-665.78,Hyundai,i10,8/25/2023,9/1/2023,3876222,Vu Van Khoa,0
RENT_HCM_04587,47E-150.60,Kia,Seltos,10/15/2025,10/17/2025,1231566,Do Thi Oanh,0
RENT_HCM_04588,76G-211.58,Hyundai,Accent,4/7/2024,4/8/2024,652915,Dang Thi Minh,0
RENT_HCM_04589,98B-587.88,Vinfast,Fadil,6/11/2026,6/13/2026,1855884,Do Thi Phong,1
RENT_HCM_04590,38E-944.15,Mazda,3,11/21/2023,11/24/2023,3421179,Hoang Van Minh,0
RENT_HCM_04591,45C-524.00,Toyota,Camry,10/11/2024,10/14/2024,2544729,Vu Van Phong,1
RENT_HCM_04592,87B-430.99,Honda,City,3/24/2025,3/25/2025,650101,Tran Thi Minh,0
RENT_HCM_04593,82K-162.58,Mazda,CX-5,11/13/2023,11/16/2023,2659287,Le Van Binh,0
RENT_HCM_04594,45C-524.00,Toyota,Camry,11/5/2021,11/11/2021,3163944,Vu Van Hoa,1
RENT_HCM_04595,25A-321.29,Toyota,Innova,1/1/2022,1/7/2022,4088340,Do Thi Minh,1
RENT_HCM_04596,52B-953.14,Kia,Soluto,7/21/2023,7/24/2023,1982511,Vu Van Em,0
RENT_HCM_04597,12E-196.98,Ford,EcoSport,3/1/2023,3/4/2023,3014034,Dang Thi Dung,1
RENT_HCM_04598,23G-543.44,Hyundai,i10,10/26/2022,10/31/2022,3190130,Tran Thi Hoa,1
RENT_HCM_04599,76G-211.58,Hyundai,Accent,9/22/2022,9/28/2022,4539108,Le Van Minh,0
RENT_HCM_04600,42D-602.47,Honda,City,5/22/2023,5/26/2023,1631036,Hoang Van Phuc,1
RENT_HCM_04601,23D-400.10,Kia,Morning,11/22/2025,11/26/2025,4517532,Bui Thi Hoa,1
RENT_HCM_04602,21A-335.92,Vinfast,Fadil,3/15/2022,3/17/2022,2013190,Dang Thi Oanh,1
RENT_HCM_04603,27B-423.19,Hyundai,Grand i10,4/20/2021,4/24/2021,3812612,Tran Thi Hoa,0
RENT_HCM_04604,72G-919.68,Toyota,Vios,8/25/2022,8/28/2022,2770713,Dang Thi Oanh,1
RENT_HCM_04605,83B-797.49,Mazda,3,7/18/2022,7/22/2022,1652272,Bui Thi Cuong,2
RENT_HCM_04606,82K-162.58,Mazda,CX-5,10/28/2022,11/1/2022,4731508,Bui Thi Oanh,0
RENT_HCM_04607,50G-877.98,Hyundai,i10,11/16/2025,11/18/2025,969702,Ngo Van Linh,2
RENT_HCM_04608,64K-177.33,Vinfast,Lux A2.0,8/28/2025,8/29/2025,671418,Dang Thi Giang,2
RENT_HCM_04609,45C-536.55,Ford,EcoSport,8/8/2023,8/14/2023,6575028,Hoang Van Hoa,0
RENT_HCM_04610,92F-931.00,Vinfast,Lux A2.0,8/27/2022,8/28/2022,638435,Ngo Van Phong,0
RENT_HCM_04611,46E-807.16,Honda,City,11/17/2023,11/18/2023,529483,Hoang Van Hoa,1
RENT_HCM_04612,38E-944.15,Mazda,3,11/25/2025,11/27/2025,1181742,Nguyen Van Em,3
RENT_HCM_04613,72H-414.63,Ford,Ranger,7/13/2023,7/20/2023,7915271,Pham Thi Quyen,1
RENT_HCM_04614,18E-187.25,Mazda,3,6/30/2022,7/7/2022,3992779,Pham Thi Quyen,2
RENT_HCM_04615,87B-373.03,Honda,City,3/20/2025,3/26/2025,4480050,Le Van Quyen,0
RENT_HCM_04616,66F-164.86,Kia,Soluto,2/14/2022,2/15/2022,435386,Tran Thi Quyen,0
RENT_HCM_04617,25A-321.29,Toyota,Innova,3/22/2022,3/23/2022,588248,Tran Thi Em,0
RENT_HCM_04618,33B-472.24,Kia,Seltos,3/28/2021,4/3/2021,6660252,Le Van Cuong,1
RENT_HCM_04619,77A-503.91,Mazda,3,3/20/2022,3/25/2022,4609945,Nguyen Van Em,0
RENT_HCM_04620,93A-482.11,Toyota,Camry,6/11/2025,6/18/2025,5335365,Pham Thi Quyen,0
RENT_HCM_04621,90D-598.73,Toyota,Innova,6/17/2022,6/19/2022,1375964,Hoang Van Quyen,0
RENT_HCM_04622,82K-162.58,Mazda,CX-5,10/15/2025,10/16/2025,721633,Tran Thi An,1
RENT_HCM_04623,33C-941.96,Kia,Morning,6/12/2026,6/17/2026,4799070,Le Van Khoa,0
RENT_HCM_04624,68K-951.28,Hyundai,i10,1/10/2022,1/14/2022,1902024,Ngo Van Em,0
RENT_HCM_04625,12G-744.89,Mazda,CX-5,3/2/2021,3/5/2021,1997331,Do Thi Linh,0
RENT_HCM_04626,72C-183.23,Ford,Ranger,11/13/2024,11/20/2024,3238648,Dang Thi Quyen,0
RENT_HCM_04627,88K-102.81,Hyundai,Accent,10/25/2025,10/30/2025,2881080,Bui Thi Nam,0
RENT_HCM_04628,94D-176.27,Ford,Ranger,3/11/2025,3/12/2025,420117,Hoang Van An,1
RENT_HCM_04629,34H-793.09,Mazda,CX-5,10/28/2024,10/29/2024,776711,Pham Thi Quyen,2
RENT_HCM_04630,23G-543.44,Hyundai,i10,4/13/2021,4/17/2021,3814544,Nguyen Van An,0
RENT_HCM_04631,39H-896.77,Toyota,Vios,1/21/2023,1/26/2023,4600025,Dang Thi Hoa,0
RENT_HCM_04632,97D-214.30,Honda,CR-V,3/22/2023,3/23/2023,995500,Nguyen Van Phuc,0
RENT_HCM_04633,12E-196.98,Ford,EcoSport,5/6/2022,5/7/2022,1077826,Hoang Van Linh,1
RENT_HCM_04634,45C-524.00,Toyota,Camry,4/10/2024,4/17/2024,5959982,Hoang Van Phong,0
RENT_HCM_04635,82K-625.14,Honda,City,4/24/2021,4/25/2021,991975,Dang Thi Minh,1
RENT_HCM_04636,22B-585.78,Ford,EcoSport,1/2/2025,1/6/2025,4475652,Vu Van Khoa,0
RENT_HCM_04637,28D-108.89,Hyundai,i10,10/7/2025,10/13/2025,3993564,Dang Thi Oanh,1
RENT_HCM_04638,92D-335.06,Toyota,Camry,5/14/2026,5/15/2026,585863,Pham Thi Phong,2
RENT_HCM_04639,23C-148.49,Hyundai,i10,6/12/2025,6/19/2025,5039608,Nguyen Van Phong,0
RENT_HCM_04640,91H-439.88,Mazda,CX-5,3/4/2026,3/8/2026,1635692,Dang Thi Cuong,1
RENT_HCM_04641,90F-168.01,Toyota,Vios,12/2/2023,12/4/2023,1307096,Hoang Van Giang,0
RENT_HCM_04642,46E-807.16,Honda,City,7/22/2024,7/25/2024,1836321,Ngo Van Oanh,1
RENT_HCM_04643,96E-688.41,Toyota,Innova,4/2/2022,4/8/2022,2558088,Nguyen Van An,1
RENT_HCM_04644,82E-939.56,Hyundai,Accent,7/27/2025,7/28/2025,946028,Le Van Quyen,2
RENT_HCM_04645,82E-939.56,Hyundai,Accent,9/5/2022,9/9/2022,2260696,Pham Thi Oanh,1
RENT_HCM_04646,11G-399.40,Kia,Morning,1/22/2025,1/26/2025,3605120,Nguyen Van Khoa,2
RENT_HCM_04647,39H-457.60,Hyundai,Grand i10,11/18/2025,11/19/2025,931298,Dang Thi An,0
RENT_HCM_04648,20A-146.45,Honda,City,9/3/2022,9/9/2022,3589818,Hoang Van Khoa,0
RENT_HCM_04649,77C-211.72,Kia,Seltos,7/23/2023,7/27/2023,3837500,Do Thi Phuc,2
RENT_HCM_04650,94G-517.12,Mazda,CX-5,7/3/2022,7/6/2022,2769312,Dang Thi Quyen,1
RENT_HCM_04651,73A-575.16,Ford,Ranger,11/28/2021,12/2/2021,1684668,Tran Thi Em,1
RENT_HCM_04652,45C-536.55,Ford,EcoSport,10/27/2022,10/30/2022,2443119,Bui Thi Cuong,0
RENT_HCM_04653,73A-575.16,Ford,Ranger,6/30/2024,7/7/2024,6648733,Do Thi Binh,0
RENT_HCM_04654,85E-378.37,Ford,Ranger,8/11/2026,8/18/2026,6197415,Bui Thi Khoa,2
RENT_HCM_04655,38C-383.91,Ford,Ranger,4/16/2021,4/22/2021,5132700,Pham Thi Dung,0
RENT_HCM_04656,39A-767.06,Honda,CR-V,9/28/2026,10/3/2026,3532340,Dang Thi Cuong,1
RENT_HCM_04657,92F-931.00,Vinfast,Lux A2.0,3/1/2021,3/8/2021,7501354,Dang Thi Binh,1
RENT_HCM_04658,37G-231.27,Toyota,Camry,12/25/2025,12/27/2025,1193048,Dang Thi Hoa,0
RENT_HCM_04659,72D-907.40,Hyundai,i10,6/6/2023,6/10/2023,4130112,Tran Thi Dung,1
RENT_HCM_04660,94G-517.12,Mazda,CX-5,1/19/2023,1/25/2023,6854136,Tran Thi Dung,0
RENT_HCM_04661,45F-232.07,Vinfast,Lux A2.0,1/6/2023,1/12/2023,4651614,Dang Thi Phong,3
RENT_HCM_04662,80K-657.71,Toyota,Innova,7/25/2026,7/30/2026,3330930,Pham Thi Binh,0
RENT_HCM_04663,18H-105.04,Hyundai,i10,3/9/2021,3/13/2021,3086840,Tran Thi Nam,1
RENT_HCM_04664,45D-330.83,Mazda,CX-5,8/1/2024,8/8/2024,6011957,Do Thi Binh,1
RENT_HCM_04665,15C-124.07,Toyota,Innova,11/7/2025,11/13/2025,6332124,Bui Thi Giang,1
RENT_HCM_04666,16K-535.88,Kia,Soluto,4/10/2025,4/12/2025,1156124,Le Van Hoa,0
RENT_HCM_04667,43K-499.70,Kia,Seltos,4/8/2025,4/9/2025,684408,Pham Thi Minh,0
RENT_HCM_04668,22K-526.15,Hyundai,Accent,12/20/2024,12/24/2024,4302908,Nguyen Van An,0
RENT_HCM_04669,50G-877.98,Hyundai,i10,3/16/2026,3/18/2026,2336746,Hoang Van An,0
RENT_HCM_04670,77C-680.84,Honda,City,10/11/2021,10/15/2021,4431976,Le Van Dung,1
RENT_HCM_04671,42H-912.12,Toyota,Innova,12/29/2024,1/3/2025,2550645,Ngo Van Giang,1
RENT_HCM_04672,89C-852.67,Vinfast,Fadil,11/28/2022,12/3/2022,4183170,Do Thi Dung,1
RENT_HCM_04673,89C-852.67,Vinfast,Fadil,3/8/2021,3/10/2021,2327132,Pham Thi Giang,0
RENT_HCM_04674,39H-562.25,Ford,EcoSport,8/30/2026,9/5/2026,6808446,Hoang Van Phuc,1
RENT_HCM_04675,32F-733.46,Toyota,Vios,10/21/2022,10/24/2022,2587857,Hoang Van Quyen,0
RENT_HCM_04676,30E-325.25,Kia,Morning,10/6/2022,10/12/2022,7006806,Tran Thi Em,1
RENT_HCM_04677,69D-543.35,Honda,City,2/9/2022,2/10/2022,1099987,Tran Thi Oanh,0
RENT_HCM_04678,36D-337.43,Vinfast,Lux A2.0,4/8/2022,4/12/2022,2505372,Tran Thi Linh,0
RENT_HCM_04679,48B-706.17,Toyota,Camry,2/5/2025,2/10/2025,2107370,Nguyen Van Nam,1
RENT_HCM_04680,73D-927.45,Mazda,CX-5,4/1/2022,4/2/2022,765672,Tran Thi Phuc,1
RENT_HCM_04681,11G-399.40,Kia,Morning,5/3/2021,5/6/2021,2166621,Hoang Van Em,1
RENT_HCM_04682,96D-838.67,Vinfast,Lux A2.0,1/16/2022,1/20/2022,3816380,Le Van Linh,0
RENT_HCM_04683,42H-912.12,Toyota,Innova,2/17/2025,2/22/2025,5316515,Do Thi Hoa,0
RENT_HCM_04684,38G-497.95,Kia,Soluto,1/18/2025,1/24/2025,6126270,Ngo Van Dung,1
RENT_HCM_04685,94G-517.12,Mazda,CX-5,3/1/2023,3/8/2023,5732132,Do Thi Em,1
RENT_HCM_04686,20K-624.55,Mazda,3,2/11/2024,2/16/2024,4457885,Vu Van Giang,0
RENT_HCM_04687,47B-414.62,Honda,City,4/16/2025,4/18/2025,1109730,Tran Thi An,0
RENT_HCM_04688,97D-214.30,Honda,CR-V,3/28/2024,4/2/2024,5992095,Le Van Phong,0
RENT_HCM_04689,91G-764.50,Toyota,Vios,7/3/2023,7/10/2023,4487392,Nguyen Van Khoa,0
RENT_HCM_04690,38C-383.91,Ford,Ranger,7/8/2023,7/11/2023,2377602,Nguyen Van An,0
RENT_HCM_04691,92D-335.06,Toyota,Camry,10/28/2024,10/30/2024,1375718,Nguyen Van Minh,1
RENT_HCM_04692,98B-587.88,Vinfast,Fadil,5/30/2025,6/1/2025,1798996,Nguyen Van Phuc,0
RENT_HCM_04693,39A-767.06,Honda,CR-V,8/5/2026,8/9/2026,2114496,Le Van Khoa,0
RENT_HCM_04694,74H-842.20,Kia,Morning,6/7/2023,6/9/2023,1365052,Hoang Van Cuong,0
RENT_HCM_04695,91H-439.88,Mazda,CX-5,9/1/2026,9/8/2026,3066980,Ngo Van Giang,3
RENT_HCM_04696,39C-734.09,Ford,EcoSport,3/16/2023,3/17/2023,427437,Nguyen Van Quyen,0
RENT_HCM_04697,47E-150.60,Kia,Seltos,1/13/2022,1/16/2022,2471802,Tran Thi Oanh,0
RENT_HCM_04698,73A-575.16,Ford,Ranger,1/31/2024,2/3/2024,3234069,Ngo Van Cuong,1
RENT_HCM_04699,31F-834.71,Hyundai,Grand i10,1/4/2022,1/11/2022,5877179,Pham Thi Minh,2
RENT_HCM_04700,63E-560.78,Kia,Morning,9/7/2024,9/12/2024,3835135,Dang Thi Linh,0
RENT_HCM_04701,55B-647.43,Mazda,3,6/11/2026,6/13/2026,2189982,Tran Thi Hoa,1
RENT_HCM_04702,74A-942.98,Hyundai,Accent,11/28/2021,11/30/2021,871544,Ngo Van Giang,0
RENT_HCM_04703,28A-321.73,Hyundai,Accent,11/30/2023,12/5/2023,5915225,Tran Thi Phuc,0
RENT_HCM_04704,36E-560.60,Toyota,Vios,6/9/2026,6/11/2026,1289384,Nguyen Van Phong,0
RENT_HCM_04705,82K-625.14,Honda,City,6/11/2024,6/18/2024,7782481,Vu Van Dung,1
RENT_HCM_04706,39K-469.95,Mazda,CX-5,9/18/2024,9/19/2024,1002435,Bui Thi Minh,0
RENT_HCM_04707,22E-888.71,Honda,CR-V,5/3/2024,5/6/2024,1892442,Pham Thi Hoa,0
RENT_HCM_04708,32C-510.80,Hyundai,Grand i10,5/20/2026,5/23/2026,2532114,Le Van Nam,0
RENT_HCM_04709,14G-415.24,Hyundai,i10,11/5/2021,11/6/2021,501356,Le Van Oanh,1
RENT_HCM_04710,16K-690.45,Vinfast,Lux A2.0,1/23/2025,1/26/2025,2302266,Hoang Van Phuc,1
RENT_HCM_04711,55B-647.43,Mazda,3,8/9/2025,8/12/2025,1699833,Tran Thi Em,1
RENT_HCM_04712,30E-325.25,Kia,Morning,7/15/2021,7/18/2021,3084021,Nguyen Van Minh,1
RENT_HCM_04713,39A-767.06,Honda,CR-V,6/28/2022,6/29/2022,1019959,Vu Van Dung,0
RENT_HCM_04714,25A-321.29,Toyota,Innova,9/2/2026,9/9/2026,4435956,Do Thi Hoa,0
RENT_HCM_04715,43K-499.70,Kia,Seltos,8/6/2021,8/10/2021,2750836,Hoang Van Cuong,1
RENT_HCM_04716,13C-595.73,Vinfast,Lux A2.0,5/22/2023,5/28/2023,3551184,Tran Thi Oanh,1
RENT_HCM_04717,25D-448.59,Vinfast,Lux A2.0,5/26/2022,5/29/2022,3006342,Pham Thi Hoa,1
RENT_HCM_04718,92F-931.00,Vinfast,Lux A2.0,9/2/2026,9/8/2026,6384792,Do Thi An,0
RENT_HCM_04719,22E-897.25,Mazda,CX-5,5/28/2025,6/2/2025,3250955,Do Thi Nam,0
RENT_HCM_04720,71C-946.67,Ford,EcoSport,3/22/2025,3/29/2025,7422695,Le Van Quyen,0
RENT_HCM_04721,74A-942.98,Hyundai,Accent,12/12/2023,12/15/2023,2969115,Le Van Khoa,1
RENT_HCM_04722,22E-897.25,Mazda,CX-5,7/1/2022,7/5/2022,3465452,Tran Thi Dung,2
RENT_HCM_04723,22E-897.25,Mazda,CX-5,6/24/2026,6/25/2026,766444,Vu Van An,1
RENT_HCM_04724,25A-321.29,Toyota,Innova,3/10/2025,3/17/2025,2952313,Tran Thi Phuc,1
RENT_HCM_04725,30K-166.87,Hyundai,Accent,11/8/2023,11/12/2023,2574012,Dang Thi Hoa,3
RENT_HCM_04726,62A-523.15,Honda,CR-V,3/24/2023,3/30/2023,6093096,Ngo Van Oanh,1
RENT_HCM_04727,27H-701.29,Toyota,Camry,5/25/2025,5/30/2025,4842390,Nguyen Van Khoa,0
RENT_HCM_04728,71C-946.67,Ford,EcoSport,6/1/2024,6/2/2024,453855,Bui Thi Khoa,1
RENT_HCM_04729,40A-169.95,Toyota,Vios,10/26/2025,11/1/2025,6003840,Ngo Van An,0
RENT_HCM_04730,92A-672.48,Ford,EcoSport,11/14/2024,11/16/2024,1201792,Vu Van Phuc,0
RENT_HCM_04731,80G-716.32,Kia,Soluto,11/26/2024,12/2/2024,5212206,Nguyen Van Nam,2
RENT_HCM_04732,14G-415.24,Hyundai,i10,9/11/2022,9/13/2022,1300328,Vu Van Cuong,2
RENT_HCM_04733,96B-415.49,Mazda,3,6/1/2025,6/5/2025,3604956,Bui Thi Dung,0
RENT_HCM_04734,83B-797.49,Mazda,3,6/15/2024,6/21/2024,4619592,Do Thi Minh,0
RENT_HCM_04735,82K-625.14,Honda,City,8/17/2026,8/21/2026,3812320,Ngo Van Giang,0
RENT_HCM_04736,50G-118.24,Honda,CR-V,9/7/2026,9/10/2026,1558434,Hoang Van Minh,1
RENT_HCM_04737,39A-767.06,Honda,CR-V,3/8/2025,3/12/2025,3141956,Do Thi Phuc,2
RENT_HCM_04738,80G-716.32,Kia,Soluto,12/25/2024,12/28/2024,3034914,Dang Thi Nam,0
RENT_HCM_04739,16K-535.88,Kia,Soluto,7/27/2023,7/31/2023,2213284,Ngo Van Nam,2
RENT_HCM_04740,47B-414.62,Honda,City,7/8/2022,7/12/2022,3436452,Pham Thi Giang,0
RENT_HCM_04741,45C-524.00,Toyota,Camry,10/15/2023,10/21/2023,6877434,Nguyen Van Dung,0
RENT_HCM_04742,30E-325.25,Kia,Morning,8/9/2022,8/13/2022,1731440,Nguyen Van Giang,0
RENT_HCM_04743,22E-888.71,Honda,CR-V,2/19/2026,2/23/2026,2520012,Nguyen Van Quyen,0
RENT_HCM_04744,74H-842.20,Kia,Morning,1/23/2023,1/26/2023,2507382,Bui Thi Quyen,1
RENT_HCM_04745,22K-526.15,Hyundai,Accent,6/4/2024,6/9/2024,4082715,Do Thi Giang,0
RENT_HCM_04746,96B-415.49,Mazda,3,5/5/2025,5/8/2025,1930530,Hoang Van Phong,0
RENT_HCM_04747,14C-459.98,Ford,EcoSport,12/1/2021,12/8/2021,5254690,Vu Van Khoa,0
RENT_HCM_04748,38E-944.15,Mazda,3,5/25/2023,5/31/2023,6913290,Tran Thi Cuong,1
RENT_HCM_04749,62B-172.41,Kia,Soluto,3/30/2025,4/1/2025,1053852,Bui Thi Phuc,1
RENT_HCM_04750,62H-628.28,Toyota,Camry,5/11/2025,5/12/2025,466922,Le Van Cuong,0
RENT_HCM_04751,90D-598.73,Toyota,Innova,4/15/2022,4/16/2022,865142,Nguyen Van Hoa,1
RENT_HCM_04752,39A-767.06,Honda,CR-V,10/2/2022,10/6/2022,4271884,Hoang Van Oanh,0
RENT_HCM_04753,85H-903.18,Kia,Morning,12/19/2023,12/20/2023,1132158,Tran Thi Em,1
RENT_HCM_04754,21K-767.03,Hyundai,i10,1/7/2025,1/11/2025,2460792,Hoang Van An,1
RENT_HCM_04755,21K-767.03,Hyundai,i10,6/17/2026,6/24/2026,6780690,Le Van Linh,1
RENT_HCM_04756,51G-626.30,Vinfast,Lux A2.0,3/4/2025,3/10/2025,3565614,Bui Thi Nam,2
RENT_HCM_04757,81H-361.56,Vinfast,Lux A2.0,4/8/2021,4/11/2021,1559253,Ngo Van Binh,0
RENT_HCM_04758,96B-415.49,Mazda,3,11/29/2025,12/1/2025,1575962,Le Van Nam,1
RENT_HCM_04759,23G-543.44,Hyundai,i10,11/7/2024,11/8/2024,539281,Do Thi Linh,0
RENT_HCM_04760,62K-469.95,Vinfast,Fadil,12/23/2022,12/24/2022,1081750,Nguyen Van Cuong,2
RENT_HCM_04761,39K-469.95,Mazda,CX-5,1/11/2026,1/14/2026,3343602,Do Thi Giang,0
RENT_HCM_04762,70D-192.58,Kia,Morning,7/14/2025,7/17/2025,2482608,Ngo Van Em,1
RENT_HCM_04763,95H-477.98,Kia,Seltos,3/5/2024,3/10/2024,3796525,Hoang Van Hoa,0
RENT_HCM_04764,26E-180.53,Hyundai,Accent,9/22/2024,9/27/2024,5582335,Nguyen Van Khoa,2
RENT_HCM_04765,39H-562.25,Ford,EcoSport,5/26/2021,5/28/2021,1445636,Le Van Nam,3
RENT_HCM_04766,82K-162.58,Mazda,CX-5,5/8/2024,5/12/2024,4251884,Le Van Oanh,0
RENT_HCM_04767,36E-560.60,Toyota,Vios,9/25/2023,9/29/2023,2564568,Do Thi Hoa,0
RENT_HCM_04768,85C-925.94,Hyundai,Grand i10,1/1/2026,1/6/2026,3524190,Do Thi Nam,1
RENT_HCM_04769,33B-472.24,Kia,Seltos,8/19/2025,8/21/2025,1740586,Dang Thi Khoa,0
RENT_HCM_04770,43G-780.01,Kia,Morning,3/18/2026,3/21/2026,1436475,Do Thi An,0
RENT_HCM_04771,59A-901.69,Kia,Soluto,12/13/2025,12/16/2025,3120294,Vu Van Quyen,2
RENT_HCM_04772,77C-616.68,Toyota,Camry,12/12/2024,12/14/2024,1543832,Ngo Van Em,0
RENT_HCM_04773,59C-409.49,Honda,CR-V,10/27/2025,10/30/2025,2801124,Dang Thi Phuc,0
RENT_HCM_04774,32F-733.46,Toyota,Vios,11/13/2024,11/18/2024,2798655,Dang Thi Khoa,1
RENT_HCM_04775,90B-179.51,Vinfast,Fadil,3/18/2026,3/21/2026,3129192,Pham Thi Phong,0
RENT_HCM_04776,49F-678.30,Vinfast,Lux A2.0,5/2/2021,5/3/2021,1003454,Pham Thi Khoa,2
RENT_HCM_04777,50F-310.34,Kia,Morning,10/11/2021,10/13/2021,2199896,Ngo Van An,0
RENT_HCM_04778,34K-392.12,Kia,Morning,11/26/2023,11/28/2023,2078198,Le Van Minh,0
RENT_HCM_04779,49C-168.30,Vinfast,Fadil,5/7/2026,5/8/2026,1165629,Tran Thi Khoa,0
RENT_HCM_04780,93F-865.25,Mazda,3,6/21/2024,6/28/2024,7726614,Pham Thi Phong,0
RENT_HCM_04781,92A-672.48,Ford,EcoSport,3/2/2025,3/8/2025,6406818,Pham Thi Dung,2
RENT_HCM_04782,39H-896.77,Toyota,Vios,8/14/2025,8/17/2025,1629921,Nguyen Van Em,1
RENT_HCM_04783,82K-162.58,Mazda,CX-5,5/14/2021,5/16/2021,1877306,Ngo Van Quyen,0
RENT_HCM_04784,76K-194.55,Toyota,Innova,9/19/2023,9/20/2023,491873,Le Van Giang,0
RENT_HCM_04785,80G-716.32,Kia,Soluto,5/26/2024,5/29/2024,3560409,Bui Thi Binh,1
RENT_HCM_04786,18E-187.25,Mazda,3,7/11/2022,7/18/2022,6161442,Vu Van Hoa,1
RENT_HCM_04787,27B-423.19,Hyundai,Grand i10,1/25/2023,1/30/2023,4736985,Le Van Cuong,0
RENT_HCM_04788,81H-361.56,Vinfast,Lux A2.0,6/26/2024,6/29/2024,1950720,Do Thi Dung,1
RENT_HCM_04789,87B-650.29,Toyota,Camry,1/25/2026,1/30/2026,2715060,Bui Thi Cuong,1
RENT_HCM_04790,30F-808.46,Toyota,Camry,7/19/2024,7/23/2024,3804788,Pham Thi Cuong,2
RENT_HCM_04791,12E-196.98,Ford,EcoSport,1/25/2021,1/30/2021,3416795,Vu Van Dung,0
RENT_HCM_04792,65B-452.82,Toyota,Innova,6/24/2021,6/28/2021,2893104,Le Van Hoa,1
RENT_HCM_04793,50F-310.34,Kia,Morning,8/24/2023,8/28/2023,4632776,Tran Thi Hoa,0
RENT_HCM_04794,66G-320.55,Kia,Soluto,9/15/2024,9/20/2024,3504185,Vu Van Phong,0
RENT_HCM_04795,87B-650.29,Toyota,Camry,5/24/2023,5/29/2023,3309875,Pham Thi Em,0
RENT_HCM_04796,39B-248.98,Hyundai,Grand i10,1/28/2026,2/4/2026,4524905,Ngo Van Giang,1
RENT_HCM_04797,40A-169.95,Toyota,Vios,1/30/2026,2/6/2026,4369918,Nguyen Van An,1
RENT_HCM_04798,77C-211.72,Kia,Seltos,11/3/2025,11/5/2025,2156334,Dang Thi Em,0
RENT_HCM_04799,62B-172.41,Kia,Soluto,8/22/2025,8/23/2025,984902,Pham Thi Hoa,0
RENT_HCM_04800,43K-499.70,Kia,Seltos,10/30/2022,11/3/2022,3489968,Vu Van Quyen,0
RENT_HCM_04801,80H-858.85,Ford,Ranger,3/15/2022,3/20/2022,5196315,Bui Thi Em,0
RENT_HCM_04802,45C-524.00,Toyota,Camry,10/25/2021,10/27/2021,2364778,Hoang Van Phong,2
RENT_HCM_04803,93D-583.18,Hyundai,Accent,4/6/2025,4/11/2025,5836005,Do Thi Quyen,2
RENT_HCM_04804,50F-310.34,Kia,Morning,11/24/2021,12/1/2021,6407877,Ngo Van Phuc,1
RENT_HCM_04805,47D-840.33,Kia,Morning,9/10/2022,9/15/2022,4254990,Tran Thi Dung,0
RENT_HCM_04806,39H-457.60,Hyundai,Grand i10,7/4/2024,7/11/2024,6128941,Hoang Van Cuong,2
RENT_HCM_04807,95H-477.98,Kia,Seltos,11/17/2022,11/18/2022,822740,Tran Thi Hoa,3
RENT_HCM_04808,28B-288.64,Hyundai,Accent,9/1/2025,9/8/2025,3903312,Do Thi Dung,0
RENT_HCM_04809,40E-606.38,Vinfast,Lux A2.0,6/3/2023,6/7/2023,2660540,Hoang Van Dung,0
RENT_HCM_04810,96E-688.41,Toyota,Innova,5/18/2022,5/23/2022,5054680,Tran Thi Cuong,1
RENT_HCM_04811,77F-485.44,Hyundai,i10,3/31/2022,4/1/2022,856848,Pham Thi Hoa,2
RENT_HCM_04812,72G-969.58,Toyota,Vios,6/23/2022,6/30/2022,3977932,Tran Thi Nam,0
RENT_HCM_04813,80H-858.85,Ford,Ranger,6/15/2023,6/19/2023,2478244,Nguyen Van Binh,0
RENT_HCM_04814,20A-146.45,Honda,City,1/18/2026,1/22/2026,3770604,Hoang Van Cuong,0
RENT_HCM_04815,59A-901.69,Kia,Soluto,8/5/2021,8/8/2021,1229340,Dang Thi Binh,0
RENT_HCM_04816,43G-993.34,Kia,Soluto,2/14/2024,2/17/2024,1621971,Hoang Van Nam,1
RENT_HCM_04817,92F-931.00,Vinfast,Lux A2.0,6/30/2026,7/4/2026,2441116,Vu Van Binh,1
RENT_HCM_04818,72G-919.68,Toyota,Vios,6/7/2025,6/12/2025,5066700,Vu Van Giang,2
RENT_HCM_04819,33C-941.96,Kia,Morning,1/20/2024,1/27/2024,5755617,Hoang Van Hoa,2
RENT_HCM_04820,11H-964.02,Ford,Ranger,8/12/2024,8/16/2024,3135812,Nguyen Van Quyen,1
RENT_HCM_04821,93F-865.25,Mazda,3,7/21/2023,7/24/2023,2952006,Vu Van Oanh,0
RENT_HCM_04822,21K-767.03,Hyundai,i10,8/8/2025,8/11/2025,1309659,Vu Van Hoa,0
RENT_HCM_04823,53E-229.68,Vinfast,Fadil,2/16/2026,2/22/2026,5927538,Le Van Giang,1
RENT_HCM_04824,15A-216.83,Honda,City,12/12/2024,12/14/2024,1641406,Tran Thi Em,2
RENT_HCM_04825,33C-941.96,Kia,Morning,3/27/2025,3/31/2025,2857452,Dang Thi Linh,1
RENT_HCM_04826,95C-492.50,Toyota,Innova,1/26/2024,1/27/2024,747028,Ngo Van Khoa,0
RENT_HCM_04827,13C-595.73,Vinfast,Lux A2.0,9/28/2021,10/2/2021,3782860,Dang Thi Quyen,0
RENT_HCM_04828,76K-194.55,Toyota,Innova,8/13/2025,8/19/2025,4178568,Le Van Quyen,1
RENT_HCM_04829,72D-907.40,Hyundai,i10,6/24/2025,7/1/2025,5457256,Pham Thi Binh,0
RENT_HCM_04830,27H-701.29,Toyota,Camry,4/8/2025,4/10/2025,960342,Dang Thi Quyen,0
RENT_HCM_04831,23D-400.10,Kia,Morning,7/16/2022,7/23/2022,3918558,Ngo Van Em,0
RENT_HCM_04832,77B-234.63,Mazda,3,7/13/2023,7/15/2023,1020456,Tran Thi Giang,1
RENT_HCM_04833,18H-105.04,Hyundai,i10,9/24/2021,9/25/2021,976549,Le Van Minh,1
RENT_HCM_04834,96E-688.41,Toyota,Innova,9/21/2023,9/27/2023,6963060,Tran Thi Cuong,2
RENT_HCM_04835,20A-146.45,Honda,City,11/18/2023,11/24/2023,5211636,Ngo Van Oanh,0
RENT_HCM_04836,91B-105.47,Toyota,Innova,12/23/2023,12/24/2023,1091890,Hoang Van Nam,0
RENT_HCM_04837,25B-454.15,Toyota,Innova,8/3/2026,8/7/2026,4384732,Ngo Van Nam,1
RENT_HCM_04838,22K-526.15,Hyundai,Accent,12/29/2025,1/3/2026,3235195,Pham Thi Giang,2
RENT_HCM_04839,43G-780.01,Kia,Morning,12/30/2021,1/5/2022,3079932,Bui Thi An,1
RENT_HCM_04840,55K-383.25,Mazda,3,11/11/2023,11/17/2023,5834082,Hoang Van Khoa,0
RENT_HCM_04841,35G-898.00,Vinfast,Fadil,7/17/2021,7/20/2021,1364103,Do Thi Nam,2
RENT_HCM_04842,85C-925.94,Hyundai,Grand i10,1/7/2024,1/14/2024,7517671,Hoang Van Oanh,0
RENT_HCM_04843,18C-484.21,Ford,Ranger,7/30/2026,8/1/2026,2363100,Le Van Em,0
RENT_HCM_04844,30D-278.73,Hyundai,Accent,2/1/2026,2/4/2026,3094692,Do Thi Em,0
RENT_HCM_04845,56B-609.78,Honda,CR-V,9/15/2021,9/17/2021,2209708,Dang Thi Oanh,0
RENT_HCM_04846,40B-456.25,Hyundai,i10,4/26/2023,4/27/2023,782445,Vu Van Phuc,1
RENT_HCM_04847,23C-148.49,Hyundai,i10,8/20/2024,8/27/2024,4065803,Tran Thi Quyen,1
RENT_HCM_04848,14C-459.98,Ford,EcoSport,7/25/2022,7/28/2022,3128136,Le Van An,1
RENT_HCM_04849,89C-852.67,Vinfast,Fadil,11/2/2023,11/5/2023,1565964,Hoang Van Em,0
RENT_HCM_04850,72G-919.68,Toyota,Vios,3/20/2026,3/25/2026,3761030,Tran Thi Khoa,1
RENT_HCM_04851,54G-335.06,Honda,CR-V,3/24/2026,3/27/2026,3401367,Hoang Van Em,0
RENT_HCM_04852,22K-526.15,Hyundai,Accent,5/20/2025,5/21/2025,663077,Hoang Van Linh,1
RENT_HCM_04853,35C-671.07,Hyundai,i10,5/8/2023,5/14/2023,3593586,Tran Thi Oanh,3
RENT_HCM_04854,18E-187.25,Mazda,3,4/18/2022,4/25/2022,3527153,Tran Thi Phong,3
RENT_HCM_04855,93D-583.18,Hyundai,Accent,6/11/2024,6/14/2024,3266934,Vu Van Cuong,1
RENT_HCM_04856,90B-179.51,Vinfast,Fadil,4/17/2022,4/22/2022,3094795,Bui Thi Phong,0
RENT_HCM_04857,86E-413.23,Toyota,Vios,8/18/2022,8/22/2022,3625164,Nguyen Van Minh,0
RENT_HCM_04858,78B-364.49,Toyota,Camry,9/5/2023,9/9/2023,3566444,Nguyen Van Oanh,1
RENT_HCM_04859,92A-672.48,Ford,EcoSport,9/23/2024,9/25/2024,1449228,Pham Thi Dung,2
RENT_HCM_04860,62B-172.41,Kia,Soluto,9/17/2025,9/20/2025,2424378,Hoang Van Nam,0
RENT_HCM_04861,77C-211.72,Kia,Seltos,11/1/2022,11/2/2022,844622,Bui Thi Cuong,0
RENT_HCM_04862,23D-400.10,Kia,Morning,8/24/2026,8/29/2026,3423005,Ngo Van Quyen,0
RENT_HCM_04863,62G-115.18,Ford,Ranger,2/27/2026,3/4/2026,5564370,Nguyen Van Binh,1
RENT_HCM_04864,53K-126.49,Toyota,Innova,9/24/2024,9/27/2024,3085518,Le Van Phong,0
RENT_HCM_04865,96D-497.47,Hyundai,i10,9/27/2023,9/29/2023,1659608,Do Thi Minh,3
RENT_HCM_04866,11C-319.16,Toyota,Innova,5/4/2025,5/11/2025,4432911,Hoang Van Khoa,1
RENT_HCM_04867,47B-414.62,Honda,City,10/10/2022,10/15/2022,5614360,Hoang Van Nam,1
RENT_HCM_04868,71C-946.67,Ford,EcoSport,7/4/2022,7/8/2022,4330988,Ngo Van Hoa,0
RENT_HCM_04869,93D-583.18,Hyundai,Accent,12/17/2022,12/19/2022,966898,Tran Thi Nam,0
RENT_HCM_04870,30F-808.46,Toyota,Camry,12/18/2022,12/24/2022,6365724,Ngo Van Binh,2
RENT_HCM_04871,37G-231.27,Toyota,Camry,2/21/2024,2/27/2024,4109964,Hoang Van Binh,0
RENT_HCM_04872,96B-415.49,Mazda,3,12/19/2025,12/25/2025,3142110,Hoang Van Dung,0
RENT_HCM_04873,68D-390.90,Kia,Morning,4/25/2023,5/1/2023,4227348,Do Thi Giang,1
RENT_HCM_04874,15F-595.30,Honda,City,4/10/2024,4/13/2024,1933779,Pham Thi Em,0
RENT_HCM_04875,74A-942.98,Hyundai,Accent,11/29/2022,12/4/2022,5182915,Tran Thi Minh,0
RENT_HCM_04876,88K-102.81,Hyundai,Accent,2/17/2026,2/20/2026,2654139,Nguyen Van An,1
RENT_HCM_04877,80K-657.71,Toyota,Innova,2/12/2021,2/18/2021,4891782,Ngo Van Nam,0
RENT_HCM_04878,90F-168.01,Toyota,Vios,3/24/2026,3/30/2026,5458806,Do Thi Dung,1
RENT_HCM_04879,50D-378.78,Vinfast,Lux A2.0,6/19/2023,6/21/2023,2334068,Bui Thi Minh,0
RENT_HCM_04880,62A-523.15,Honda,CR-V,3/25/2025,3/29/2025,4512132,Tran Thi Giang,0
RENT_HCM_04881,50F-310.34,Kia,Morning,1/6/2025,1/11/2025,3872370,Do Thi Phuc,2
RENT_HCM_04882,42H-912.12,Toyota,Innova,5/25/2023,5/27/2023,1945738,Tran Thi Binh,3
RENT_HCM_04883,86C-265.81,Ford,Ranger,3/28/2021,4/1/2021,2414256,Tran Thi Hoa,2
RENT_HCM_04884,68C-733.66,Hyundai,Accent,7/16/2023,7/21/2023,3328990,Vu Van Cuong,2
RENT_HCM_04885,66F-164.86,Kia,Soluto,11/20/2022,11/24/2022,4743932,Hoang Van Khoa,1
RENT_HCM_04886,99E-453.66,Kia,Soluto,1/3/2022,1/4/2022,1080232,Vu Van Em,1
RENT_HCM_04887,77B-234.63,Mazda,3,7/15/2021,7/18/2021,1286910,Pham Thi Cuong,1
RENT_HCM_04888,35G-898.00,Vinfast,Fadil,3/28/2026,4/3/2026,3845010,Do Thi Phong,1
RENT_HCM_04889,83F-155.85,Vinfast,Fadil,10/14/2023,10/19/2023,3404180,Le Van Hoa,0
RENT_HCM_04890,40H-661.06,Mazda,3,2/9/2021,2/11/2021,1038980,Bui Thi Linh,0
RENT_HCM_04891,63E-560.78,Kia,Morning,5/7/2021,5/12/2021,5291775,Hoang Van An,2
RENT_HCM_04892,49C-168.30,Vinfast,Fadil,2/21/2022,2/23/2022,1003916,Ngo Van Cuong,0
RENT_HCM_04893,57C-660.60,Toyota,Vios,12/24/2025,12/28/2025,3826944,Bui Thi An,0
RENT_HCM_04894,52B-953.14,Kia,Soluto,6/9/2023,6/16/2023,8135743,Dang Thi Quyen,0
RENT_HCM_04895,72G-969.58,Toyota,Vios,5/7/2021,5/11/2021,3748456,Vu Van Minh,0
RENT_HCM_04896,43G-780.01,Kia,Morning,7/16/2022,7/17/2022,991193,Vu Van Dung,2
RENT_HCM_04897,22E-888.71,Honda,CR-V,10/4/2024,10/11/2024,7787857,Hoang Van Linh,0
RENT_HCM_04898,30F-808.46,Toyota,Camry,7/15/2023,7/19/2023,3485684,Tran Thi Oanh,1
RENT_HCM_04899,76B-763.75,Honda,City,8/13/2026,8/20/2026,3044097,Hoang Van Em,0
RENT_HCM_04900,90D-598.73,Toyota,Innova,7/21/2025,7/22/2025,506129,Nguyen Van Quyen,2
RENT_HCM_04901,62H-628.28,Toyota,Camry,1/7/2026,1/11/2026,4550756,Ngo Van Dung,0
RENT_HCM_04902,92F-931.00,Vinfast,Lux A2.0,2/13/2024,2/14/2024,974225,Dang Thi Phong,2
RENT_HCM_04903,11G-399.40,Kia,Morning,6/5/2022,6/8/2022,2935014,Bui Thi Quyen,0
RENT_HCM_04904,24A-243.28,Hyundai,Grand i10,3/5/2022,3/9/2022,4174736,Ngo Van Nam,1
RENT_HCM_04905,37G-231.27,Toyota,Camry,3/27/2021,4/3/2021,5959716,Tran Thi Binh,2
RENT_HCM_04906,52B-953.14,Kia,Soluto,6/7/2021,6/11/2021,4061064,Do Thi Phong,0
RENT_HCM_04907,50F-310.34,Kia,Morning,5/7/2022,5/13/2022,6350520,Nguyen Van Linh,0
RENT_HCM_04908,29C-652.72,Mazda,3,1/29/2021,2/4/2021,5783868,Pham Thi Minh,0
RENT_HCM_04909,77A-503.91,Mazda,3,2/16/2021,2/22/2021,7090698,Pham Thi Em,1
RENT_HCM_04910,82K-625.14,Honda,City,11/27/2024,12/4/2024,8345953,Nguyen Van Quyen,0
RENT_HCM_04911,25B-454.15,Toyota,Innova,4/23/2025,4/25/2025,1209114,Dang Thi Minh,0
RENT_HCM_04912,11G-731.54,Honda,City,9/1/2024,9/4/2024,2174493,Bui Thi Hoa,2
RENT_HCM_04913,32K-304.31,Kia,Morning,6/30/2025,7/2/2025,1474686,Vu Van Phuc,1
RENT_HCM_04914,86C-265.81,Ford,Ranger,7/16/2024,7/20/2024,4322860,Ngo Van Cuong,0
RENT_HCM_04915,68C-733.66,Hyundai,Accent,5/13/2026,5/19/2026,5225538,Hoang Van Nam,2
RENT_HCM_04916,92D-335.06,Toyota,Camry,11/20/2025,11/26/2025,5945580,Le Van Khoa,3
RENT_HCM_04917,33B-472.24,Kia,Seltos,4/15/2023,4/19/2023,3058872,Dang Thi Phuc,3
RENT_HCM_04918,45D-330.83,Mazda,CX-5,1/23/2026,1/29/2026,3000576,Dang Thi Quyen,0
RENT_HCM_04919,38C-383.91,Ford,Ranger,9/12/2023,9/19/2023,4828775,Ngo Van Linh,0
RENT_HCM_04920,27B-423.19,Hyundai,Grand i10,8/28/2025,9/4/2025,2965375,Do Thi Phuc,1
RENT_HCM_04921,91H-439.88,Mazda,CX-5,5/7/2025,5/13/2025,2530230,Hoang Van Linh,1
RENT_HCM_04922,91G-764.50,Toyota,Vios,8/16/2021,8/19/2021,2462601,Vu Van Hoa,0
RENT_HCM_04923,72G-919.68,Toyota,Vios,4/18/2025,4/25/2025,6760782,Hoang Van Giang,2
RENT_HCM_04924,94G-517.12,Mazda,CX-5,2/25/2021,3/2/2021,2436545,Vu Van Binh,2
RENT_HCM_04925,93A-482.11,Toyota,Camry,5/13/2025,5/20/2025,3290336,Pham Thi Khoa,0
RENT_HCM_04926,95B-546.55,Hyundai,Accent,7/13/2024,7/17/2024,3396948,Pham Thi Minh,1
RENT_HCM_04927,81A-639.94,Honda,City,9/9/2026,9/11/2026,2116860,Dang Thi Hoa,0
RENT_HCM_04928,37G-231.27,Toyota,Camry,7/8/2026,7/11/2026,3164172,Bui Thi Giang,1
RENT_HCM_04929,92D-335.06,Toyota,Camry,4/21/2026,4/23/2026,1894138,Nguyen Van Giang,2
RENT_HCM_04930,14G-415.24,Hyundai,i10,5/23/2023,5/25/2023,1897476,Vu Van An,1
RENT_HCM_04931,68D-390.90,Kia,Morning,3/18/2024,3/24/2024,5036952,Tran Thi Hoa,1
RENT_HCM_04932,42H-912.12,Toyota,Innova,1/18/2024,1/20/2024,852342,Tran Thi Phuc,1
RENT_HCM_04933,69D-543.35,Honda,City,7/17/2024,7/18/2024,1013606,Tran Thi Cuong,1
RENT_HCM_04934,89C-852.67,Vinfast,Fadil,4/17/2023,4/18/2023,1019085,Do Thi Dung,1
RENT_HCM_04935,77C-616.68,Toyota,Camry,6/25/2023,6/27/2023,1574832,Vu Van Oanh,0
RENT_HCM_04936,29C-652.72,Mazda,3,11/25/2022,11/27/2022,1858546,Nguyen Van Giang,0
RENT_HCM_04937,50G-877.98,Hyundai,i10,11/22/2021,11/25/2021,3380703,Pham Thi Quyen,1
RENT_HCM_04938,62A-523.15,Honda,CR-V,3/22/2021,3/27/2021,4980535,Le Van Oanh,0
RENT_HCM_04939,78C-146.78,Ford,Ranger,6/30/2022,7/1/2022,636929,Nguyen Van Phuc,3
RENT_HCM_04940,62B-172.41,Kia,Soluto,11/27/2024,12/4/2024,6598662,Pham Thi Quyen,1
RENT_HCM_04941,39H-996.40,Honda,CR-V,10/13/2022,10/14/2022,904432,Vu Van Nam,0
RENT_HCM_04942,88K-102.81,Hyundai,Accent,8/2/2021,8/8/2021,5152626,Do Thi Nam,2
RENT_HCM_04943,38G-667.86,Mazda,3,2/10/2025,2/16/2025,5688978,Vu Van Binh,0
RENT_HCM_04944,31F-834.71,Hyundai,Grand i10,12/29/2024,1/2/2025,2877992,Dang Thi Minh,1
RENT_HCM_04945,45D-330.83,Mazda,CX-5,1/19/2024,1/23/2024,2562872,Pham Thi Giang,0
RENT_HCM_04946,49E-348.68,Kia,Soluto,10/20/2024,10/23/2024,2384148,Ngo Van Phuc,0
RENT_HCM_04947,93D-583.18,Hyundai,Accent,5/14/2024,5/19/2024,5795440,Tran Thi Quyen,1
RENT_HCM_04948,93D-583.18,Hyundai,Accent,1/29/2022,2/1/2022,2351868,Ngo Van Minh,0
RENT_HCM_04949,20K-624.55,Mazda,3,12/4/2023,12/6/2023,2095384,Pham Thi Hoa,0
RENT_HCM_04950,11G-731.54,Honda,City,5/26/2023,5/27/2023,730654,Pham Thi Phong,1
RENT_HCM_04951,11C-319.16,Toyota,Innova,10/12/2023,10/15/2023,2044932,Hoang Van Nam,0
RENT_HCM_04952,12E-196.98,Ford,EcoSport,6/21/2025,6/28/2025,3053680,Tran Thi Giang,0
RENT_HCM_04953,67C-665.78,Hyundai,i10,7/6/2026,7/13/2026,6641950,Tran Thi Binh,0
RENT_HCM_04954,25A-321.29,Toyota,Innova,12/26/2025,1/2/2026,4700521,Le Van Oanh,1
RENT_HCM_04955,59A-901.69,Kia,Soluto,4/14/2026,4/15/2026,1095378,Vu Van Khoa,1
RENT_HCM_04956,62H-628.28,Toyota,Camry,2/12/2024,2/14/2024,1879266,Le Van Em,1
RENT_HCM_04957,39H-996.40,Honda,CR-V,11/3/2021,11/7/2021,4527492,Vu Van Nam,1
RENT_HCM_04958,66F-164.86,Kia,Soluto,3/2/2022,3/9/2022,8373918,Ngo Van Oanh,0
RENT_HCM_04959,29C-652.72,Mazda,3,8/4/2023,8/9/2023,3055115,Nguyen Van Khoa,0
RENT_HCM_04960,52B-953.14,Kia,Soluto,4/21/2024,4/25/2024,2736184,Dang Thi Linh,0
RENT_HCM_04961,63E-560.78,Kia,Morning,5/7/2024,5/10/2024,2693196,Pham Thi Quyen,0
RENT_HCM_04962,59B-706.42,Toyota,Vios,12/6/2023,12/10/2023,4508308,Do Thi An,2
RENT_HCM_04963,72C-183.23,Ford,Ranger,10/29/2025,11/5/2025,5019609,Hoang Van Oanh,1
RENT_HCM_04964,96E-688.41,Toyota,Innova,6/3/2021,6/4/2021,1087705,Nguyen Van Phong,1
RENT_HCM_04965,21G-202.34,Honda,City,2/5/2024,2/12/2024,4837637,Pham Thi An,2
RENT_HCM_04966,39H-896.77,Toyota,Vios,6/1/2023,6/8/2023,2842581,Pham Thi Linh,0
RENT_HCM_04967,96D-838.67,Vinfast,Lux A2.0,5/13/2024,5/18/2024,3361610,Ngo Van Quyen,0
RENT_HCM_04968,72H-414.63,Ford,Ranger,11/15/2025,11/16/2025,884741,Le Van Cuong,0
RENT_HCM_04969,80K-657.71,Toyota,Innova,1/29/2023,1/31/2023,1597160,Bui Thi Binh,0
RENT_HCM_04970,25A-321.29,Toyota,Innova,10/19/2022,10/21/2022,2245674,Hoang Van Linh,1
RENT_HCM_04971,11G-731.54,Honda,City,5/5/2021,5/10/2021,4688275,Dang Thi Em,1
RENT_HCM_04972,71D-707.45,Mazda,3,4/4/2024,4/8/2024,2580560,Do Thi An,0
RENT_HCM_04973,54G-335.06,Honda,CR-V,5/23/2025,5/28/2025,5096410,Vu Van Cuong,2
RENT_HCM_04974,46C-855.60,Vinfast,Fadil,9/28/2026,10/2/2026,1985436,Le Van Minh,0
RENT_HCM_04975,86B-468.95,Toyota,Camry,5/28/2023,6/3/2023,6444750,Bui Thi Linh,2
RENT_HCM_04976,70D-192.58,Kia,Morning,8/27/2024,8/31/2024,3065424,Vu Van Linh,1
RENT_HCM_04977,66E-447.50,Mazda,CX-5,2/20/2024,2/25/2024,2420115,Nguyen Van Khoa,0
RENT_HCM_04978,25D-575.36,Hyundai,Accent,12/8/2021,12/9/2021,780808,Do Thi Em,0
RENT_HCM_04979,63A-217.47,Hyundai,i10,9/22/2022,9/25/2022,3528423,Vu Van Phong,0
RENT_HCM_04980,68C-733.66,Hyundai,Accent,4/1/2025,4/2/2025,690128,Pham Thi Khoa,0
RENT_HCM_04981,31E-660.71,Toyota,Camry,1/5/2026,1/7/2026,1602624,Hoang Van Hoa,0
RENT_HCM_04982,47D-840.33,Kia,Morning,8/24/2021,8/25/2021,1027983,Do Thi Linh,0
RENT_HCM_04983,35G-898.00,Vinfast,Fadil,7/18/2021,7/19/2021,1119846,Tran Thi Phong,0
RENT_HCM_04984,27G-984.07,Ford,Ranger,3/2/2024,3/4/2024,1075440,Pham Thi Minh,1
RENT_HCM_04985,25B-454.15,Toyota,Innova,11/28/2021,12/3/2021,4250500,Vu Van Binh,0
RENT_HCM_04986,96B-415.49,Mazda,3,9/7/2025,9/13/2025,3101052,Nguyen Van Giang,3
RENT_HCM_04987,59C-409.49,Honda,CR-V,9/26/2021,9/30/2021,2462180,Ngo Van Nam,1
RENT_HCM_04988,87C-525.97,Ford,Ranger,1/2/2022,1/9/2022,3890726,Ngo Van Em,0
RENT_HCM_04989,18H-105.04,Hyundai,i10,10/28/2022,11/2/2022,5606625,Do Thi Hoa,0
RENT_HCM_04990,91H-439.88,Mazda,CX-5,5/4/2023,5/7/2023,1298997,Pham Thi Giang,1
RENT_HCM_04991,72K-221.19,Toyota,Innova,11/24/2022,11/30/2022,4428222,Nguyen Van Nam,0
RENT_HCM_04992,86B-468.95,Toyota,Camry,9/13/2025,9/20/2025,3314899,Tran Thi Phong,0
RENT_HCM_04993,81H-361.56,Vinfast,Lux A2.0,6/18/2023,6/21/2023,2862432,Tran Thi Phuc,1
RENT_HCM_04994,70D-192.58,Kia,Morning,5/19/2021,5/21/2021,1964644,Hoang Van Cuong,0
RENT_HCM_04995,82K-162.58,Mazda,CX-5,8/22/2024,8/25/2024,2138775,Pham Thi Phuc,0
RENT_HCM_04996,89C-852.67,Vinfast,Fadil,6/25/2025,7/2/2025,5171460,Le Van Giang,2
RENT_HCM_04997,77C-211.72,Kia,Seltos,12/31/2022,1/7/2023,5927971,Hoang Van Cuong,0
RENT_HCM_04998,95H-477.98,Kia,Seltos,9/3/2023,9/7/2023,1694356,Tran Thi Khoa,0
RENT_HCM_04999,68A-588.72,Ford,EcoSport,3/11/2021,3/12/2021,723936,Bui Thi Oanh,0
RENT_HCM_05000,64K-177.33,Vinfast,Lux A2.0,12/19/2021,12/22/2021,2812578,Bui Thi Giang,0
RENT_HCM_05001,77A-503.91,Mazda,3,5/29/2022,5/30/2022,839267,Dang Thi Quyen,1
RENT_HCM_05002,59A-901.69,Kia,Soluto,3/8/2022,3/12/2022,2046264,Do Thi Nam,2
RENT_HCM_05003,13C-595.73,Vinfast,Lux A2.0,2/16/2024,2/22/2024,4108332,Pham Thi Phong,0
RENT_HCM_05004,91G-764.50,Toyota,Vios,7/3/2025,7/5/2025,1894602,Tran Thi Linh,1
RENT_HCM_05005,13H-835.85,Ford,EcoSport,3/10/2024,3/15/2024,3207675,Tran Thi Cuong,1
RENT_HCM_05006,99C-732.83,Ford,EcoSport,7/19/2022,7/24/2022,4319675,Dang Thi Khoa,0
RENT_HCM_05007,72G-969.58,Toyota,Vios,6/24/2026,7/1/2026,7315469,Do Thi Cuong,1
RENT_HCM_05008,21G-202.34,Honda,City,12/13/2025,12/17/2025,3395120,Do Thi Cuong,2
RENT_HCM_05009,45C-524.00,Toyota,Camry,6/22/2023,6/24/2023,2068374,Pham Thi Dung,0
RENT_HCM_05010,77C-211.72,Kia,Seltos,4/8/2023,4/9/2023,623062,Le Van Nam,0
RENT_HCM_05011,87B-430.99,Honda,City,1/24/2023,1/28/2023,2121456,Hoang Van Dung,0
RENT_HCM_05012,40G-744.81,Honda,City,5/18/2025,5/19/2025,769871,Nguyen Van Hoa,1
RENT_HCM_05013,71C-946.67,Ford,EcoSport,7/1/2022,7/6/2022,5139970,Le Van Giang,1
RENT_HCM_05014,80H-858.85,Ford,Ranger,3/27/2024,3/31/2024,2956688,Tran Thi Binh,2
RENT_HCM_05015,30F-808.46,Toyota,Camry,8/20/2025,8/24/2025,4174324,Ngo Van Cuong,1
RENT_HCM_05016,80K-657.71,Toyota,Innova,3/25/2023,3/28/2023,3565587,Pham Thi Hoa,0
RENT_HCM_05017,90F-168.01,Toyota,Vios,9/21/2025,9/22/2025,1028237,Le Van Phuc,0
RENT_HCM_05018,64K-177.33,Vinfast,Lux A2.0,1/16/2026,1/20/2026,4546388,Vu Van Quyen,2
RENT_HCM_05019,43G-993.34,Kia,Soluto,5/27/2025,5/29/2025,1770594,Le Van Minh,1
RENT_HCM_05020,96D-497.47,Hyundai,i10,8/4/2023,8/8/2023,2116332,Nguyen Van An,3
RENT_HCM_05021,25A-321.29,Toyota,Innova,2/15/2024,2/16/2024,1023806,Vu Van Giang,0
RENT_HCM_05022,35G-898.00,Vinfast,Fadil,1/29/2024,2/3/2024,5956260,Pham Thi Linh,1
RENT_HCM_05023,21K-767.03,Hyundai,i10,4/18/2022,4/21/2022,1426488,Do Thi Giang,1
RENT_HCM_05024,66G-887.42,Vinfast,Lux A2.0,1/2/2026,1/5/2026,1234914,Hoang Van Giang,1
RENT_HCM_05025,28A-321.73,Hyundai,Accent,6/26/2021,7/2/2021,6252696,Do Thi Dung,0
RENT_HCM_05026,72K-221.19,Toyota,Innova,5/9/2026,5/16/2026,2896929,Hoang Van Hoa,0
RENT_HCM_05027,40H-661.06,Mazda,3,3/11/2021,3/12/2021,558731,Le Van Phong,1
RENT_HCM_05028,95C-492.50,Toyota,Innova,11/28/2024,12/3/2024,5248435,Hoang Van An,2
RENT_HCM_05029,22G-155.46,Hyundai,i10,2/9/2021,2/14/2021,2370735,Vu Van Em,0
RENT_HCM_05030,15A-216.83,Honda,City,3/31/2025,4/5/2025,2989130,Le Van Quyen,1
RENT_HCM_05031,80K-657.71,Toyota,Innova,9/21/2025,9/24/2025,1914978,Le Van Quyen,0
RENT_HCM_05032,25B-454.15,Toyota,Innova,2/28/2023,3/1/2023,846627,Ngo Van Cuong,0
RENT_HCM_05033,35C-671.07,Hyundai,i10,4/15/2023,4/18/2023,1710522,Dang Thi Linh,0
RENT_HCM_05034,26D-656.30,Honda,City,1/16/2026,1/23/2026,3669435,Nguyen Van An,1
RENT_HCM_05035,28A-321.73,Hyundai,Accent,5/22/2025,5/29/2025,6441078,Bui Thi Binh,0
RENT_HCM_05036,76B-763.75,Honda,City,5/24/2025,5/28/2025,1854088,Hoang Van Phong,2
RENT_HCM_05037,39B-248.98,Hyundai,Grand i10,8/23/2024,8/30/2024,6171354,Bui Thi Nam,1
RENT_HCM_05038,56B-609.78,Honda,CR-V,8/13/2023,8/16/2023,3551358,Hoang Van Linh,0
RENT_HCM_05039,22E-888.71,Honda,CR-V,2/19/2022,2/25/2022,2799282,Do Thi Giang,1
RENT_HCM_05040,59B-706.42,Toyota,Vios,7/26/2022,8/1/2022,2814504,Dang Thi Cuong,2
RENT_HCM_05041,39A-767.06,Honda,CR-V,10/30/2023,11/4/2023,5042515,Do Thi An,1
RENT_HCM_05042,24E-955.46,Toyota,Vios,8/11/2022,8/14/2022,2366463,Pham Thi Linh,2
RENT_HCM_05043,18H-105.04,Hyundai,i10,12/2/2022,12/5/2022,2789928,Dang Thi Quyen,1
RENT_HCM_05044,49D-328.28,Kia,Morning,5/31/2025,6/7/2025,2886996,Le Van Giang,0
RENT_HCM_05045,42D-602.47,Honda,City,4/29/2026,5/1/2026,1099068,Do Thi Minh,2
RENT_HCM_05046,82K-625.14,Honda,City,7/28/2024,8/3/2024,5281146,Do Thi Linh,0
RENT_HCM_05047,62A-523.15,Honda,CR-V,8/25/2022,8/28/2022,2119773,Nguyen Van Giang,2
RENT_HCM_05048,21G-202.34,Honda,City,11/26/2021,12/1/2021,4741605,Pham Thi Binh,0
RENT_HCM_05049,94D-176.27,Ford,Ranger,2/23/2021,2/25/2021,2171534,Do Thi Khoa,1
RENT_HCM_05050,86G-330.15,Toyota,Vios,5/5/2023,5/8/2023,1357686,Nguyen Van Giang,2
RENT_HCM_05051,37B-826.15,Kia,Soluto,4/5/2022,4/9/2022,4275372,Ngo Van Em,1
RENT_HCM_05052,21G-202.34,Honda,City,5/12/2022,5/13/2022,781293,Dang Thi Hoa,2
RENT_HCM_05053,90D-598.73,Toyota,Innova,3/12/2026,3/15/2026,2932200,Ngo Van Oanh,1
RENT_HCM_05054,86C-265.81,Ford,Ranger,3/24/2026,3/29/2026,4728525,Do Thi Giang,0
RENT_HCM_05055,30K-166.87,Hyundai,Accent,11/11/2021,11/15/2021,4318500,Le Van Phong,2
RENT_HCM_05056,95H-477.98,Kia,Seltos,9/23/2023,9/28/2023,4817835,Le Van Quyen,1
RENT_HCM_05057,24A-237.02,Hyundai,Accent,7/15/2023,7/20/2023,4302200,Do Thi Binh,0
RENT_HCM_05058,87B-373.03,Honda,City,8/29/2023,9/5/2023,6060075,Hoang Van Cuong,1
RENT_HCM_05059,18E-187.25,Mazda,3,5/3/2022,5/9/2022,3848430,Ngo Van Hoa,2
RENT_HCM_05060,59C-409.49,Honda,CR-V,10/13/2022,10/19/2022,5255544,Tran Thi Linh,1
RENT_HCM_05061,15C-124.07,Toyota,Innova,6/2/2021,6/5/2021,2254863,Ngo Van Oanh,1
RENT_HCM_05062,45C-524.00,Toyota,Camry,5/3/2025,5/4/2025,512473,Vu Van Linh,1
RENT_HCM_05063,77C-680.84,Honda,City,9/6/2022,9/7/2022,623067,Do Thi Oanh,0
RENT_HCM_05064,24A-243.28,Hyundai,Grand i10,1/22/2026,1/28/2026,6616080,Vu Van Linh,0
RENT_HCM_05065,25D-575.36,Hyundai,Accent,8/22/2025,8/23/2025,600605,Ngo Van Nam,2
RENT_HCM_05066,86E-413.23,Toyota,Vios,11/10/2025,11/14/2025,1949136,Le Van An,2
RENT_HCM_05067,81H-361.56,Vinfast,Lux A2.0,5/6/2021,5/10/2021,3526120,Nguyen Van Oanh,0
RENT_HCM_05068,31G-307.19,Honda,City,10/28/2022,11/1/2022,4549216,Tran Thi Linh,2
RENT_HCM_05069,90B-179.51,Vinfast,Fadil,5/6/2023,5/9/2023,3067356,Tran Thi Nam,0
RENT_HCM_05070,72G-969.58,Toyota,Vios,12/11/2023,12/15/2023,4210692,Le Van Binh,0
RENT_HCM_05071,95B-546.55,Hyundai,Accent,10/20/2022,10/24/2022,3246040,Hoang Van Cuong,0
RENT_HCM_05072,49C-168.30,Vinfast,Fadil,8/22/2026,8/29/2026,6172460,Vu Van Binh,0
RENT_HCM_05073,50F-310.34,Kia,Morning,8/12/2023,8/15/2023,3423720,Pham Thi Dung,2
RENT_HCM_05074,37B-826.15,Kia,Soluto,9/14/2024,9/16/2024,2277690,Tran Thi Minh,1
RENT_HCM_05075,90A-463.29,Hyundai,i10,8/12/2023,8/15/2023,3011448,Bui Thi Hoa,1
RENT_HCM_05076,99E-453.66,Kia,Soluto,10/28/2022,10/29/2022,1137085,Bui Thi Phong,2
RENT_HCM_05077,49E-348.68,Kia,Soluto,1/16/2026,1/21/2026,3890190,Dang Thi Khoa,2
RENT_HCM_05078,12G-744.89,Mazda,CX-5,12/22/2023,12/24/2023,1461670,Tran Thi Em,0
RENT_HCM_05079,72G-919.68,Toyota,Vios,3/10/2026,3/15/2026,2443405,Vu Van Binh,2
RENT_HCM_05080,47B-414.62,Honda,City,9/11/2026,9/18/2026,6913109,Le Van Hoa,1
RENT_HCM_05081,40E-606.38,Vinfast,Lux A2.0,8/16/2023,8/19/2023,1259367,Vu Van Linh,0
RENT_HCM_05082,72K-221.19,Toyota,Innova,9/23/2021,9/25/2021,2290012,Vu Van Khoa,0
RENT_HCM_05083,11C-738.22,Vinfast,Fadil,4/16/2025,4/21/2025,2694895,Hoang Van Quyen,3
RENT_HCM_05084,39H-896.77,Toyota,Vios,7/31/2025,8/3/2025,3046716,Nguyen Van Hoa,1
RENT_HCM_05085,92D-335.06,Toyota,Camry,2/7/2021,2/11/2021,2086924,Nguyen Van Nam,0
RENT_HCM_05086,40H-661.06,Mazda,3,7/2/2022,7/4/2022,2046350,Tran Thi Binh,1
RENT_HCM_05087,39H-896.77,Toyota,Vios,1/6/2024,1/8/2024,1906468,Vu Van Linh,0
RENT_HCM_05088,66G-887.42,Vinfast,Lux A2.0,3/3/2022,3/4/2022,520342,Nguyen Van Oanh,1
RENT_HCM_05089,30D-278.73,Hyundai,Accent,11/21/2023,11/24/2023,2607825,Bui Thi Phuc,1
RENT_HCM_05090,51G-626.30,Vinfast,Lux A2.0,1/3/2026,1/10/2026,7438844,Nguyen Van Minh,2
RENT_HCM_05091,62A-523.15,Honda,CR-V,2/12/2023,2/17/2023,3852830,Do Thi Nam,1
RENT_HCM_05092,95H-477.98,Kia,Seltos,9/4/2024,9/6/2024,1924638,Pham Thi Nam,1
RENT_HCM_05093,27B-423.19,Hyundai,Grand i10,7/23/2022,7/27/2022,3367320,Nguyen Van Hoa,0
RENT_HCM_05094,45C-524.00,Toyota,Camry,1/15/2021,1/22/2021,3610173,Tran Thi Nam,0
RENT_HCM_05095,47D-840.33,Kia,Morning,2/16/2024,2/21/2024,2810575,Ngo Van Quyen,1
RENT_HCM_05096,12B-182.67,Toyota,Vios,8/9/2025,8/13/2025,3693852,Dang Thi Cuong,0
RENT_HCM_05097,45C-524.00,Toyota,Camry,9/5/2022,9/10/2022,4071250,Pham Thi Cuong,0
RENT_HCM_05098,22K-526.15,Hyundai,Accent,1/12/2026,1/18/2026,3842448,Hoang Van Em,0
RENT_HCM_05099,18H-105.04,Hyundai,i10,8/7/2026,8/8/2026,582637,Dang Thi Linh,3
RENT_HCM_05100,54G-335.06,Honda,CR-V,6/21/2023,6/22/2023,841060,Dang Thi Minh,0
RENT_HCM_05101,30F-808.46,Toyota,Camry,1/26/2023,1/27/2023,405260,Dang Thi Nam,2
RENT_HCM_05102,87B-373.03,Honda,City,11/21/2021,11/23/2021,934508,Vu Van Khoa,0
RENT_HCM_05103,54G-335.06,Honda,CR-V,9/10/2026,9/16/2026,5275914,Nguyen Van Giang,2
RENT_HCM_05104,87B-650.29,Toyota,Camry,1/16/2021,1/19/2021,2339793,Dang Thi Hoa,2
RENT_HCM_05105,27H-701.29,Toyota,Camry,6/16/2024,6/23/2024,5305909,Vu Van Phuc,2
RENT_HCM_05106,13E-299.60,Honda,CR-V,8/30/2022,9/4/2022,2937965,Do Thi Giang,1
RENT_HCM_05107,68K-951.28,Hyundai,i10,8/5/2025,8/10/2025,5959605,Ngo Van Minh,1
RENT_HCM_05108,18E-187.25,Mazda,3,11/27/2024,12/2/2024,2340740,Pham Thi Em,0
RENT_HCM_05109,77A-503.91,Mazda,3,10/17/2024,10/19/2024,1822112,Bui Thi Nam,0
RENT_HCM_05110,14B-920.02,Toyota,Vios,2/7/2026,2/11/2026,3997188,Bui Thi Giang,1
RENT_HCM_05111,95C-492.50,Toyota,Innova,4/21/2026,4/25/2026,3829136,Hoang Van Binh,0
RENT_HCM_05112,40B-456.25,Hyundai,i10,5/4/2023,5/11/2023,4641266,Le Van Oanh,0
RENT_HCM_05113,91G-764.50,Toyota,Vios,5/5/2022,5/7/2022,2183076,Bui Thi Phuc,0
RENT_HCM_05114,31E-660.71,Toyota,Camry,9/4/2022,9/6/2022,1059464,Ngo Van Binh,1
RENT_HCM_05115,25A-321.29,Toyota,Innova,1/29/2026,1/31/2026,2035108,Pham Thi Em,1
RENT_HCM_05116,50G-118.24,Honda,CR-V,4/1/2022,4/2/2022,1190456,Vu Van Nam,2
RENT_HCM_05117,24A-243.28,Hyundai,Grand i10,3/4/2021,3/5/2021,1043258,Ngo Van Dung,0
RENT_HCM_05118,27G-984.07,Ford,Ranger,8/8/2021,8/14/2021,4239918,Pham Thi Phong,0
RENT_HCM_05119,85C-925.94,Hyundai,Grand i10,2/8/2026,2/15/2026,4922757,Ngo Van Giang,0
RENT_HCM_05120,66G-320.55,Kia,Soluto,3/15/2023,3/16/2023,625737,Pham Thi Phuc,1
RENT_HCM_05121,39K-469.95,Mazda,CX-5,8/17/2023,8/21/2023,3048592,Bui Thi Hoa,0
RENT_HCM_05122,67C-665.78,Hyundai,i10,4/24/2025,4/28/2025,3416108,Dang Thi Binh,1
RENT_HCM_05123,50D-378.78,Vinfast,Lux A2.0,3/21/2023,3/25/2023,4693432,Do Thi Quyen,0
RENT_HCM_05124,49C-168.30,Vinfast,Fadil,5/3/2022,5/8/2022,3688760,Pham Thi Cuong,2
RENT_HCM_05125,75C-107.61,Vinfast,Fadil,4/4/2025,4/8/2025,2349092,Bui Thi Minh,1
RENT_HCM_05126,68A-588.72,Ford,EcoSport,4/28/2025,4/29/2025,1030899,Do Thi Hoa,1
RENT_HCM_05127,84A-192.77,Toyota,Camry,3/14/2026,3/17/2026,1645011,Vu Van Cuong,1
RENT_HCM_05128,69F-764.42,Mazda,CX-5,4/4/2026,4/11/2026,7693364,Bui Thi Phuc,0
RENT_HCM_05129,94D-176.27,Ford,Ranger,9/17/2026,9/19/2026,1642748,Le Van Quyen,2
RENT_HCM_05130,68K-951.28,Hyundai,i10,7/16/2025,7/19/2025,2376255,Ngo Van An,1
RENT_HCM_05131,16K-690.45,Vinfast,Lux A2.0,1/30/2026,2/5/2026,6076908,Ngo Van Cuong,1
RENT_HCM_05132,70D-192.58,Kia,Morning,3/29/2021,3/31/2021,1848982,Tran Thi Dung,1
RENT_HCM_05133,16B-618.82,Hyundai,Grand i10,10/21/2025,10/26/2025,4813700,Pham Thi Phuc,1
RENT_HCM_05134,68A-105.33,Toyota,Innova,8/9/2021,8/10/2021,630373,Ngo Van Nam,0
RENT_HCM_05135,50D-378.78,Vinfast,Lux A2.0,6/9/2025,6/11/2025,1101400,Le Van An,1
RENT_HCM_05136,93A-482.11,Toyota,Camry,10/12/2025,10/13/2025,762698,Le Van An,0
RENT_HCM_05137,26D-656.30,Honda,City,9/18/2024,9/23/2024,2478535,Vu Van Nam,2
RENT_HCM_05138,97D-214.30,Honda,CR-V,2/6/2025,2/7/2025,839483,Ngo Van Cuong,1
RENT_HCM_05139,40A-169.95,Toyota,Vios,3/11/2021,3/12/2021,695516,Hoang Van Phuc,0
RENT_HCM_05140,47E-150.60,Kia,Seltos,4/27/2023,4/28/2023,1017189,Hoang Van Nam,2
RENT_HCM_05141,31E-660.71,Toyota,Camry,5/13/2024,5/16/2024,2509869,Nguyen Van Nam,0
RENT_HCM_05142,18H-105.04,Hyundai,i10,9/22/2022,9/24/2022,1239346,Nguyen Van Giang,0
RENT_HCM_05143,26E-180.53,Hyundai,Accent,2/21/2024,2/27/2024,2882658,Ngo Van Phuc,1
RENT_HCM_05144,82K-162.58,Mazda,CX-5,2/7/2024,2/14/2024,7322413,Pham Thi An,1
RENT_HCM_05145,77C-211.72,Kia,Seltos,4/21/2023,4/22/2023,1010841,Ngo Van Minh,0
RENT_HCM_05146,82K-162.58,Mazda,CX-5,11/24/2021,11/27/2021,2885343,Hoang Van Cuong,0
RENT_HCM_05147,90B-179.51,Vinfast,Fadil,9/2/2023,9/5/2023,1420437,Vu Van Quyen,2
RENT_HCM_05148,36F-989.46,Mazda,3,6/17/2023,6/24/2023,7245560,Le Van Phuc,1
RENT_HCM_05149,11G-399.40,Kia,Morning,4/6/2024,4/9/2024,2729322,Ngo Van Khoa,2
RENT_HCM_05150,40B-456.25,Hyundai,i10,1/30/2022,1/31/2022,901943,Ngo Van An,2
RENT_HCM_05151,25D-575.36,Hyundai,Accent,8/10/2023,8/16/2023,4774626,Pham Thi Khoa,2
RENT_HCM_05152,68K-951.28,Hyundai,i10,9/19/2021,9/26/2021,4299365,Dang Thi Binh,3
RENT_HCM_05153,52B-953.14,Kia,Soluto,11/8/2021,11/12/2021,4375064,Do Thi Dung,2
RENT_HCM_05154,72K-707.72,Toyota,Camry,5/21/2022,5/27/2022,4480752,Do Thi Giang,3
RENT_HCM_05155,39K-469.95,Mazda,CX-5,5/13/2023,5/15/2023,1055350,Vu Van Cuong,1
RENT_HCM_05156,38G-667.86,Mazda,3,2/28/2023,3/3/2023,3085302,Ngo Van Phuc,0
RENT_HCM_05157,31G-307.19,Honda,City,2/19/2023,2/20/2023,488704,Dang Thi Giang,0
RENT_HCM_05158,40A-169.95,Toyota,Vios,2/11/2024,2/15/2024,3853676,Hoang Van Nam,0
RENT_HCM_05159,14B-920.02,Toyota,Vios,7/25/2025,7/26/2025,469547,Vu Van Khoa,0
RENT_HCM_05160,37B-826.15,Kia,Soluto,10/26/2022,10/31/2022,5606920,Le Van Khoa,1
RENT_HCM_05161,66G-887.42,Vinfast,Lux A2.0,12/5/2024,12/7/2024,829094,Vu Van Quyen,1
RENT_HCM_05162,40G-744.81,Honda,City,11/25/2023,12/2/2023,6394276,Do Thi Giang,0
RENT_HCM_05163,40E-606.38,Vinfast,Lux A2.0,3/4/2022,3/6/2022,1674682,Hoang Van Em,1
RENT_HCM_05164,80H-858.85,Ford,Ranger,9/30/2022,10/6/2022,4587144,Nguyen Van Phuc,0
RENT_HCM_05165,87B-430.99,Honda,City,5/18/2024,5/22/2024,2418720,Tran Thi Dung,1
RENT_HCM_05166,33C-941.96,Kia,Morning,5/23/2024,5/25/2024,1849360,Dang Thi Binh,0
RENT_HCM_05167,50D-378.78,Vinfast,Lux A2.0,10/12/2021,10/16/2021,1921460,Dang Thi Oanh,1
RENT_HCM_05168,82K-625.14,Honda,City,9/23/2022,9/27/2022,3826140,Do Thi Quyen,0
RENT_HCM_05169,11G-399.40,Kia,Morning,6/16/2026,6/21/2026,3864550,Nguyen Van Quyen,0
RENT_HCM_05170,25D-575.36,Hyundai,Accent,4/1/2024,4/3/2024,1351410,Tran Thi Minh,1
RENT_HCM_05171,68K-951.28,Hyundai,i10,5/30/2021,6/6/2021,7557935,Tran Thi Minh,0
RENT_HCM_05172,18A-563.17,Toyota,Innova,11/18/2024,11/25/2024,7938924,Vu Van Hoa,0
RENT_HCM_05173,74H-842.20,Kia,Morning,6/21/2026,6/26/2026,2848445,Ngo Van Giang,0
RENT_HCM_05174,23C-148.49,Hyundai,i10,11/30/2023,12/4/2023,2530444,Ngo Van Phong,0
RENT_HCM_05175,77C-616.68,Toyota,Camry,4/24/2025,5/1/2025,3607324,Bui Thi Nam,1
RENT_HCM_05176,47E-150.60,Kia,Seltos,4/19/2026,4/21/2026,1441808,Bui Thi Khoa,0
RENT_HCM_05177,28B-288.64,Hyundai,Accent,11/2/2022,11/6/2022,3007104,Hoang Van Oanh,0
RENT_HCM_05178,65B-452.82,Toyota,Innova,1/27/2025,1/28/2025,1002292,Bui Thi Phong,0
RENT_HCM_05179,68A-105.33,Toyota,Innova,7/16/2022,7/18/2022,2218194,Dang Thi Phong,2
RENT_HCM_05180,88K-102.81,Hyundai,Accent,11/15/2023,11/21/2023,6444666,Ngo Van Nam,0
RENT_HCM_05181,12E-196.98,Ford,EcoSport,11/29/2022,12/4/2022,2587180,Bui Thi Khoa,0
RENT_HCM_05182,34H-793.09,Mazda,CX-5,9/18/2023,9/23/2023,3305305,Nguyen Van Binh,1
RENT_HCM_05183,15C-124.07,Toyota,Innova,8/19/2021,8/26/2021,3986283,Tran Thi Dung,1
RENT_HCM_05184,13E-299.60,Honda,CR-V,4/29/2026,5/6/2026,6674234,Do Thi Quyen,2
RENT_HCM_05185,48B-706.17,Toyota,Camry,12/4/2025,12/9/2025,4609360,Le Van Linh,0
RENT_HCM_05186,49D-328.28,Kia,Morning,9/29/2025,9/30/2025,985806,Ngo Van Quyen,0
RENT_HCM_05187,16K-690.45,Vinfast,Lux A2.0,2/25/2024,3/2/2024,4199238,Vu Van Dung,0
RENT_HCM_05188,20K-624.55,Mazda,3,8/29/2023,9/3/2023,3920825,Pham Thi Giang,2
RENT_HCM_05189,12G-744.89,Mazda,CX-5,12/30/2025,1/6/2026,5300890,Bui Thi Linh,3
RENT_HCM_05190,30D-278.73,Hyundai,Accent,8/17/2021,8/23/2021,6587874,Do Thi Nam,0
RENT_HCM_05191,39C-734.09,Ford,EcoSport,1/3/2024,1/10/2024,6294239,Tran Thi Oanh,0
RENT_HCM_05192,19K-348.27,Hyundai,i10,4/5/2021,4/12/2021,4603179,Pham Thi Nam,2
RENT_HCM_05193,78B-364.49,Toyota,Camry,6/6/2024,6/11/2024,5300530,Do Thi Minh,0
RENT_HCM_05194,74D-805.08,Hyundai,Accent,8/19/2021,8/20/2021,728476,Pham Thi An,2
RENT_HCM_05195,19K-348.27,Hyundai,i10,11/26/2025,12/3/2025,3645936,Bui Thi Oanh,1
RENT_HCM_05196,28A-321.73,Hyundai,Accent,4/29/2025,5/4/2025,4721340,Tran Thi Giang,0
RENT_HCM_05197,68K-951.28,Hyundai,i10,9/15/2021,9/22/2021,6100934,Le Van Phuc,0
RENT_HCM_05198,84A-192.77,Toyota,Camry,10/22/2022,10/27/2022,2010275,Dang Thi Em,1
RENT_HCM_05199,94D-176.27,Ford,Ranger,12/7/2021,12/12/2021,2801960,Bui Thi Linh,0
RENT_HCM_05200,66G-887.42,Vinfast,Lux A2.0,9/1/2022,9/5/2022,2844488,Le Van An,0
RENT_HCM_05201,49D-328.28,Kia,Morning,4/10/2025,4/17/2025,7152054,Pham Thi Cuong,0
RENT_HCM_05202,78C-146.78,Ford,Ranger,11/12/2024,11/14/2024,2324076,Bui Thi Quyen,0
RENT_HCM_05203,28B-378.39,Toyota,Innova,9/24/2023,9/25/2023,747433,Bui Thi Cuong,2
RENT_HCM_05204,63A-217.47,Hyundai,i10,2/13/2023,2/19/2023,5350242,Tran Thi An,2
RENT_HCM_05205,32F-733.46,Toyota,Vios,2/20/2023,2/25/2023,3711975,Pham Thi Nam,3
RENT_HCM_05206,27G-984.07,Ford,Ranger,1/5/2022,1/12/2022,5205858,Do Thi Hoa,0
RENT_HCM_05207,90F-168.01,Toyota,Vios,4/18/2025,4/20/2025,1739374,Do Thi Hoa,0
RENT_HCM_05208,36F-989.46,Mazda,3,10/21/2021,10/27/2021,4525476,Vu Van Em,2
RENT_HCM_05209,72K-707.72,Toyota,Camry,12/24/2024,12/31/2024,7712180,Do Thi An,1
RENT_HCM_05210,12G-744.89,Mazda,CX-5,12/30/2025,1/6/2026,8043091,Hoang Van Giang,1
RENT_HCM_05211,65B-452.82,Toyota,Innova,3/2/2022,3/3/2022,777929,Dang Thi Hoa,2
RENT_HCM_05212,18A-563.17,Toyota,Innova,12/16/2024,12/22/2024,5647320,Do Thi Linh,2
RENT_HCM_05213,40E-606.38,Vinfast,Lux A2.0,12/22/2021,12/29/2021,4874226,Dang Thi Dung,0
RENT_HCM_05214,47E-150.60,Kia,Seltos,12/12/2021,12/13/2021,475938,Vu Van Giang,2
RENT_HCM_05215,54G-335.06,Honda,CR-V,6/23/2024,6/25/2024,1093386,Pham Thi Oanh,3
RENT_HCM_05216,83B-797.49,Mazda,3,12/22/2025,12/26/2025,4448416,Ngo Van Phong,3
RENT_HCM_05217,86C-265.81,Ford,Ranger,1/4/2024,1/5/2024,1134461,Tran Thi Khoa,2
RENT_HCM_05218,43G-993.34,Kia,Soluto,12/13/2023,12/20/2023,4902842,Dang Thi Phuc,0
RENT_HCM_05219,77C-211.72,Kia,Seltos,9/1/2023,9/4/2023,2356260,Hoang Van Phong,1
RENT_HCM_05220,63A-217.47,Hyundai,i10,12/31/2021,1/5/2022,3675355,Bui Thi Nam,0
RENT_HCM_05221,87C-525.97,Ford,Ranger,3/13/2022,3/18/2022,5477560,Ngo Van Linh,2
RENT_HCM_05222,36D-337.43,Vinfast,Lux A2.0,9/27/2021,9/29/2021,2140656,Le Van Hoa,1
RENT_HCM_05223,94D-176.27,Ford,Ranger,4/24/2024,4/27/2024,2901189,Le Van Cuong,1
RENT_HCM_05224,93D-583.18,Hyundai,Accent,4/1/2022,4/5/2022,4419856,Le Van Oanh,2
RENT_HCM_05225,62H-628.28,Toyota,Camry,12/14/2024,12/20/2024,4420500,Tran Thi Dung,0
RENT_HCM_05226,85C-925.94,Hyundai,Grand i10,1/26/2021,1/27/2021,1085648,Le Van Khoa,0
RENT_HCM_05227,81H-361.56,Vinfast,Lux A2.0,12/1/2022,12/2/2022,652477,Pham Thi An,1
RENT_HCM_05228,66G-887.42,Vinfast,Lux A2.0,10/24/2021,10/28/2021,3290992,Ngo Van Em,1
RENT_HCM_05229,22E-897.25,Mazda,CX-5,12/10/2022,12/15/2022,3382645,Dang Thi Phong,0
RENT_HCM_05230,72H-414.63,Ford,Ranger,6/22/2021,6/25/2021,3045480,Pham Thi Phong,1
RENT_HCM_05231,30E-325.25,Kia,Morning,5/24/2026,5/25/2026,555977,Le Van Linh,1
RENT_HCM_05232,23G-543.44,Hyundai,i10,9/13/2021,9/20/2021,7376593,Pham Thi Minh,0
RENT_HCM_05233,93D-583.18,Hyundai,Accent,1/2/2024,1/4/2024,1402110,Le Van Dung,1
RENT_HCM_05234,95C-492.50,Toyota,Innova,3/5/2023,3/7/2023,831388,Vu Van Em,1
RENT_HCM_05235,18A-563.17,Toyota,Innova,11/22/2024,11/26/2024,2620540,Vu Van Dung,0
RENT_HCM_05236,39K-469.95,Mazda,CX-5,7/20/2024,7/23/2024,1793355,Dang Thi Linh,0
RENT_HCM_05237,22E-888.71,Honda,CR-V,12/12/2023,12/16/2023,3228152,Pham Thi Giang,1
RENT_HCM_05238,77A-503.91,Mazda,3,12/7/2022,12/12/2022,5748745,Bui Thi Phuc,0
RENT_HCM_05239,62H-628.28,Toyota,Camry,1/22/2023,1/28/2023,4578048,Tran Thi Phuc,1
RENT_HCM_05240,69D-543.35,Honda,City,5/15/2022,5/17/2022,832264,Dang Thi Khoa,1
RENT_HCM_05241,11G-731.54,Honda,City,10/17/2025,10/23/2025,4184856,Vu Van Cuong,3
RENT_HCM_05242,28D-108.89,Hyundai,i10,2/20/2022,2/23/2022,1955028,Vu Van An,2
RENT_HCM_05243,37F-841.13,Kia,Morning,3/14/2023,3/19/2023,4635035,Nguyen Van Binh,3
RENT_HCM_05244,82E-939.56,Hyundai,Accent,9/27/2023,10/3/2023,6824484,Le Van Minh,3
RENT_HCM_05245,38G-667.86,Mazda,3,10/7/2023,10/14/2023,5889660,Hoang Van Dung,1
RENT_HCM_05246,11G-399.40,Kia,Morning,9/26/2025,9/30/2025,1988504,Ngo Van Phong,2
RENT_HCM_05247,38C-383.91,Ford,Ranger,1/31/2026,2/6/2026,4451454,Do Thi Em,2
RENT_HCM_05248,14C-459.98,Ford,EcoSport,7/28/2024,7/29/2024,684226,Pham Thi Giang,0
RENT_HCM_05249,11G-399.40,Kia,Morning,9/4/2025,9/7/2025,3078693,Dang Thi Oanh,0
RENT_HCM_05250,84A-192.77,Toyota,Camry,3/27/2025,3/31/2025,2013612,Le Van Oanh,1
RENT_HCM_05251,72C-183.23,Ford,Ranger,9/30/2021,10/2/2021,1219618,Dang Thi Giang,2
RENT_HCM_05252,37K-262.20,Mazda,3,10/9/2025,10/13/2025,3681596,Vu Van Linh,1
RENT_HCM_05253,36E-560.60,Toyota,Vios,1/13/2023,1/17/2023,3073032,Nguyen Van Em,0
RENT_HCM_05254,77F-485.44,Hyundai,i10,6/7/2023,6/13/2023,5223312,Dang Thi Phong,1
RENT_HCM_05255,77F-485.44,Hyundai,i10,4/9/2025,4/10/2025,889510,Le Van An,1
RENT_HCM_05256,83F-155.85,Vinfast,Fadil,11/5/2022,11/9/2022,2617132,Pham Thi Phong,0
RENT_HCM_05257,94G-517.12,Mazda,CX-5,8/13/2026,8/15/2026,2251336,Bui Thi Quyen,1
RENT_HCM_05258,18A-563.17,Toyota,Innova,1/18/2022,1/24/2022,3938322,Tran Thi Linh,3
RENT_HCM_05259,32C-510.80,Hyundai,Grand i10,9/5/2021,9/7/2021,1766768,Tran Thi Phuc,3
RENT_HCM_05260,43K-499.70,Kia,Seltos,3/27/2026,4/2/2026,3837972,Vu Van An,0
RENT_HCM_05261,66E-447.50,Mazda,CX-5,7/24/2021,7/31/2021,7835324,Dang Thi Giang,0
RENT_HCM_05262,92F-931.00,Vinfast,Lux A2.0,6/22/2025,6/25/2025,1285554,Pham Thi Giang,2
RENT_HCM_05263,87K-428.26,Honda,CR-V,10/28/2023,11/4/2023,6457948,Pham Thi Dung,1
RENT_HCM_05264,49D-328.28,Kia,Morning,8/20/2025,8/24/2025,2663856,Dang Thi Binh,0
RENT_HCM_05265,68D-390.90,Kia,Morning,11/27/2025,12/4/2025,5655629,Bui Thi An,1
RENT_HCM_05266,38G-497.95,Kia,Soluto,8/8/2024,8/11/2024,2036880,Pham Thi Phong,0
RENT_HCM_05267,41C-516.21,Hyundai,i10,9/21/2022,9/22/2022,804328,Dang Thi An,1
RENT_HCM_05268,69D-543.35,Honda,City,5/5/2021,5/8/2021,2357679,Tran Thi Binh,1
RENT_HCM_05269,90B-179.51,Vinfast,Fadil,1/23/2026,1/24/2026,886460,Ngo Van Binh,0
RENT_HCM_05270,25D-575.36,Hyundai,Accent,9/19/2022,9/20/2022,404327,Bui Thi Quyen,0
RENT_HCM_05271,87K-428.26,Honda,CR-V,4/8/2025,4/12/2025,4781276,Le Van Hoa,0
RENT_HCM_05272,46C-855.60,Vinfast,Fadil,3/26/2021,3/31/2021,2709420,Do Thi Cuong,0
RENT_HCM_05273,72G-969.58,Toyota,Vios,1/12/2025,1/13/2025,1060530,Nguyen Van Giang,0
RENT_HCM_05274,86B-468.95,Toyota,Camry,10/23/2024,10/27/2024,3628672,Nguyen Van Phuc,1
RENT_HCM_05275,16K-690.45,Vinfast,Lux A2.0,4/7/2026,4/9/2026,1866610,Hoang Van An,0
RENT_HCM_05276,59C-409.49,Honda,CR-V,2/27/2023,3/4/2023,4051870,Tran Thi Cuong,0
RENT_HCM_05277,87B-430.99,Honda,City,10/22/2023,10/25/2023,1704306,Vu Van Giang,1
RENT_HCM_05278,22K-526.15,Hyundai,Accent,8/29/2025,8/31/2025,1858934,Hoang Van Giang,0
RENT_HCM_05279,75C-107.61,Vinfast,Fadil,6/30/2023,7/4/2023,2171704,Dang Thi Phuc,1
RENT_HCM_05280,22B-585.78,Ford,EcoSport,1/22/2021,1/28/2021,7194504,Hoang Van Binh,0
RENT_HCM_05281,30F-808.46,Toyota,Camry,11/30/2025,12/1/2025,786457,Le Van Giang,1
RENT_HCM_05282,25D-575.36,Hyundai,Accent,4/12/2021,4/18/2021,5191260,Hoang Van Linh,0
RENT_HCM_05283,30F-808.46,Toyota,Camry,6/22/2026,6/25/2026,1345089,Nguyen Van Quyen,0
RENT_HCM_05284,90A-485.48,Mazda,CX-5,3/15/2024,3/18/2024,2955687,Nguyen Van An,0
RENT_HCM_05285,14H-574.13,Kia,Morning,6/19/2026,6/24/2026,4422200,Vu Van Binh,0
RENT_HCM_05286,86E-413.23,Toyota,Vios,7/1/2021,7/6/2021,5068820,Le Van Dung,0
RENT_HCM_05287,76B-763.75,Honda,City,9/27/2021,10/3/2021,2995008,Nguyen Van Khoa,0
RENT_HCM_05288,72G-919.68,Toyota,Vios,6/10/2022,6/15/2022,4115740,Do Thi Binh,0
RENT_HCM_05289,30K-166.87,Hyundai,Accent,11/20/2025,11/26/2025,4051326,Hoang Van Minh,1
RENT_HCM_05290,75C-107.61,Vinfast,Fadil,1/12/2022,1/17/2022,4817640,Dang Thi Linh,0
RENT_HCM_05291,87K-428.26,Honda,CR-V,5/4/2025,5/10/2025,6478356,Do Thi Minh,2
RENT_HCM_05292,70D-192.58,Kia,Morning,9/4/2021,9/6/2021,1753900,Nguyen Van An,0
RENT_HCM_05293,11C-738.22,Vinfast,Fadil,5/10/2023,5/12/2023,1419226,Ngo Van Dung,0
RENT_HCM_05294,66E-447.50,Mazda,CX-5,6/18/2025,6/21/2025,2274168,Le Van Em,0
RENT_HCM_05295,34H-793.09,Mazda,CX-5,2/17/2021,2/19/2021,1078818,Do Thi Dung,2
RENT_HCM_05296,27G-984.07,Ford,Ranger,9/28/2024,10/1/2024,1356402,Bui Thi Khoa,2
RENT_HCM_05297,39C-734.09,Ford,EcoSport,6/5/2023,6/6/2023,468901,Le Van Giang,1
RENT_HCM_05298,72C-183.23,Ford,Ranger,9/24/2022,9/29/2022,3936195,Dang Thi An,0
RENT_HCM_05299,39H-457.60,Hyundai,Grand i10,7/9/2024,7/10/2024,437747,Nguyen Van Oanh,1
RENT_HCM_05300,37K-262.20,Mazda,3,3/8/2025,3/14/2025,5897532,Do Thi Phuc,1
RENT_HCM_05301,40E-606.38,Vinfast,Lux A2.0,12/9/2025,12/15/2025,3742842,Tran Thi Khoa,0
RENT_HCM_05302,12G-744.89,Mazda,CX-5,5/31/2023,6/1/2023,648421,Do Thi Khoa,1
RENT_HCM_05303,80K-657.71,Toyota,Innova,3/18/2022,3/20/2022,1221436,Vu Van Nam,1
RENT_HCM_05304,36K-772.94,Ford,EcoSport,1/16/2024,1/20/2024,2081964,Hoang Van Quyen,0
RENT_HCM_05305,56B-609.78,Honda,CR-V,3/23/2022,3/30/2022,5484794,Dang Thi Linh,2
RENT_HCM_05306,74D-805.08,Hyundai,Accent,5/20/2024,5/21/2024,1041953,Hoang Van Khoa,0
RENT_HCM_05307,28D-108.89,Hyundai,i10,8/28/2026,9/3/2026,4775076,Dang Thi Phuc,1
RENT_HCM_05308,96D-497.47,Hyundai,i10,4/6/2026,4/8/2026,2396782,Nguyen Van Linh,0
RENT_HCM_05309,53E-229.68,Vinfast,Fadil,3/5/2021,3/11/2021,3940320,Do Thi Giang,2
RENT_HCM_05310,78C-146.78,Ford,Ranger,4/22/2021,4/25/2021,2024865,Tran Thi Cuong,0
RENT_HCM_05311,87B-373.03,Honda,City,11/4/2021,11/5/2021,805276,Tran Thi Quyen,0
RENT_HCM_05312,77C-680.84,Honda,City,1/18/2021,1/20/2021,1803792,Le Van Oanh,1
RENT_HCM_05313,33F-566.78,Toyota,Vios,12/10/2021,12/15/2021,4338915,Bui Thi Linh,0
RENT_HCM_05314,32D-394.35,Toyota,Vios,1/5/2026,1/11/2026,3472812,Le Van An,1
RENT_HCM_05315,91G-764.50,Toyota,Vios,8/16/2024,8/18/2024,2359774,Hoang Van Hoa,0
RENT_HCM_05316,15A-216.83,Honda,City,3/4/2023,3/6/2023,1701132,Pham Thi Oanh,1
RENT_HCM_05317,66F-164.86,Kia,Soluto,3/6/2025,3/7/2025,1175384,Do Thi Giang,1
RENT_HCM_05318,80G-716.32,Kia,Soluto,9/18/2024,9/21/2024,3545619,Ngo Van Minh,0
RENT_HCM_05319,37F-841.13,Kia,Morning,3/16/2023,3/17/2023,880193,Hoang Van Nam,2
RENT_HCM_05320,86C-265.81,Ford,Ranger,1/16/2022,1/19/2022,2245506,Ngo Van Cuong,1
RENT_HCM_05321,16K-535.88,Kia,Soluto,7/2/2025,7/7/2025,4481450,Pham Thi Hoa,0
RENT_HCM_05322,91G-764.50,Toyota,Vios,7/20/2026,7/24/2026,4598544,Pham Thi Hoa,0
RENT_HCM_05323,81A-639.94,Honda,City,6/30/2024,7/4/2024,3629188,Nguyen Van Hoa,0
RENT_HCM_05324,18C-484.21,Ford,Ranger,8/20/2023,8/23/2023,3184044,Pham Thi Hoa,1
RENT_HCM_05325,39A-767.06,Honda,CR-V,6/29/2021,7/6/2021,3759623,Nguyen Van Binh,1
RENT_HCM_05326,38C-383.91,Ford,Ranger,10/9/2025,10/10/2025,1070456,Tran Thi Hoa,1
RENT_HCM_05327,86B-468.95,Toyota,Camry,11/18/2023,11/24/2023,4647000,Nguyen Van Giang,0
RENT_HCM_05328,66F-164.86,Kia,Soluto,6/19/2022,6/22/2022,1990308,Pham Thi Em,0
RENT_HCM_05329,50G-118.24,Honda,CR-V,6/12/2023,6/19/2023,6546946,Bui Thi Quyen,2
RENT_HCM_05330,96D-838.67,Vinfast,Lux A2.0,6/3/2023,6/4/2023,809493,Nguyen Van Binh,0
RENT_HCM_05331,50G-877.98,Hyundai,i10,9/22/2023,9/28/2023,6014730,Tran Thi Phuc,3
RENT_HCM_05332,22E-888.71,Honda,CR-V,7/6/2025,7/12/2025,4703904,Vu Van Minh,1
RENT_HCM_05333,60A-977.72,Hyundai,Grand i10,7/29/2023,7/30/2023,648270,Do Thi Binh,0
RENT_HCM_05334,40E-511.08,Honda,CR-V,1/13/2026,1/16/2026,3411891,Do Thi Dung,0
RENT_HCM_05335,99E-453.66,Kia,Soluto,8/12/2022,8/16/2022,1840816,Hoang Van Minh,0
RENT_HCM_05336,40A-169.95,Toyota,Vios,6/6/2026,6/11/2026,4721445,Tran Thi Oanh,0
RENT_HCM_05337,90D-598.73,Toyota,Innova,5/22/2024,5/23/2024,713302,Le Van Hoa,2
RENT_HCM_05338,37F-841.13,Kia,Morning,12/17/2022,12/21/2022,3384856,Do Thi Hoa,2
RENT_HCM_05339,87B-650.29,Toyota,Camry,4/16/2025,4/21/2025,5570865,Le Van Phuc,2
RENT_HCM_05340,40E-511.08,Honda,CR-V,8/5/2021,8/11/2021,2510898,Hoang Van Khoa,2
RENT_HCM_05341,93A-482.11,Toyota,Camry,1/2/2022,1/5/2022,1536501,Tran Thi Phong,1
RENT_HCM_05342,13C-595.73,Vinfast,Lux A2.0,3/1/2021,3/3/2021,1618390,Do Thi Phuc,2
RENT_HCM_05343,36E-560.60,Toyota,Vios,12/2/2024,12/6/2024,3788088,Dang Thi Hoa,1
RENT_HCM_05344,87B-373.03,Honda,City,5/26/2021,6/1/2021,3638934,Hoang Van An,2
RENT_HCM_05345,48B-706.17,Toyota,Camry,6/20/2022,6/22/2022,2140588,Nguyen Van Khoa,1
RENT_HCM_05346,47D-840.33,Kia,Morning,3/9/2022,3/10/2022,892831,Le Van Quyen,1
RENT_HCM_05347,46E-807.16,Honda,City,1/20/2021,1/27/2021,3006899,Le Van Linh,1
RENT_HCM_05348,27B-423.19,Hyundai,Grand i10,1/5/2021,1/11/2021,5378166,Ngo Van Minh,1
RENT_HCM_05349,63A-217.47,Hyundai,i10,3/16/2021,3/21/2021,2627995,Hoang Van Nam,2
RENT_HCM_05350,74H-842.20,Kia,Morning,3/29/2025,4/4/2025,4789134,Dang Thi Linh,2
RENT_HCM_05351,15F-595.30,Honda,City,2/13/2023,2/19/2023,6460704,Tran Thi Phuc,1
RENT_HCM_05352,28B-288.64,Hyundai,Accent,11/26/2021,11/28/2021,1815868,Vu Van Hoa,0
RENT_HCM_05353,91B-105.47,Toyota,Innova,12/22/2024,12/27/2024,2818530,Bui Thi Em,2
RENT_HCM_05354,25D-448.59,Vinfast,Lux A2.0,3/13/2023,3/14/2023,468715,Vu Van Em,0
RENT_HCM_05355,66F-164.86,Kia,Soluto,10/15/2025,10/18/2025,3352731,Tran Thi Em,0
RENT_HCM_05356,50D-378.78,Vinfast,Lux A2.0,8/30/2023,9/4/2023,3708960,Tran Thi An,0
RENT_HCM_05357,99C-732.83,Ford,EcoSport,5/6/2026,5/11/2026,2120315,Pham Thi Phuc,2
RENT_HCM_05358,34H-793.09,Mazda,CX-5,3/5/2025,3/10/2025,5114290,Tran Thi Binh,1
RENT_HCM_05359,87B-650.29,Toyota,Camry,4/15/2025,4/18/2025,2651346,Dang Thi An,0
RENT_HCM_05360,38G-497.95,Kia,Soluto,5/8/2023,5/14/2023,2858712,Nguyen Van Nam,0
RENT_HCM_05361,64C-859.87,Toyota,Vios,6/16/2025,6/19/2025,3244647,Tran Thi Khoa,1
RENT_HCM_05362,91B-105.47,Toyota,Innova,3/29/2021,3/31/2021,1549356,Hoang Van Cuong,0
RENT_HCM_05363,39H-896.77,Toyota,Vios,5/7/2024,5/12/2024,3262845,Tran Thi Minh,0
RENT_HCM_05364,66F-164.86,Kia,Soluto,1/7/2022,1/12/2022,5554185,Le Van Dung,2
RENT_HCM_05365,72C-183.23,Ford,Ranger,2/9/2025,2/12/2025,3239556,Ngo Van Giang,0
RENT_HCM_05366,41C-516.21,Hyundai,i10,5/2/2025,5/7/2025,2027180,Pham Thi Minh,0
RENT_HCM_05367,74H-842.20,Kia,Morning,1/7/2023,1/12/2023,4831525,Vu Van Phuc,2
RENT_HCM_05368,36K-772.94,Ford,EcoSport,3/2/2023,3/4/2023,2121378,Dang Thi Phuc,2
RENT_HCM_05369,90A-463.29,Hyundai,i10,1/21/2024,1/24/2024,1552617,Pham Thi Phong,1
RENT_HCM_05370,39C-734.09,Ford,EcoSport,4/9/2021,4/12/2021,2685501,Tran Thi Em,0
RENT_HCM_05371,38G-667.86,Mazda,3,2/5/2021,2/6/2021,748989,Do Thi Em,1
RENT_HCM_05372,55B-647.43,Mazda,3,2/27/2023,3/1/2023,1072192,Do Thi Linh,1
RENT_HCM_05373,47E-150.60,Kia,Seltos,5/27/2025,6/2/2025,4474446,Hoang Van Oanh,1
RENT_HCM_05374,74H-842.20,Kia,Morning,4/21/2026,4/27/2026,3199464,Nguyen Van Cuong,2
RENT_HCM_05375,76H-418.80,Hyundai,Accent,3/29/2023,3/31/2023,1061190,Bui Thi An,2
RENT_HCM_05376,99E-453.66,Kia,Soluto,10/30/2023,10/31/2023,437338,Pham Thi Hoa,2
RENT_HCM_05377,28B-288.64,Hyundai,Accent,10/28/2021,10/30/2021,1285842,Pham Thi Phong,0
RENT_HCM_05378,72D-907.40,Hyundai,i10,7/29/2022,8/2/2022,1802772,Nguyen Van Hoa,0
RENT_HCM_05379,35C-671.07,Hyundai,i10,9/22/2023,9/28/2023,3701250,Vu Van Nam,2
RENT_HCM_05380,92F-931.00,Vinfast,Lux A2.0,9/14/2021,9/18/2021,1762344,Hoang Van Khoa,0
RENT_HCM_05381,30F-808.46,Toyota,Camry,8/24/2024,8/26/2024,1463468,Ngo Van Oanh,0
RENT_HCM_05382,35C-671.07,Hyundai,i10,4/6/2021,4/11/2021,5464870,Vu Van Binh,0
RENT_HCM_05383,94E-578.12,Hyundai,i10,4/22/2023,4/23/2023,1062997,Nguyen Van Dung,1
RENT_HCM_05384,38G-497.95,Kia,Soluto,1/26/2021,1/29/2021,1480743,Le Van Phong,0
RENT_HCM_05385,85E-378.37,Ford,Ranger,5/30/2024,6/2/2024,1612647,Tran Thi Linh,0
RENT_HCM_05386,39A-767.06,Honda,CR-V,11/23/2023,11/26/2023,3167784,Do Thi Em,3
RENT_HCM_05387,12B-182.67,Toyota,Vios,1/31/2021,2/1/2021,716893,Bui Thi Dung,1
RENT_HCM_05388,56B-609.78,Honda,CR-V,1/8/2025,1/15/2025,5149599,Ngo Van Nam,0
RENT_HCM_05389,89G-388.88,Hyundai,Accent,6/25/2026,7/2/2026,5432392,Pham Thi Linh,2
RENT_HCM_05390,14G-415.24,Hyundai,i10,1/8/2021,1/11/2021,1297698,Pham Thi Quyen,0
RENT_HCM_05391,82K-625.14,Honda,City,3/24/2022,3/30/2022,2978688,Ngo Van Cuong,0
RENT_HCM_05392,38G-667.86,Mazda,3,12/2/2025,12/9/2025,3642786,Do Thi An,1
RENT_HCM_05393,67C-665.78,Hyundai,i10,1/13/2026,1/18/2026,5287285,Le Van Linh,2
RENT_HCM_05394,92F-931.00,Vinfast,Lux A2.0,12/26/2024,12/27/2024,429752,Vu Van Phong,0
RENT_HCM_05395,32F-733.46,Toyota,Vios,1/19/2023,1/26/2023,6327090,Le Van Giang,0
RENT_HCM_05396,22E-888.71,Honda,CR-V,3/12/2023,3/15/2023,1785276,Tran Thi Phuc,2
RENT_HCM_05397,40B-456.25,Hyundai,i10,4/16/2025,4/18/2025,2203854,Tran Thi Cuong,0
RENT_HCM_05398,18A-563.17,Toyota,Innova,3/21/2023,3/24/2023,2127399,Ngo Van Giang,1
RENT_HCM_05399,80G-716.32,Kia,Soluto,6/20/2025,6/27/2025,4951359,Vu Van Linh,1
RENT_HCM_05400,92A-672.48,Ford,EcoSport,11/11/2021,11/15/2021,4227348,Bui Thi Quyen,0
RENT_HCM_05401,68K-951.28,Hyundai,i10,12/5/2022,12/10/2022,5996080,Do Thi Cuong,0
RENT_HCM_05402,49C-168.30,Vinfast,Fadil,3/13/2022,3/17/2022,3587268,Le Van Quyen,1
RENT_HCM_05403,96E-688.41,Toyota,Innova,6/18/2021,6/25/2021,6131454,Tran Thi Nam,0
RENT_HCM_05404,62A-523.15,Honda,CR-V,3/4/2022,3/10/2022,4836468,Hoang Van Cuong,0
RENT_HCM_05405,76B-763.75,Honda,City,11/11/2022,11/14/2022,1775559,Bui Thi Khoa,0
RENT_HCM_05406,90B-179.51,Vinfast,Fadil,6/18/2021,6/23/2021,2088650,Tran Thi Dung,1
RENT_HCM_05407,81A-639.94,Honda,City,3/1/2025,3/7/2025,4931694,Tran Thi Phong,0
RENT_HCM_05408,31E-660.71,Toyota,Camry,9/30/2023,10/5/2023,5678580,Bui Thi Giang,1
RENT_HCM_05409,50G-877.98,Hyundai,i10,9/7/2025,9/9/2025,940274,Bui Thi Dung,1
RENT_HCM_05410,35G-898.00,Vinfast,Fadil,4/1/2024,4/4/2024,1368114,Pham Thi Em,0
RENT_HCM_05411,14G-415.24,Hyundai,i10,9/19/2023,9/22/2023,1284915,Tran Thi Minh,0
RENT_HCM_05412,59B-706.42,Toyota,Vios,4/1/2024,4/6/2024,3667670,Dang Thi An,1
RENT_HCM_05413,50G-118.24,Honda,CR-V,12/22/2023,12/23/2023,403955,Do Thi Cuong,1
RENT_HCM_05414,73A-575.16,Ford,Ranger,11/27/2021,12/2/2021,4268505,Tran Thi Binh,1
RENT_HCM_05415,52B-953.14,Kia,Soluto,2/15/2024,2/21/2024,3794814,Bui Thi Cuong,0
RENT_HCM_05416,34K-392.12,Kia,Morning,3/13/2022,3/20/2022,4349905,Do Thi Hoa,0
RENT_HCM_05417,30D-278.73,Hyundai,Accent,1/5/2024,1/11/2024,7055886,Hoang Van Linh,2
RENT_HCM_05418,73D-927.45,Mazda,CX-5,8/19/2023,8/26/2023,6139994,Bui Thi Dung,0
RENT_HCM_05419,12E-196.98,Ford,EcoSport,6/12/2022,6/15/2022,2427612,Tran Thi Phuc,3
RENT_HCM_05420,80G-716.32,Kia,Soluto,12/28/2023,1/3/2024,2492766,Bui Thi Nam,1
RENT_HCM_05421,36K-772.94,Ford,EcoSport,9/13/2023,9/18/2023,2811075,Tran Thi Quyen,0
RENT_HCM_05422,37E-977.04,Mazda,3,5/4/2021,5/8/2021,2404716,Tran Thi Phong,0
RENT_HCM_05423,38G-667.86,Mazda,3,2/20/2026,2/22/2026,994608,Tran Thi Oanh,1
RENT_HCM_05424,94G-517.12,Mazda,CX-5,11/19/2022,11/24/2022,2089580,Bui Thi Em,1
RENT_HCM_05425,21G-202.34,Honda,City,3/18/2021,3/21/2021,3410568,Nguyen Van Hoa,0
RENT_HCM_05426,77C-616.68,Toyota,Camry,9/24/2025,9/29/2025,4607610,Pham Thi Hoa,1
RENT_HCM_05427,83F-155.85,Vinfast,Fadil,4/27/2026,4/28/2026,859726,Do Thi Khoa,0
RENT_HCM_05428,82K-162.58,Mazda,CX-5,3/14/2024,3/21/2024,6882827,Do Thi Nam,2
RENT_HCM_05429,22E-897.25,Mazda,CX-5,3/14/2023,3/16/2023,2385574,Do Thi Cuong,0
RENT_HCM_05430,64F-676.74,Hyundai,Accent,6/14/2021,6/19/2021,4177520,Bui Thi Minh,0
RENT_HCM_05431,40G-744.81,Honda,City,1/12/2022,1/17/2022,3676770,Pham Thi Hoa,0
RENT_HCM_05432,50G-877.98,Hyundai,i10,7/19/2026,7/25/2026,4228872,Le Van Binh,0
RENT_HCM_05433,71C-946.67,Ford,EcoSport,5/23/2025,5/29/2025,4419270,Le Van Dung,0
RENT_HCM_05434,38C-142.53,Hyundai,i10,4/1/2023,4/4/2023,2942241,Ngo Van Cuong,0
RENT_HCM_05435,11H-964.02,Ford,Ranger,10/31/2022,11/2/2022,1029264,Dang Thi Giang,0
RENT_HCM_05436,96B-415.49,Mazda,3,12/28/2024,12/31/2024,2853150,Hoang Van Linh,1
RENT_HCM_05437,68K-951.28,Hyundai,i10,3/11/2022,3/12/2022,658868,Vu Van Linh,1
RENT_HCM_05438,72G-919.68,Toyota,Vios,2/2/2021,2/6/2021,3508040,Bui Thi Phuc,0
RENT_HCM_05439,77C-616.68,Toyota,Camry,11/3/2023,11/5/2023,2377862,Vu Van Quyen,0
RENT_HCM_05440,87B-430.99,Honda,City,5/6/2022,5/7/2022,411472,Bui Thi Quyen,0
RENT_HCM_05441,85C-925.94,Hyundai,Grand i10,2/26/2025,3/5/2025,6790700,Tran Thi Quyen,0
RENT_HCM_05442,25D-448.59,Vinfast,Lux A2.0,12/30/2021,1/2/2022,3547197,Nguyen Van Nam,2
RENT_HCM_05443,85H-903.18,Kia,Morning,11/28/2022,12/1/2022,2095737,Do Thi Hoa,1
RENT_HCM_05444,40A-169.95,Toyota,Vios,11/17/2022,11/23/2022,3441558,Tran Thi Cuong,2
RENT_HCM_05445,96D-838.67,Vinfast,Lux A2.0,1/20/2026,1/24/2026,3001268,Nguyen Van Minh,1
RENT_HCM_05446,48B-706.17,Toyota,Camry,2/12/2021,2/13/2021,820989,Vu Van Dung,0
RENT_HCM_05447,22E-897.25,Mazda,CX-5,12/20/2024,12/23/2024,1751010,Do Thi Minh,1
RENT_HCM_05448,77A-503.91,Mazda,3,9/24/2022,10/1/2022,3381777,Nguyen Van Linh,2
RENT_HCM_05449,21G-202.34,Honda,City,2/7/2026,2/10/2026,2596290,Tran Thi Quyen,0
RENT_HCM_05450,87K-428.26,Honda,CR-V,6/15/2023,6/18/2023,2995893,Pham Thi Khoa,0
RENT_HCM_05451,14H-574.13,Kia,Morning,1/29/2026,2/2/2026,3731664,Ngo Van Hoa,0
RENT_HCM_05452,66G-320.55,Kia,Soluto,8/14/2026,8/19/2026,4743160,Hoang Van Phuc,2
RENT_HCM_05453,82K-625.14,Honda,City,6/17/2023,6/20/2023,1967388,Dang Thi Hoa,2
RENT_HCM_05454,88K-102.81,Hyundai,Accent,1/3/2023,1/5/2023,2391158,Pham Thi Dung,0
RENT_HCM_05455,64K-177.33,Vinfast,Lux A2.0,10/9/2022,10/11/2022,800016,Bui Thi Em,0
RENT_HCM_05456,41C-516.21,Hyundai,i10,5/22/2025,5/28/2025,2660208,Le Van Phong,0
RENT_HCM_05457,29C-652.72,Mazda,3,3/22/2023,3/28/2023,6176448,Pham Thi Cuong,0
RENT_HCM_05458,85H-903.18,Kia,Morning,2/12/2022,2/16/2022,3952256,Tran Thi Minh,0
RENT_HCM_05459,72H-414.63,Ford,Ranger,2/26/2024,3/4/2024,3768464,Tran Thi An,2
RENT_HCM_05460,25D-575.36,Hyundai,Accent,10/29/2024,10/31/2024,2016658,Dang Thi Cuong,1
RENT_HCM_05461,40E-606.38,Vinfast,Lux A2.0,3/14/2021,3/16/2021,1529060,Ngo Van An,0
RENT_HCM_05462,70D-192.58,Kia,Morning,8/3/2025,8/6/2025,1347978,Ngo Van Minh,0
RENT_HCM_05463,37G-231.27,Toyota,Camry,1/23/2025,1/27/2025,1651548,Le Van Linh,1
RENT_HCM_05464,72K-707.72,Toyota,Camry,5/12/2023,5/17/2023,3822770,Dang Thi Em,0
RENT_HCM_05465,38E-944.15,Mazda,3,8/8/2026,8/13/2026,4159100,Pham Thi Cuong,0
RENT_HCM_05466,14B-920.02,Toyota,Vios,10/31/2025,11/5/2025,5387330,Dang Thi Nam,1
RENT_HCM_05467,14H-574.13,Kia,Morning,11/21/2022,11/27/2022,3721764,Pham Thi Em,0
RENT_HCM_05468,38C-383.91,Ford,Ranger,9/5/2024,9/10/2024,5155690,Le Van Em,0
RENT_HCM_05469,45D-330.83,Mazda,CX-5,3/13/2025,3/20/2025,6676796,Nguyen Van Khoa,0
RENT_HCM_05470,97D-214.30,Honda,CR-V,3/26/2026,3/31/2026,2491810,Nguyen Van Quyen,1
RENT_HCM_05471,40H-661.06,Mazda,3,5/11/2024,5/14/2024,1269705,Hoang Van Giang,1
RENT_HCM_05472,39H-996.40,Honda,CR-V,9/28/2024,9/30/2024,1064270,Tran Thi Linh,1
RENT_HCM_05473,63A-217.47,Hyundai,i10,12/11/2025,12/13/2025,1832648,Hoang Van Nam,1
RENT_HCM_05474,87B-373.03,Honda,City,3/16/2026,3/19/2026,3315297,Do Thi An,1
RENT_HCM_05475,76B-763.75,Honda,City,5/9/2025,5/12/2025,2578749,Do Thi Hoa,2
RENT_HCM_05476,27B-423.19,Hyundai,Grand i10,8/15/2024,8/22/2024,5494412,Nguyen Van Oanh,2
RENT_HCM_05477,86G-330.15,Toyota,Vios,8/5/2021,8/12/2021,6595652,Do Thi Oanh,1
RENT_HCM_05478,80G-716.32,Kia,Soluto,5/23/2022,5/25/2022,1680166,Tran Thi Cuong,0
RENT_HCM_05479,23C-148.49,Hyundai,i10,2/13/2025,2/14/2025,940476,Le Van Hoa,0
RENT_HCM_05480,85E-378.37,Ford,Ranger,4/1/2026,4/7/2026,5367312,Bui Thi An,1
RENT_HCM_05481,20A-146.45,Honda,City,1/27/2021,2/1/2021,4289290,Tran Thi Binh,0
RENT_HCM_05482,13C-595.73,Vinfast,Lux A2.0,4/30/2025,5/1/2025,466989,Do Thi An,0
RENT_HCM_05483,72C-183.23,Ford,Ranger,1/15/2022,1/20/2022,3284875,Nguyen Van Quyen,1
RENT_HCM_05484,86E-413.23,Toyota,Vios,5/1/2023,5/6/2023,3567485,Do Thi Cuong,0
RENT_HCM_05485,28D-108.89,Hyundai,i10,10/21/2023,10/22/2023,513232,Pham Thi An,1
RENT_HCM_05486,23C-148.49,Hyundai,i10,1/28/2025,1/31/2025,1690980,Ngo Van Minh,3
RENT_HCM_05487,15A-216.83,Honda,City,3/27/2025,3/31/2025,3282712,Dang Thi Khoa,1
RENT_HCM_05488,24E-955.46,Toyota,Vios,9/14/2025,9/16/2025,1698448,Hoang Van An,0
RENT_HCM_05489,62K-469.95,Vinfast,Fadil,3/30/2022,3/31/2022,623263,Vu Van Cuong,0
RENT_HCM_05490,33F-566.78,Toyota,Vios,5/5/2022,5/6/2022,897172,Bui Thi Dung,0
RENT_HCM_05491,42H-912.12,Toyota,Innova,5/28/2022,6/2/2022,5616945,Do Thi Minh,0
RENT_HCM_05492,45C-524.00,Toyota,Camry,3/16/2022,3/23/2022,5342043,Vu Van Nam,0
RENT_HCM_05493,66G-887.42,Vinfast,Lux A2.0,8/20/2026,8/21/2026,737285,Do Thi Linh,1
RENT_HCM_05494,73D-927.45,Mazda,CX-5,9/28/2026,10/1/2026,1443996,Hoang Van Khoa,1
RENT_HCM_05495,90B-179.51,Vinfast,Fadil,8/7/2022,8/12/2022,3510670,Hoang Van Nam,2
RENT_HCM_05496,77C-680.84,Honda,City,2/11/2026,2/15/2026,4510220,Do Thi Phuc,0
RENT_HCM_05497,99C-732.83,Ford,EcoSport,8/24/2022,8/25/2022,971701,Do Thi Em,1
RENT_HCM_05498,85E-378.37,Ford,Ranger,5/10/2021,5/11/2021,552386,Vu Van Em,0
RENT_HCM_05499,72D-907.40,Hyundai,i10,4/30/2025,5/6/2025,3559092,Tran Thi Cuong,1
RENT_HCM_05500,15F-595.30,Honda,City,12/16/2024,12/19/2024,2170575,Do Thi Em,0
RENT_HCM_05501,87B-430.99,Honda,City,12/13/2021,12/15/2021,1654108,Bui Thi Khoa,0
RENT_HCM_05502,68D-390.90,Kia,Morning,6/4/2025,6/8/2025,3887256,Hoang Van Linh,1
RENT_HCM_05503,28A-321.73,Hyundai,Accent,2/27/2021,3/4/2021,5936190,Hoang Van Em,2
RENT_HCM_05504,28D-108.89,Hyundai,i10,7/6/2022,7/8/2022,1860750,Dang Thi Nam,0
RENT_HCM_05505,72G-969.58,Toyota,Vios,12/3/2025,12/10/2025,4529378,Tran Thi Linh,0
RENT_HCM_05506,33F-566.78,Toyota,Vios,11/18/2025,11/21/2025,3303003,Tran Thi Linh,3
RENT_HCM_05507,82E-939.56,Hyundai,Accent,1/18/2023,1/23/2023,5062015,Pham Thi Quyen,3
RENT_HCM_05508,66G-320.55,Kia,Soluto,10/28/2025,11/1/2025,4329408,Vu Van Oanh,3
RENT_HCM_05509,18C-484.21,Ford,Ranger,7/21/2024,7/23/2024,1837834,Dang Thi Nam,2
RENT_HCM_05510,74D-805.08,Hyundai,Accent,3/10/2024,3/15/2024,4189300,Pham Thi Phuc,1
RENT_HCM_05511,20K-624.55,Mazda,3,12/10/2025,12/11/2025,914239,Vu Van An,0
RENT_HCM_05512,60A-977.72,Hyundai,Grand i10,2/1/2021,2/3/2021,2192550,Pham Thi Quyen,1
RENT_HCM_05513,90F-168.01,Toyota,Vios,9/21/2021,9/26/2021,5639605,Do Thi Quyen,0
RENT_HCM_05514,69D-543.35,Honda,City,5/4/2025,5/9/2025,2639480,Bui Thi Phuc,3
RENT_HCM_05515,92F-931.00,Vinfast,Lux A2.0,10/27/2025,11/2/2025,3217086,Hoang Van Minh,2
RENT_HCM_05516,39B-248.98,Hyundai,Grand i10,1/14/2023,1/18/2023,4700896,Vu Van Khoa,0
RENT_HCM_05517,39K-469.95,Mazda,CX-5,1/5/2025,1/12/2025,3620197,Le Van Khoa,1
RENT_HCM_05518,96H-976.38,Hyundai,i10,2/2/2023,2/6/2023,4632916,Ngo Van Phuc,1
RENT_HCM_05519,23D-400.10,Kia,Morning,6/8/2022,6/11/2022,2303070,Ngo Van Dung,0
RENT_HCM_05520,27H-701.29,Toyota,Camry,6/13/2025,6/19/2025,5510664,Do Thi Em,0
RENT_HCM_05521,18A-563.17,Toyota,Innova,6/19/2026,6/22/2026,1388988,Bui Thi Binh,1
RENT_HCM_05522,26E-180.53,Hyundai,Accent,6/24/2021,6/30/2021,4959030,Le Van An,2
RENT_HCM_05523,86G-330.15,Toyota,Vios,4/6/2024,4/12/2024,6708708,Vu Van Em,1
RENT_HCM_05524,36E-560.60,Toyota,Vios,1/31/2022,2/5/2022,2424075,Bui Thi Phuc,0
RENT_HCM_05525,87C-525.97,Ford,Ranger,7/20/2023,7/23/2023,1731387,Tran Thi Linh,0
RENT_HCM_05526,39H-457.60,Hyundai,Grand i10,12/18/2024,12/23/2024,5759940,Tran Thi Nam,0
RENT_HCM_05527,39K-469.95,Mazda,CX-5,7/15/2022,7/21/2022,6199302,Bui Thi Phuc,1
RENT_HCM_05528,45C-524.00,Toyota,Camry,11/19/2022,11/25/2022,3429042,Bui Thi An,0
RENT_HCM_05529,66G-320.55,Kia,Soluto,8/5/2023,8/6/2023,1023006,Ngo Van Quyen,0
RENT_HCM_05530,83F-155.85,Vinfast,Fadil,8/11/2025,8/18/2025,5586546,Vu Van Giang,1
RENT_HCM_05531,37E-977.04,Mazda,3,2/26/2025,2/28/2025,1754262,Do Thi Minh,0
RENT_HCM_05532,91H-439.88,Mazda,CX-5,7/26/2021,7/27/2021,1080356,Tran Thi Phuc,2
RENT_HCM_05533,80G-716.32,Kia,Soluto,11/18/2022,11/21/2022,2413140,Ngo Van Phuc,1
RENT_HCM_05534,33C-941.96,Kia,Morning,9/8/2025,9/10/2025,1303620,Ngo Van Hoa,0
RENT_HCM_05535,15C-124.07,Toyota,Innova,8/11/2021,8/14/2021,3436251,Le Van An,0
RENT_HCM_05536,15A-216.83,Honda,City,2/3/2025,2/7/2025,3946556,Le Van An,0
RENT_HCM_05537,34H-793.09,Mazda,CX-5,11/12/2025,11/19/2025,2932979,Bui Thi Khoa,1
RENT_HCM_05538,20K-624.55,Mazda,3,5/9/2024,5/13/2024,2432620,Le Van Oanh,0
RENT_HCM_05539,95H-477.98,Kia,Seltos,7/31/2023,8/7/2023,2882810,Bui Thi Cuong,1
RENT_HCM_05540,40E-511.08,Honda,CR-V,3/25/2023,3/26/2023,801756,Hoang Van Phuc,0
RENT_HCM_05541,97D-214.30,Honda,CR-V,8/3/2026,8/7/2026,2537024,Nguyen Van Em,1
RENT_HCM_05542,41C-516.21,Hyundai,i10,5/23/2025,5/26/2025,3266523,Bui Thi Nam,0
RENT_HCM_05543,30E-325.25,Kia,Morning,12/16/2022,12/17/2022,1165734,Le Van Quyen,0
RENT_HCM_05544,14H-574.13,Kia,Morning,8/22/2024,8/27/2024,3817380,Pham Thi Minh,0
RENT_HCM_05545,19K-348.27,Hyundai,i10,12/27/2023,12/29/2023,957902,Do Thi Nam,1
RENT_HCM_05546,15F-595.30,Honda,City,12/26/2022,12/27/2022,1068514,Ngo Van Dung,2
RENT_HCM_05547,72K-707.72,Toyota,Camry,8/12/2026,8/14/2026,1755620,Tran Thi Dung,1
RENT_HCM_05548,38E-944.15,Mazda,3,2/8/2023,2/9/2023,1192605,Pham Thi Khoa,2
RENT_HCM_05549,39C-734.09,Ford,EcoSport,12/1/2021,12/3/2021,2319546,Pham Thi Nam,1
RENT_HCM_05550,45C-536.55,Ford,EcoSport,5/29/2025,6/4/2025,5036136,Le Van Hoa,0
RENT_HCM_05551,49F-678.30,Vinfast,Lux A2.0,2/27/2022,3/4/2022,4999085,Do Thi An,1
RENT_HCM_05552,77C-211.72,Kia,Seltos,6/30/2021,7/1/2021,650777,Hoang Van Cuong,0
RENT_HCM_05553,76B-763.75,Honda,City,8/9/2023,8/12/2023,3518388,Dang Thi Hoa,0
RENT_HCM_05554,30F-808.46,Toyota,Camry,3/29/2022,4/3/2022,2583710,Ngo Van Dung,2
RENT_HCM_05555,87B-430.99,Honda,City,7/3/2024,7/4/2024,726199,Hoang Van Phuc,1
RENT_HCM_05556,88K-102.81,Hyundai,Accent,10/12/2021,10/13/2021,785014,Hoang Van Phuc,2
RENT_HCM_05557,90D-598.73,Toyota,Innova,5/1/2023,5/6/2023,3163685,Le Van Hoa,0
RENT_HCM_05558,38G-497.95,Kia,Soluto,6/17/2025,6/21/2025,4736384,Nguyen Van Cuong,0
RENT_HCM_05559,94G-517.12,Mazda,CX-5,3/8/2022,3/13/2022,2352330,Nguyen Van Oanh,0
RENT_HCM_05560,23D-400.10,Kia,Morning,5/25/2023,5/27/2023,1972014,Do Thi Binh,0
RENT_HCM_05561,54G-335.06,Honda,CR-V,4/29/2026,4/30/2026,492720,Vu Van Phong,2
RENT_HCM_05562,49F-678.30,Vinfast,Lux A2.0,3/27/2024,4/2/2024,5003454,Le Van Nam,1
RENT_HCM_05563,63A-217.47,Hyundai,i10,9/5/2024,9/6/2024,1160088,Pham Thi Khoa,0
RENT_HCM_05564,70D-192.58,Kia,Morning,1/19/2026,1/22/2026,2256372,Nguyen Van Phuc,1
RENT_HCM_05565,49E-348.68,Kia,Soluto,12/25/2023,12/26/2023,642194,Ngo Van Khoa,3
RENT_HCM_05566,72K-221.19,Toyota,Innova,7/13/2022,7/20/2022,7377804,Do Thi Linh,1
RENT_HCM_05567,57C-660.60,Toyota,Vios,5/29/2025,5/30/2025,777496,Nguyen Van Phong,1
RENT_HCM_05568,31G-307.19,Honda,City,1/28/2026,1/31/2026,1934379,Le Van Khoa,2
RENT_HCM_05569,97D-214.30,Honda,CR-V,2/22/2023,2/24/2023,1046840,Tran Thi Phuc,2
RENT_HCM_05570,37F-841.13,Kia,Morning,6/16/2023,6/17/2023,546641,Bui Thi Quyen,1
RENT_HCM_05571,27G-984.07,Ford,Ranger,8/29/2024,9/3/2024,2162310,Vu Van Dung,2
RENT_HCM_05572,72H-414.63,Ford,Ranger,7/1/2022,7/5/2022,1957076,Bui Thi Quyen,0
RENT_HCM_05573,39H-896.77,Toyota,Vios,12/26/2021,12/31/2021,4096755,Tran Thi Em,0
RENT_HCM_05574,38G-497.95,Kia,Soluto,2/16/2023,2/22/2023,4763706,Dang Thi An,2
RENT_HCM_05575,93F-865.25,Mazda,3,4/15/2022,4/20/2022,4709035,Tran Thi Phong,0
RENT_HCM_05576,91H-439.88,Mazda,CX-5,5/5/2024,5/6/2024,1191187,Tran Thi Phong,2
RENT_HCM_05577,93D-583.18,Hyundai,Accent,2/26/2023,3/3/2023,2704165,Do Thi Em,1
RENT_HCM_05578,96D-497.47,Hyundai,i10,6/6/2022,6/7/2022,973620,Ngo Van Phong,0
RENT_HCM_05579,80H-858.85,Ford,Ranger,8/30/2026,9/1/2026,1468040,Hoang Van Minh,0
RENT_HCM_05580,91G-764.50,Toyota,Vios,4/6/2023,4/8/2023,2380674,Le Van Phong,0
RENT_HCM_05581,43K-499.70,Kia,Seltos,3/9/2022,3/11/2022,1487332,Ngo Van Linh,0
RENT_HCM_05582,82E-939.56,Hyundai,Accent,8/3/2022,8/6/2022,1978923,Vu Van Khoa,1
RENT_HCM_05583,55K-383.25,Mazda,3,2/7/2024,2/13/2024,2647398,Pham Thi Binh,0
RENT_HCM_05584,32F-733.46,Toyota,Vios,12/6/2021,12/11/2021,4102730,Hoang Van Khoa,0
RENT_HCM_05585,40A-169.95,Toyota,Vios,10/20/2021,10/27/2021,4174002,Hoang Van Linh,2
RENT_HCM_05586,95E-747.86,Mazda,CX-5,5/22/2026,5/27/2026,4668615,Tran Thi Oanh,1
RENT_HCM_05587,94E-578.12,Hyundai,i10,3/16/2021,3/18/2021,1705974,Tran Thi Giang,0
RENT_HCM_05588,30F-808.46,Toyota,Camry,4/4/2025,4/9/2025,5189135,Do Thi Phuc,1
RENT_HCM_05589,76B-763.75,Honda,City,11/2/2024,11/9/2024,4733890,Dang Thi An,1
RENT_HCM_05590,13E-299.60,Honda,CR-V,8/5/2022,8/12/2022,3736971,Ngo Van Em,1
RENT_HCM_05591,12B-182.67,Toyota,Vios,5/20/2023,5/22/2023,1043196,Hoang Van Minh,0
RENT_HCM_05592,53E-229.68,Vinfast,Fadil,7/22/2022,7/24/2022,2203330,Pham Thi Nam,0
RENT_HCM_05593,40G-744.81,Honda,City,10/20/2022,10/22/2022,1284526,Hoang Van Phuc,0
RENT_HCM_05594,90D-598.73,Toyota,Innova,11/11/2024,11/12/2024,517598,Do Thi Linh,1
RENT_HCM_05595,40B-456.25,Hyundai,i10,1/20/2024,1/24/2024,2380260,Pham Thi Dung,1
RENT_HCM_05596,94G-517.12,Mazda,CX-5,3/4/2022,3/8/2022,3599184,Ngo Van Giang,2
RENT_HCM_05597,94D-176.27,Ford,Ranger,3/25/2023,4/1/2023,7536312,Dang Thi Linh,2
RENT_HCM_05598,71C-946.67,Ford,EcoSport,2/25/2021,3/2/2021,3010815,Ngo Van Oanh,1
RENT_HCM_05599,72K-221.19,Toyota,Innova,9/29/2022,10/6/2022,8379700,Bui Thi Dung,1
RENT_HCM_05600,16B-618.82,Hyundai,Grand i10,5/21/2024,5/26/2024,4732235,Hoang Van Dung,0
RENT_HCM_05601,36E-560.60,Toyota,Vios,4/18/2021,4/20/2021,2315924,Hoang Van Minh,0
RENT_HCM_05602,49F-678.30,Vinfast,Lux A2.0,8/27/2021,8/28/2021,860082,Ngo Van Khoa,0
RENT_HCM_05603,43G-993.34,Kia,Soluto,11/2/2024,11/5/2024,2419242,Nguyen Van An,0
RENT_HCM_05604,96H-976.38,Hyundai,i10,9/6/2021,9/8/2021,2215740,Nguyen Van Giang,0
RENT_HCM_05605,77C-680.84,Honda,City,8/22/2024,8/25/2024,2184630,Vu Van Binh,2
RENT_HCM_05606,12E-196.98,Ford,EcoSport,7/23/2023,7/24/2023,684710,Pham Thi Hoa,3
RENT_HCM_05607,36D-337.43,Vinfast,Lux A2.0,8/21/2024,8/27/2024,2976306,Le Van Quyen,0
RENT_HCM_05608,38G-497.95,Kia,Soluto,6/26/2024,6/27/2024,950242,Nguyen Van Giang,0
RENT_HCM_05609,27G-984.07,Ford,Ranger,1/30/2021,2/2/2021,3170232,Bui Thi Binh,2
RENT_HCM_05610,73A-575.16,Ford,Ranger,3/26/2023,3/27/2023,900613,Tran Thi Hoa,1
RENT_HCM_05611,25A-321.29,Toyota,Innova,7/30/2021,8/4/2021,2028120,Ngo Van Hoa,2
RENT_HCM_05612,12G-744.89,Mazda,CX-5,2/25/2022,3/3/2022,4865244,Ngo Van Binh,2
RENT_HCM_05613,69D-543.35,Honda,City,5/14/2024,5/17/2024,3388971,Pham Thi Quyen,0
RENT_HCM_05614,77C-211.72,Kia,Seltos,4/18/2026,4/22/2026,2160988,Le Van Oanh,1
RENT_HCM_05615,21A-335.92,Vinfast,Fadil,9/25/2024,10/2/2024,7842408,Le Van Minh,0
RENT_HCM_05616,62B-172.41,Kia,Soluto,5/17/2025,5/19/2025,1967912,Bui Thi Phuc,0
RENT_HCM_05617,24A-237.02,Hyundai,Accent,9/12/2026,9/14/2026,2022722,Hoang Van Em,1
RENT_HCM_05618,50G-118.24,Honda,CR-V,4/10/2026,4/15/2026,4438420,Nguyen Van Oanh,1
RENT_HCM_05619,82K-625.14,Honda,City,10/18/2021,10/22/2021,4477908,Tran Thi Giang,2
RENT_HCM_05620,23G-543.44,Hyundai,i10,5/5/2026,5/8/2026,2748639,Do Thi Binh,0
RENT_HCM_05621,52B-953.14,Kia,Soluto,2/19/2025,2/22/2025,2332509,Hoang Van Nam,1
RENT_HCM_05622,18A-563.17,Toyota,Innova,8/5/2023,8/10/2023,3407680,Hoang Van Phong,0
RENT_HCM_05623,57C-660.60,Toyota,Vios,6/25/2024,6/26/2024,576818,Tran Thi Quyen,0
RENT_HCM_05624,16B-618.82,Hyundai,Grand i10,8/24/2023,8/25/2023,856254,Ngo Van Dung,1
RENT_HCM_05625,12E-196.98,Ford,EcoSport,12/4/2025,12/5/2025,580929,Nguyen Van Khoa,1
RENT_HCM_05626,38C-142.53,Hyundai,i10,9/18/2022,9/22/2022,4606160,Nguyen Van Phuc,0
RENT_HCM_05627,66E-447.50,Mazda,CX-5,5/31/2024,6/4/2024,3341696,Ngo Van Dung,0
RENT_HCM_05628,30F-808.46,Toyota,Camry,4/15/2024,4/22/2024,4925858,Ngo Van Cuong,0
RENT_HCM_05629,96H-976.38,Hyundai,i10,7/18/2026,7/20/2026,1785540,Bui Thi Phong,0
RENT_HCM_05630,96D-497.47,Hyundai,i10,7/24/2022,7/26/2022,1740422,Tran Thi An,1
RENT_HCM_05631,53E-229.68,Vinfast,Fadil,1/30/2025,2/2/2025,1812636,Do Thi Nam,1
RENT_HCM_05632,91H-439.88,Mazda,CX-5,12/4/2022,12/9/2022,4656085,Ngo Van Giang,0
RENT_HCM_05633,14C-459.98,Ford,EcoSport,6/6/2026,6/13/2026,6882995,Tran Thi Giang,0
RENT_HCM_05634,27G-984.07,Ford,Ranger,3/30/2023,4/3/2023,3963096,Do Thi Giang,0
RENT_HCM_05635,24E-955.46,Toyota,Vios,5/30/2025,6/6/2025,6520801,Bui Thi An,0
RENT_HCM_05636,25B-454.15,Toyota,Innova,10/6/2022,10/12/2022,6488676,Le Van Nam,0
RENT_HCM_05637,33B-472.24,Kia,Seltos,1/29/2026,2/5/2026,6797007,Vu Van Giang,1
RENT_HCM_05638,51G-626.30,Vinfast,Lux A2.0,11/1/2021,11/6/2021,5591390,Do Thi An,0
RENT_HCM_05639,95E-747.86,Mazda,CX-5,9/11/2023,9/16/2023,5740970,Do Thi Oanh,0
RENT_HCM_05640,50G-877.98,Hyundai,i10,10/8/2025,10/15/2025,6380941,Hoang Van Linh,2
RENT_HCM_05641,14G-415.24,Hyundai,i10,3/17/2026,3/24/2026,2903334,Do Thi Quyen,1
RENT_HCM_05642,50D-378.78,Vinfast,Lux A2.0,1/7/2022,1/10/2022,3538962,Pham Thi Linh,1
RENT_HCM_05643,40E-606.38,Vinfast,Lux A2.0,12/21/2023,12/27/2023,4936092,Vu Van Cuong,1
RENT_HCM_05644,94G-517.12,Mazda,CX-5,10/21/2023,10/22/2023,423177,Pham Thi Dung,0
RENT_HCM_05645,11G-731.54,Honda,City,5/31/2023,6/1/2023,415745,Bui Thi Quyen,0
RENT_HCM_05646,69D-543.35,Honda,City,8/26/2023,8/27/2023,1008973,Dang Thi Nam,1
RENT_HCM_05647,90D-598.73,Toyota,Innova,11/21/2024,11/23/2024,1222154,Tran Thi Linh,0
RENT_HCM_05648,21K-767.03,Hyundai,i10,10/12/2025,10/19/2025,6340810,Le Van Nam,0
RENT_HCM_05649,20K-624.55,Mazda,3,7/26/2025,7/31/2025,5719790,Ngo Van Cuong,1
RENT_HCM_05650,38C-383.91,Ford,Ranger,2/17/2022,2/19/2022,926176,Dang Thi Quyen,1
RENT_HCM_05651,46C-855.60,Vinfast,Fadil,1/24/2024,1/28/2024,2845364,Le Van Phuc,0
RENT_HCM_05652,47D-840.33,Kia,Morning,6/11/2025,6/17/2025,3132390,Ngo Van Em,3
RENT_HCM_05653,14B-920.02,Toyota,Vios,1/17/2025,1/19/2025,1407382,Pham Thi Khoa,0
RENT_HCM_05654,39H-457.60,Hyundai,Grand i10,11/4/2025,11/9/2025,2514420,Dang Thi Cuong,0
RENT_HCM_05655,87B-650.29,Toyota,Camry,8/11/2025,8/13/2025,1297402,Tran Thi Minh,1
RENT_HCM_05656,14H-574.13,Kia,Morning,9/24/2022,9/27/2022,2862030,Do Thi Dung,1
RENT_HCM_05657,77C-211.72,Kia,Seltos,7/27/2023,8/2/2023,2831382,Bui Thi Nam,3
RENT_HCM_05658,77C-680.84,Honda,City,4/4/2021,4/11/2021,3740051,Le Van Cuong,0
RENT_HCM_05659,77B-234.63,Mazda,3,1/29/2021,2/4/2021,3629382,Ngo Van Giang,1
RENT_HCM_05660,82K-625.14,Honda,City,7/26/2023,7/31/2023,4855605,Vu Van Cuong,3
RENT_HCM_05661,32K-304.31,Kia,Morning,5/6/2021,5/11/2021,3912075,Dang Thi Phong,0
RENT_HCM_05662,23D-400.10,Kia,Morning,3/7/2021,3/11/2021,2191916,Nguyen Van Hoa,1
RENT_HCM_05663,20K-624.55,Mazda,3,6/17/2023,6/23/2023,6894792,Nguyen Van Minh,3
RENT_HCM_05664,13C-595.73,Vinfast,Lux A2.0,5/5/2026,5/12/2026,6978559,Dang Thi Quyen,0
RENT_HCM_05665,42D-602.47,Honda,City,9/11/2026,9/15/2026,3812260,Ngo Van Giang,0
RENT_HCM_05666,48B-706.17,Toyota,Camry,3/9/2025,3/13/2025,3187364,Le Van Linh,1
RENT_HCM_05667,16B-618.82,Hyundai,Grand i10,3/15/2024,3/18/2024,1432662,Ngo Van Cuong,0
RENT_HCM_05668,81A-639.94,Honda,City,8/12/2026,8/19/2026,4126080,Pham Thi Khoa,0
RENT_HCM_05669,25D-448.59,Vinfast,Lux A2.0,11/27/2022,11/29/2022,1239362,Pham Thi Binh,0
RENT_HCM_05670,72K-221.19,Toyota,Innova,1/12/2021,1/16/2021,3349660,Hoang Van Nam,0
RENT_HCM_05671,22E-888.71,Honda,CR-V,6/18/2021,6/23/2021,5870565,Bui Thi Minh,1
RENT_HCM_05672,16K-690.45,Vinfast,Lux A2.0,5/3/2026,5/4/2026,738722,Tran Thi Linh,0
RENT_HCM_05673,84G-796.42,Kia,Morning,11/9/2021,11/16/2021,7762482,Tran Thi Phong,1
RENT_HCM_05674,78B-364.49,Toyota,Camry,6/14/2021,6/20/2021,6299940,Pham Thi Phuc,0
RENT_HCM_05675,12G-744.89,Mazda,CX-5,12/2/2022,12/5/2022,1789731,Bui Thi Dung,1
RENT_HCM_05676,55K-383.25,Mazda,3,3/6/2024,3/8/2024,1074972,Dang Thi An,0
RENT_HCM_05677,72K-707.72,Toyota,Camry,12/6/2021,12/12/2021,6525234,Tran Thi Binh,0
RENT_HCM_05678,62B-172.41,Kia,Soluto,4/6/2025,4/7/2025,951135,Le Van Phuc,1
RENT_HCM_05679,45F-232.07,Vinfast,Lux A2.0,7/17/2022,7/23/2022,4319508,Hoang Van Binh,0
RENT_HCM_05680,62H-628.28,Toyota,Camry,2/7/2026,2/13/2026,4727388,Pham Thi Dung,1
RENT_HCM_05681,66F-164.86,Kia,Soluto,5/5/2021,5/10/2021,5366615,Bui Thi Minh,0
RENT_HCM_05682,97D-214.30,Honda,CR-V,1/19/2022,1/22/2022,2456922,Tran Thi Quyen,0
RENT_HCM_05683,39H-896.77,Toyota,Vios,12/20/2021,12/24/2021,3253016,Hoang Van An,0
RENT_HCM_05684,27H-701.29,Toyota,Camry,5/3/2023,5/6/2023,1775772,Pham Thi Quyen,1
RENT_HCM_05685,89C-852.67,Vinfast,Fadil,2/8/2022,2/10/2022,1445024,Pham Thi Nam,0
RENT_HCM_05686,55B-647.43,Mazda,3,8/9/2021,8/14/2021,3472870,Pham Thi An,0
RENT_HCM_05687,66E-447.50,Mazda,CX-5,2/13/2021,2/18/2021,5529100,Tran Thi Binh,0
RENT_HCM_05688,39H-562.25,Ford,EcoSport,4/8/2026,4/15/2026,4373663,Bui Thi Nam,0
RENT_HCM_05689,16K-690.45,Vinfast,Lux A2.0,2/26/2026,3/3/2026,3681705,Hoang Van Phuc,2
RENT_HCM_05690,34K-392.12,Kia,Morning,9/6/2024,9/10/2024,2706832,Le Van Em,1
RENT_HCM_05691,90A-463.29,Hyundai,i10,5/11/2024,5/13/2024,1584502,Tran Thi Dung,0
RENT_HCM_05692,38E-944.15,Mazda,3,8/5/2023,8/11/2023,7102560,Le Van Nam,1
RENT_HCM_05693,28B-378.39,Toyota,Innova,6/22/2023,6/29/2023,7865956,Do Thi Linh,0
RENT_HCM_05694,66E-447.50,Mazda,CX-5,2/27/2026,3/3/2026,3824412,Tran Thi Oanh,0
RENT_HCM_05695,85H-903.18,Kia,Morning,12/3/2021,12/7/2021,3026264,Hoang Van Em,0
RENT_HCM_05696,95E-747.86,Mazda,CX-5,9/24/2025,9/26/2025,2028502,Hoang Van Linh,2
RENT_HCM_05697,38E-944.15,Mazda,3,11/2/2021,11/9/2021,3212433,Pham Thi Khoa,0
RENT_HCM_05698,92D-335.06,Toyota,Camry,5/2/2025,5/5/2025,2084232,Tran Thi Minh,1
RENT_HCM_05699,16K-690.45,Vinfast,Lux A2.0,4/15/2022,4/22/2022,5068126,Bui Thi Oanh,1
RENT_HCM_05700,39H-896.77,Toyota,Vios,7/1/2023,7/5/2023,2588228,Do Thi Phuc,1
RENT_HCM_05701,94G-517.12,Mazda,CX-5,2/23/2021,2/27/2021,2218748,Le Van Hoa,1
RENT_HCM_05702,96H-976.38,Hyundai,i10,7/28/2023,7/30/2023,1234636,Hoang Van Phuc,1
RENT_HCM_05703,90A-463.29,Hyundai,i10,12/1/2024,12/5/2024,2677760,Do Thi Nam,2
RENT_HCM_05704,40E-606.38,Vinfast,Lux A2.0,5/14/2026,5/16/2026,1020682,Hoang Van Binh,1
RENT_HCM_05705,23C-148.49,Hyundai,i10,7/19/2025,7/24/2025,4516620,Bui Thi An,1
RENT_HCM_05706,39A-767.06,Honda,CR-V,8/6/2024,8/12/2024,3331416,Ngo Van Cuong,0
RENT_HCM_05707,41C-516.21,Hyundai,i10,3/23/2025,3/30/2025,8123003,Dang Thi Hoa,0
RENT_HCM_05708,27G-984.07,Ford,Ranger,6/10/2026,6/16/2026,3404622,Tran Thi Binh,1
RENT_HCM_05709,48B-706.17,Toyota,Camry,4/14/2025,4/19/2025,5915505,Vu Van Dung,0
RENT_HCM_05710,78C-146.78,Ford,Ranger,2/16/2025,2/18/2025,1461834,Dang Thi Phuc,0
RENT_HCM_05711,67C-665.78,Hyundai,i10,5/1/2025,5/2/2025,830962,Tran Thi Em,1
RENT_HCM_05712,90D-598.73,Toyota,Innova,2/1/2021,2/5/2021,2373300,Pham Thi Cuong,0
RENT_HCM_05713,74D-805.08,Hyundai,Accent,8/11/2026,8/18/2026,5298594,Hoang Van Hoa,1
RENT_HCM_05714,34K-392.12,Kia,Morning,12/6/2023,12/7/2023,701194,Bui Thi Hoa,0
RENT_HCM_05715,39H-896.77,Toyota,Vios,8/3/2026,8/7/2026,2925812,Bui Thi Oanh,0
RENT_HCM_05716,85H-903.18,Kia,Morning,11/27/2022,12/4/2022,6590864,Hoang Van Nam,2
RENT_HCM_05717,30F-808.46,Toyota,Camry,1/29/2023,2/2/2023,3897988,Nguyen Van Nam,1
RENT_HCM_05718,75C-107.61,Vinfast,Fadil,3/28/2021,3/31/2021,2797152,Bui Thi Cuong,1
RENT_HCM_05719,45D-330.83,Mazda,CX-5,7/31/2024,8/5/2024,5496155,Pham Thi Quyen,0
RENT_HCM_05720,24A-243.28,Hyundai,Grand i10,8/28/2025,8/30/2025,1902854,Nguyen Van Phong,1
RENT_HCM_05721,36E-560.60,Toyota,Vios,11/26/2024,12/3/2024,4367097,Nguyen Van Hoa,1
RENT_HCM_05722,43G-780.01,Kia,Morning,8/14/2021,8/20/2021,4796154,Tran Thi Binh,1
RENT_HCM_05723,11G-399.40,Kia,Morning,10/3/2021,10/6/2021,2188140,Hoang Van Binh,0
RENT_HCM_05724,68D-390.90,Kia,Morning,6/15/2022,6/18/2022,2241060,Tran Thi Binh,0
RENT_HCM_05725,68C-733.66,Hyundai,Accent,9/14/2024,9/15/2024,932741,Do Thi Minh,0
RENT_HCM_05726,64K-177.33,Vinfast,Lux A2.0,7/11/2023,7/15/2023,2744736,Bui Thi Dung,1
RENT_HCM_05727,85E-378.37,Ford,Ranger,3/18/2026,3/22/2026,1669404,Do Thi Cuong,1
RENT_HCM_05728,33C-941.96,Kia,Morning,2/21/2026,2/26/2026,5567595,Nguyen Van Minh,0
RENT_HCM_05729,90B-179.51,Vinfast,Fadil,1/28/2022,2/2/2022,4914510,Hoang Van Cuong,2
RENT_HCM_05730,95C-492.50,Toyota,Innova,8/30/2025,9/4/2025,4218305,Pham Thi Phuc,1
RENT_HCM_05731,89C-852.67,Vinfast,Fadil,10/4/2022,10/7/2022,3078267,Le Van Linh,0
RENT_HCM_05732,81H-361.56,Vinfast,Lux A2.0,12/3/2021,12/10/2021,3620400,Hoang Van Nam,0
RENT_HCM_05733,49D-328.28,Kia,Morning,12/21/2021,12/28/2021,3796646,Nguyen Van Giang,1
RENT_HCM_05734,93D-583.18,Hyundai,Accent,8/28/2021,8/29/2021,737013,Nguyen Van An,0
RENT_HCM_05735,30K-166.87,Hyundai,Accent,1/17/2022,1/22/2022,2540025,Dang Thi Phong,1
RENT_HCM_05736,22K-526.15,Hyundai,Accent,4/29/2021,5/1/2021,1733548,Vu Van Linh,2
RENT_HCM_05737,35G-898.00,Vinfast,Fadil,1/20/2025,1/22/2025,2338780,Nguyen Van Cuong,0
RENT_HCM_05738,36D-337.43,Vinfast,Lux A2.0,1/18/2025,1/23/2025,5212430,Bui Thi Nam,0
RENT_HCM_05739,28D-108.89,Hyundai,i10,4/30/2024,5/6/2024,3719694,Nguyen Van Binh,0
RENT_HCM_05740,21K-767.03,Hyundai,i10,8/8/2023,8/15/2023,3538570,Do Thi Quyen,1
RENT_HCM_05741,30E-325.25,Kia,Morning,5/4/2022,5/6/2022,1458680,Le Van Hoa,1
RENT_HCM_05742,99E-453.66,Kia,Soluto,6/25/2026,7/2/2026,7485828,Tran Thi Nam,0
RENT_HCM_05743,37E-977.04,Mazda,3,4/5/2026,4/9/2026,2302108,Hoang Van Phong,0
RENT_HCM_05744,95E-747.86,Mazda,CX-5,5/4/2025,5/11/2025,5592888,Bui Thi Oanh,0
RENT_HCM_05745,21A-335.92,Vinfast,Fadil,8/25/2026,8/30/2026,3290655,Ngo Van Nam,1
RENT_HCM_05746,45F-232.07,Vinfast,Lux A2.0,10/5/2023,10/8/2023,3514380,Dang Thi Quyen,0
RENT_HCM_05747,77F-485.44,Hyundai,i10,11/21/2021,11/28/2021,4014640,Vu Van An,2
RENT_HCM_05748,90A-485.48,Mazda,CX-5,1/4/2021,1/5/2021,726053,Hoang Van Phuc,0
RENT_HCM_05749,59C-409.49,Honda,CR-V,4/18/2025,4/20/2025,1945466,Tran Thi Phong,1
RENT_HCM_05750,35C-671.07,Hyundai,i10,4/17/2026,4/20/2026,1937481,Dang Thi Phong,2
RENT_HCM_05751,77C-680.84,Honda,City,8/21/2023,8/23/2023,1343864,Pham Thi Binh,0
RENT_HCM_05752,91A-212.00,Hyundai,Grand i10,6/3/2022,6/5/2022,1099984,Pham Thi Minh,0
RENT_HCM_05753,86E-413.23,Toyota,Vios,5/12/2023,5/15/2023,2694882,Ngo Van Phong,3
RENT_HCM_05754,68K-951.28,Hyundai,i10,7/19/2023,7/21/2023,1729352,Hoang Van Binh,0
RENT_HCM_05755,96B-415.49,Mazda,3,5/17/2025,5/18/2025,592530,Bui Thi Giang,0
RENT_HCM_05756,33B-472.24,Kia,Seltos,11/4/2023,11/9/2023,2548910,Le Van Linh,1
RENT_HCM_05757,50G-877.98,Hyundai,i10,9/4/2024,9/8/2024,4432696,Tran Thi Quyen,1
RENT_HCM_05758,39H-457.60,Hyundai,Grand i10,5/11/2026,5/12/2026,888445,Le Van Oanh,0
RENT_HCM_05759,97D-214.30,Honda,CR-V,5/16/2021,5/21/2021,3364555,Vu Van Khoa,2
RENT_HCM_05760,32F-733.46,Toyota,Vios,10/27/2021,11/1/2021,4857065,Hoang Van Hoa,0
RENT_HCM_05761,24A-237.02,Hyundai,Accent,12/9/2025,12/16/2025,7799120,Bui Thi Nam,0
RENT_HCM_05762,83B-797.49,Mazda,3,10/9/2023,10/13/2023,2393948,Le Van Cuong,2
RENT_HCM_05763,30K-166.87,Hyundai,Accent,10/25/2023,10/31/2023,2808816,Tran Thi Em,0
RENT_HCM_05764,86C-265.81,Ford,Ranger,1/21/2022,1/26/2022,3289510,Hoang Van Giang,0
RENT_HCM_05765,39H-457.60,Hyundai,Grand i10,5/29/2026,5/30/2026,549339,Tran Thi Giang,0
RENT_HCM_05766,36K-772.94,Ford,EcoSport,4/28/2022,4/29/2022,461747,Ngo Van Minh,0
RENT_HCM_05767,81A-639.94,Honda,City,11/12/2021,11/14/2021,2389890,Bui Thi Binh,0
RENT_HCM_05768,28B-288.64,Hyundai,Accent,9/30/2022,10/1/2022,746835,Dang Thi Dung,0
RENT_HCM_05769,77C-680.84,Honda,City,7/7/2022,7/9/2022,1325528,Nguyen Van Phuc,2
RENT_HCM_05770,24E-955.46,Toyota,Vios,8/16/2026,8/21/2026,4824920,Ngo Van Phuc,1
RENT_HCM_05771,59B-706.42,Toyota,Vios,9/28/2022,10/4/2022,6993876,Do Thi Quyen,2
RENT_HCM_05772,22K-526.15,Hyundai,Accent,3/26/2022,4/2/2022,8288259,Do Thi Giang,1
RENT_HCM_05773,12B-182.67,Toyota,Vios,6/16/2021,6/19/2021,2613987,Tran Thi Dung,0
RENT_HCM_05774,27H-701.29,Toyota,Camry,2/27/2023,2/28/2023,805407,Dang Thi Minh,0
RENT_HCM_05775,76K-194.55,Toyota,Innova,3/21/2022,3/27/2022,6095718,Hoang Van Minh,0
RENT_HCM_05776,53E-229.68,Vinfast,Fadil,1/19/2025,1/20/2025,1168244,Bui Thi Minh,1
RENT_HCM_05777,18C-484.21,Ford,Ranger,9/2/2021,9/4/2021,806578,Do Thi Binh,1
RENT_HCM_05778,16B-618.82,Hyundai,Grand i10,11/21/2023,11/28/2023,7626444,Nguyen Van Minh,2
RENT_HCM_05779,51G-626.30,Vinfast,Lux A2.0,7/27/2023,8/3/2023,5933753,Tran Thi Hoa,2
RENT_HCM_05780,62B-172.41,Kia,Soluto,4/7/2026,4/12/2026,3001640,Dang Thi Hoa,0
RENT_HCM_05781,40E-606.38,Vinfast,Lux A2.0,5/13/2025,5/20/2025,3627694,Le Van Khoa,1
RENT_HCM_05782,40A-169.95,Toyota,Vios,8/19/2026,8/23/2026,3768928,Ngo Van Giang,1
RENT_HCM_05783,22G-155.46,Hyundai,i10,2/12/2022,2/13/2022,572750,Do Thi Em,0
RENT_HCM_05784,40A-169.95,Toyota,Vios,2/11/2025,2/18/2025,5317221,Ngo Van Quyen,0
RENT_HCM_05785,39H-457.60,Hyundai,Grand i10,11/21/2023,11/25/2023,3601596,Pham Thi Oanh,0
RENT_HCM_05786,18C-484.21,Ford,Ranger,8/17/2025,8/18/2025,984980,Tran Thi Khoa,1
RENT_HCM_05787,18A-563.17,Toyota,Innova,11/4/2025,11/11/2025,5060286,Vu Van An,0
RENT_HCM_05788,23C-148.49,Hyundai,i10,1/8/2022,1/13/2022,4385960,Ngo Van Quyen,0
RENT_HCM_05789,89G-388.88,Hyundai,Accent,1/29/2025,2/1/2025,1883751,Nguyen Van Oanh,2
RENT_HCM_05790,32D-394.35,Toyota,Vios,8/11/2023,8/16/2023,4312100,Bui Thi Dung,1
RENT_HCM_05791,35G-898.00,Vinfast,Fadil,6/9/2026,6/16/2026,3694152,Vu Van Binh,2
RENT_HCM_05792,30E-325.25,Kia,Morning,4/21/2023,4/27/2023,2825964,Le Van Minh,0
RENT_HCM_05793,37B-826.15,Kia,Soluto,6/25/2021,6/30/2021,4071510,Ngo Van Giang,1
RENT_HCM_05794,27G-984.07,Ford,Ranger,2/20/2021,2/26/2021,5782380,Pham Thi Phuc,0
RENT_HCM_05795,65B-452.82,Toyota,Innova,3/29/2021,3/30/2021,490614,Vu Van An,1
RENT_HCM_05796,37K-262.20,Mazda,3,2/5/2025,2/9/2025,2625908,Bui Thi Oanh,1
RENT_HCM_05797,66G-320.55,Kia,Soluto,3/1/2025,3/4/2025,3066981,Pham Thi Giang,1
RENT_HCM_05798,80G-716.32,Kia,Soluto,8/12/2023,8/17/2023,3852400,Ngo Van Em,0
RENT_HCM_05799,34H-793.09,Mazda,CX-5,9/26/2021,9/27/2021,946666,Pham Thi Cuong,0
RENT_HCM_05800,38E-944.15,Mazda,3,12/28/2021,1/1/2022,3898052,Do Thi Phuc,0
RENT_HCM_05801,90B-179.51,Vinfast,Fadil,11/7/2024,11/12/2024,4972245,Nguyen Van Em,0
RENT_HCM_05802,86E-413.23,Toyota,Vios,3/20/2024,3/22/2024,2093606,Hoang Van Em,2
RENT_HCM_05803,95H-477.98,Kia,Seltos,7/25/2025,7/31/2025,4354506,Vu Van Quyen,0
RENT_HCM_05804,55K-383.25,Mazda,3,12/2/2024,12/5/2024,1934574,Dang Thi Linh,1
RENT_HCM_05805,39A-767.06,Honda,CR-V,10/3/2023,10/8/2023,2226215,Hoang Van An,2
RENT_HCM_05806,14G-415.24,Hyundai,i10,7/7/2025,7/13/2025,4825980,Le Van Nam,1
RENT_HCM_05807,88K-102.81,Hyundai,Accent,3/15/2021,3/20/2021,4049330,Tran Thi Dung,0
RENT_HCM_05808,46C-855.60,Vinfast,Fadil,6/20/2026,6/26/2026,6633546,Do Thi Dung,2
RENT_HCM_05809,45C-524.00,Toyota,Camry,11/10/2021,11/14/2021,3259564,Pham Thi Phuc,1
RENT_HCM_05810,19K-348.27,Hyundai,i10,3/11/2022,3/15/2022,2930956,Nguyen Van Phuc,1
RENT_HCM_05811,46C-855.60,Vinfast,Fadil,3/7/2026,3/9/2026,1344022,Le Van An,1
RENT_HCM_05812,22E-897.25,Mazda,CX-5,11/3/2024,11/5/2024,965032,Dang Thi Cuong,0
RENT_HCM_05813,91H-439.88,Mazda,CX-5,2/11/2026,2/14/2026,2203962,Do Thi An,0
RENT_HCM_05814,18C-484.21,Ford,Ranger,8/1/2023,8/6/2023,5262755,Pham Thi Nam,3
RENT_HCM_05815,11C-738.22,Vinfast,Fadil,10/23/2022,10/30/2022,5461141,Ngo Van Hoa,0
RENT_HCM_05816,40B-456.25,Hyundai,i10,7/22/2022,7/25/2022,1765221,Dang Thi Giang,0
RENT_HCM_05817,82K-162.58,Mazda,CX-5,4/22/2026,4/28/2026,5021820,Hoang Van Khoa,1
RENT_HCM_05818,48B-706.17,Toyota,Camry,2/15/2021,2/20/2021,2561325,Bui Thi Hoa,0
RENT_HCM_05819,21G-202.34,Honda,City,6/15/2025,6/17/2025,2026054,Hoang Van Quyen,0
RENT_HCM_05820,47E-150.60,Kia,Seltos,2/8/2026,2/11/2026,2970663,Do Thi Dung,2
RENT_HCM_05821,95C-492.50,Toyota,Innova,1/15/2024,1/20/2024,3575575,Ngo Van Khoa,0
RENT_HCM_05822,80K-657.71,Toyota,Innova,12/16/2025,12/22/2025,6163938,Ngo Van Linh,3
RENT_HCM_05823,28D-108.89,Hyundai,i10,1/23/2024,1/27/2024,3626260,Pham Thi An,0
RENT_HCM_05824,12B-182.67,Toyota,Vios,7/29/2022,7/31/2022,1685994,Vu Van Hoa,1
RENT_HCM_05825,11C-738.22,Vinfast,Fadil,7/16/2024,7/18/2024,1418548,Pham Thi An,0
RENT_HCM_05826,83F-155.85,Vinfast,Fadil,10/20/2022,10/27/2022,7470470,Tran Thi Phuc,0
RENT_HCM_05827,68C-733.66,Hyundai,Accent,8/26/2021,9/1/2021,4169346,Hoang Van Cuong,0
RENT_HCM_05828,14C-459.98,Ford,EcoSport,2/3/2024,2/8/2024,5122570,Hoang Van Em,0
RENT_HCM_05829,12B-182.67,Toyota,Vios,7/6/2026,7/7/2026,875044,Ngo Van Nam,0
RENT_HCM_05830,14G-415.24,Hyundai,i10,9/8/2023,9/9/2023,1091956,Do Thi Giang,0
RENT_HCM_05831,78C-146.78,Ford,Ranger,12/15/2021,12/20/2021,3161030,Pham Thi Binh,1
RENT_HCM_05832,21G-202.34,Honda,City,8/3/2023,8/5/2023,2128510,Vu Van Oanh,1
RENT_HCM_05833,72H-414.63,Ford,Ranger,12/20/2025,12/23/2025,3030924,Le Van Dung,3
RENT_HCM_05834,49E-348.68,Kia,Soluto,7/30/2022,8/1/2022,2043902,Hoang Van Minh,0
RENT_HCM_05835,59B-706.42,Toyota,Vios,3/20/2026,3/26/2026,4961130,Hoang Van Em,0
RENT_HCM_05836,99C-732.83,Ford,EcoSport,7/16/2024,7/23/2024,4049829,Do Thi Cuong,1
RENT_HCM_05837,46E-807.16,Honda,City,3/9/2023,3/16/2023,4256217,Tran Thi Giang,1
RENT_HCM_05838,91H-439.88,Mazda,CX-5,9/12/2021,9/13/2021,991812,Nguyen Van Linh,0
RENT_HCM_05839,66F-164.86,Kia,Soluto,2/16/2021,2/19/2021,3402468,Tran Thi Minh,1
RENT_HCM_05840,74D-805.08,Hyundai,Accent,7/5/2022,7/11/2022,3605322,Vu Van Phong,0
RENT_HCM_05841,15C-124.07,Toyota,Innova,7/13/2022,7/18/2022,2989240,Bui Thi Khoa,1
RENT_HCM_05842,42D-602.47,Honda,City,6/24/2025,6/30/2025,2765796,Tran Thi An,1
RENT_HCM_05843,86G-330.15,Toyota,Vios,5/2/2022,5/9/2022,6085219,Do Thi Linh,1
RENT_HCM_05844,59A-901.69,Kia,Soluto,10/26/2025,11/1/2025,6576018,Bui Thi Linh,1
RENT_HCM_05845,87C-525.97,Ford,Ranger,11/14/2021,11/18/2021,3108208,Le Van Phong,0
RENT_HCM_05846,40E-511.08,Honda,CR-V,2/16/2024,2/19/2024,2704755,Le Van Em,2
RENT_HCM_05847,16B-618.82,Hyundai,Grand i10,6/16/2026,6/21/2026,2742950,Hoang Van Minh,0
RENT_HCM_05848,40E-511.08,Honda,CR-V,5/9/2023,5/12/2023,3445326,Hoang Van Oanh,2
RENT_HCM_05849,39A-767.06,Honda,CR-V,6/5/2022,6/12/2022,8201697,Tran Thi Em,0
RENT_HCM_05850,66F-164.86,Kia,Soluto,4/6/2021,4/7/2021,533028,Dang Thi Phong,0
RENT_HCM_05851,93A-482.11,Toyota,Camry,4/13/2021,4/16/2021,1512027,Hoang Van Phong,3
RENT_HCM_05852,60A-977.72,Hyundai,Grand i10,4/12/2023,4/15/2023,2771415,Tran Thi Binh,0
RENT_HCM_05853,87K-428.26,Honda,CR-V,1/1/2023,1/7/2023,3370698,Tran Thi Em,0
RENT_HCM_05854,11G-731.54,Honda,City,12/30/2021,1/5/2022,4086876,Dang Thi Khoa,1
RENT_HCM_05855,40H-661.06,Mazda,3,12/9/2024,12/16/2024,5153442,Dang Thi Dung,2
RENT_HCM_05856,92F-931.00,Vinfast,Lux A2.0,1/31/2022,2/2/2022,2126166,Tran Thi Phong,1
RENT_HCM_05857,29C-652.72,Mazda,3,3/17/2023,3/22/2023,3781110,Dang Thi Nam,0
RENT_HCM_05858,80H-858.85,Ford,Ranger,1/23/2025,1/24/2025,796029,Do Thi Binh,0
RENT_HCM_05859,55B-647.43,Mazda,3,12/7/2025,12/12/2025,5642220,Le Van Dung,0
RENT_HCM_05860,35C-671.07,Hyundai,i10,7/6/2022,7/9/2022,1432128,Le Van Hoa,1
RENT_HCM_05861,81H-361.56,Vinfast,Lux A2.0,4/19/2025,4/23/2025,1707544,Le Van An,1
RENT_HCM_05862,95B-546.55,Hyundai,Accent,6/9/2022,6/14/2022,5956280,Hoang Van Giang,2
RENT_HCM_05863,24A-237.02,Hyundai,Accent,10/26/2021,10/29/2021,2409081,Ngo Van Hoa,1
RENT_HCM_05864,59C-409.49,Honda,CR-V,9/30/2025,10/7/2025,4833927,Bui Thi Cuong,0
RENT_HCM_05865,91B-105.47,Toyota,Innova,5/21/2025,5/27/2025,6519456,Pham Thi Linh,1
RENT_HCM_05866,81H-361.56,Vinfast,Lux A2.0,6/4/2026,6/6/2026,1995480,Vu Van Phuc,0
RENT_HCM_05867,23G-543.44,Hyundai,i10,8/20/2024,8/21/2024,509269,Hoang Van Hoa,0
RENT_HCM_05868,68C-733.66,Hyundai,Accent,6/15/2021,6/21/2021,5351874,Nguyen Van Oanh,3
RENT_HCM_05869,72K-707.72,Toyota,Camry,5/22/2025,5/27/2025,4454255,Do Thi Dung,0
RENT_HCM_05870,30K-166.87,Hyundai,Accent,6/20/2023,6/24/2023,2483936,Dang Thi Phong,0
RENT_HCM_05871,32F-733.46,Toyota,Vios,5/2/2023,5/7/2023,3522960,Dang Thi Dung,1
RENT_HCM_05872,65B-452.82,Toyota,Innova,2/7/2025,2/8/2025,406571,Le Van Phong,0
RENT_HCM_05873,41C-516.21,Hyundai,i10,10/26/2021,10/28/2021,1407192,Do Thi Giang,1
RENT_HCM_05874,11G-399.40,Kia,Morning,6/28/2026,7/2/2026,1653652,Hoang Van Cuong,0
RENT_HCM_05875,39H-562.25,Ford,EcoSport,10/14/2021,10/16/2021,1038826,Ngo Van Phuc,0
RENT_HCM_05876,76K-194.55,Toyota,Innova,11/4/2021,11/6/2021,2317402,Pham Thi Phong,1
RENT_HCM_05877,83F-155.85,Vinfast,Fadil,5/5/2025,5/10/2025,4710720,Dang Thi Minh,1
RENT_HCM_05878,26D-656.30,Honda,City,9/20/2023,9/23/2023,3402417,Pham Thi Hoa,0
RENT_HCM_05879,37B-826.15,Kia,Soluto,4/9/2022,4/16/2022,3891419,Bui Thi Cuong,0
RENT_HCM_05880,95E-747.86,Mazda,CX-5,5/15/2026,5/21/2026,4272240,Do Thi Dung,1
RENT_HCM_05881,64F-676.74,Hyundai,Accent,6/11/2025,6/12/2025,640096,Nguyen Van Phuc,2
RENT_HCM_05882,43K-499.70,Kia,Seltos,7/18/2026,7/23/2026,5037215,Tran Thi Dung,1
RENT_HCM_05883,81A-639.94,Honda,City,7/15/2025,7/21/2025,5519148,Do Thi Em,2
RENT_HCM_05884,72G-919.68,Toyota,Vios,9/8/2025,9/10/2025,1053718,Vu Van Quyen,2
RENT_HCM_05885,75C-107.61,Vinfast,Fadil,3/18/2021,3/21/2021,2163042,Hoang Van Quyen,1
RENT_HCM_05886,84A-192.77,Toyota,Camry,3/27/2023,4/2/2023,3713934,Dang Thi Giang,0
RENT_HCM_05887,94G-517.12,Mazda,CX-5,3/8/2023,3/11/2023,1260831,Bui Thi Em,0
RENT_HCM_05888,33F-566.78,Toyota,Vios,2/19/2023,2/26/2023,7182889,Vu Van Minh,1
RENT_HCM_05889,21A-335.92,Vinfast,Fadil,3/22/2026,3/27/2026,5734640,Tran Thi Cuong,2
RENT_HCM_05890,38G-667.86,Mazda,3,6/26/2025,6/28/2025,1351930,Do Thi Binh,0
RENT_HCM_05891,14G-415.24,Hyundai,i10,6/19/2025,6/23/2025,2629340,Dang Thi Giang,1
RENT_HCM_05892,69F-764.42,Mazda,CX-5,12/17/2024,12/22/2024,3614300,Nguyen Van Em,1
RENT_HCM_05893,22E-888.71,Honda,CR-V,9/8/2022,9/10/2022,2305168,Ngo Van Quyen,1
RENT_HCM_05894,51G-626.30,Vinfast,Lux A2.0,2/22/2026,2/24/2026,1752120,Hoang Van Minh,0
RENT_HCM_05895,77C-616.68,Toyota,Camry,3/10/2021,3/11/2021,1019051,Pham Thi Cuong,1
RENT_HCM_05896,38C-383.91,Ford,Ranger,8/31/2026,9/4/2026,2101816,Hoang Van Cuong,0
RENT_HCM_05897,87B-650.29,Toyota,Camry,7/12/2026,7/15/2026,1836939,Ngo Van Phuc,2
RENT_HCM_05898,64K-177.33,Vinfast,Lux A2.0,10/22/2022,10/25/2022,2515614,Dang Thi Dung,0
RENT_HCM_05899,62G-115.18,Ford,Ranger,8/23/2024,8/25/2024,889916,Bui Thi Binh,0
RENT_HCM_05900,39H-562.25,Ford,EcoSport,10/3/2025,10/10/2025,6386422,Nguyen Van Cuong,1
RENT_HCM_05901,45C-524.00,Toyota,Camry,4/17/2026,4/23/2026,3486828,Nguyen Van Nam,0
RENT_HCM_05902,28B-378.39,Toyota,Innova,8/24/2026,8/29/2026,4687190,Vu Van Minh,0
RENT_HCM_05903,27G-984.07,Ford,Ranger,8/19/2022,8/23/2022,3438232,Vu Van Nam,0
RENT_HCM_05904,63A-217.47,Hyundai,i10,11/11/2023,11/15/2023,4797152,Do Thi Phong,1
RENT_HCM_05905,24A-243.28,Hyundai,Grand i10,4/10/2022,4/13/2022,2731353,Bui Thi An,0
RENT_HCM_05906,92F-931.00,Vinfast,Lux A2.0,1/22/2022,1/24/2022,805778,Do Thi Linh,0
RENT_HCM_05907,47E-150.60,Kia,Seltos,5/23/2022,5/30/2022,5845742,Pham Thi Em,2
RENT_HCM_05908,72K-221.19,Toyota,Innova,5/25/2026,5/27/2026,2326108,Nguyen Van Em,2
RENT_HCM_05909,53K-126.49,Toyota,Innova,8/6/2025,8/7/2025,465753,Vu Van Oanh,1
RENT_HCM_05910,96B-415.49,Mazda,3,6/25/2024,6/28/2024,3395049,Tran Thi Em,0
RENT_HCM_05911,38C-142.53,Hyundai,i10,8/1/2022,8/5/2022,4603836,Hoang Van Oanh,0
RENT_HCM_05912,39K-469.95,Mazda,CX-5,3/26/2026,3/31/2026,3801080,Bui Thi Phong,1
RENT_HCM_05913,14B-920.02,Toyota,Vios,7/14/2025,7/20/2025,3299784,Dang Thi Binh,0
RENT_HCM_05914,49F-678.30,Vinfast,Lux A2.0,6/12/2025,6/15/2025,2600277,Nguyen Van Phong,1
RENT_HCM_05915,50G-877.98,Hyundai,i10,9/20/2021,9/27/2021,2995825,Nguyen Van Linh,2
RENT_HCM_05916,12G-744.89,Mazda,CX-5,2/20/2023,2/27/2023,3433598,Bui Thi Em,0
RENT_HCM_05917,37K-262.20,Mazda,3,9/30/2024,10/5/2024,2609405,Bui Thi Phuc,0
RENT_HCM_05918,83F-155.85,Vinfast,Fadil,7/4/2023,7/6/2023,1237876,Le Van Phuc,0
RENT_HCM_05919,92F-931.00,Vinfast,Lux A2.0,7/19/2024,7/21/2024,1687516,Nguyen Van Nam,0
RENT_HCM_05920,32D-394.35,Toyota,Vios,4/2/2025,4/3/2025,1006885,Tran Thi Minh,0
RENT_HCM_05921,77C-680.84,Honda,City,6/29/2025,7/3/2025,2044268,Nguyen Van Khoa,0
RENT_HCM_05922,76K-194.55,Toyota,Innova,4/4/2022,4/9/2022,3308915,Le Van Linh,0
RENT_HCM_05923,21K-767.03,Hyundai,i10,4/1/2025,4/5/2025,2904524,Le Van An,0
RENT_HCM_05924,66G-887.42,Vinfast,Lux A2.0,7/19/2025,7/24/2025,5968985,Bui Thi Phuc,1
RENT_HCM_05925,30K-166.87,Hyundai,Accent,9/26/2022,9/30/2022,2768404,Nguyen Van Minh,0
RENT_HCM_05926,72K-221.19,Toyota,Innova,12/24/2023,12/25/2023,870313,Dang Thi Em,1
RENT_HCM_05927,23C-148.49,Hyundai,i10,11/19/2023,11/20/2023,639724,Nguyen Van Nam,0
RENT_HCM_05928,30K-166.87,Hyundai,Accent,5/19/2023,5/22/2023,1381593,Dang Thi Phong,0
RENT_HCM_05929,84A-192.77,Toyota,Camry,11/21/2025,11/25/2025,4654820,Hoang Van Giang,1
RENT_HCM_05930,96E-688.41,Toyota,Innova,12/17/2024,12/21/2024,3351104,Le Van Linh,0
RENT_HCM_05931,81A-639.94,Honda,City,4/8/2025,4/12/2025,2017976,Pham Thi Binh,0
RENT_HCM_05932,37E-977.04,Mazda,3,12/15/2021,12/22/2021,4084864,Nguyen Van Em,0
RENT_HCM_05933,72H-414.63,Ford,Ranger,10/24/2023,10/25/2023,977023,Nguyen Van Minh,0
RENT_HCM_05934,51G-626.30,Vinfast,Lux A2.0,10/22/2025,10/26/2025,1681808,Bui Thi Binh,3
RENT_HCM_05935,50D-378.78,Vinfast,Lux A2.0,4/24/2026,4/28/2026,3868144,Dang Thi Minh,1
RENT_HCM_05936,40G-744.81,Honda,City,2/24/2023,3/1/2023,2489750,Tran Thi Giang,1
RENT_HCM_05937,12G-744.89,Mazda,CX-5,12/8/2024,12/11/2024,2231322,Dang Thi Phong,0
RENT_HCM_05938,86G-330.15,Toyota,Vios,7/2/2022,7/5/2022,2292357,Do Thi Nam,0
RENT_HCM_05939,49C-168.30,Vinfast,Fadil,5/10/2025,5/11/2025,851479,Pham Thi Hoa,0
RENT_HCM_05940,28D-108.89,Hyundai,i10,5/25/2023,6/1/2023,6004677,Dang Thi Dung,0
RENT_HCM_05941,18E-187.25,Mazda,3,2/19/2024,2/20/2024,432688,Nguyen Van Cuong,0
RENT_HCM_05942,92A-672.48,Ford,EcoSport,4/12/2026,4/13/2026,986591,Pham Thi Cuong,0
RENT_HCM_05943,48B-706.17,Toyota,Camry,9/29/2023,10/5/2023,6356646,Le Van Khoa,0
RENT_HCM_05944,82K-625.14,Honda,City,3/3/2023,3/5/2023,2302228,Nguyen Van An,1
RENT_HCM_05945,39C-734.09,Ford,EcoSport,8/18/2024,8/24/2024,6758508,Le Van Minh,3
RENT_HCM_05946,52B-953.14,Kia,Soluto,10/11/2025,10/15/2025,3776328,Vu Van Minh,0
RENT_HCM_05947,74H-842.20,Kia,Morning,7/19/2023,7/22/2023,3291846,Bui Thi Quyen,0
RENT_HCM_05948,96E-688.41,Toyota,Innova,3/19/2026,3/26/2026,7844501,Nguyen Van Em,0
RENT_HCM_05949,85C-925.94,Hyundai,Grand i10,9/27/2025,9/28/2025,667151,Tran Thi Giang,0
RENT_HCM_05950,24A-243.28,Hyundai,Grand i10,10/18/2024,10/25/2024,6316086,Bui Thi Em,0
RENT_HCM_05951,31F-834.71,Hyundai,Grand i10,6/17/2021,6/20/2021,3337131,Vu Van Cuong,0
RENT_HCM_05952,73A-575.16,Ford,Ranger,9/13/2023,9/19/2023,5756682,Nguyen Van An,1
RENT_HCM_05953,23C-148.49,Hyundai,i10,10/20/2022,10/23/2022,3383406,Tran Thi Dung,0
RENT_HCM_05954,39B-248.98,Hyundai,Grand i10,9/6/2025,9/12/2025,2550486,Tran Thi An,1
RENT_HCM_05955,68A-588.72,Ford,EcoSport,5/13/2021,5/19/2021,4704504,Hoang Van Linh,0
RENT_HCM_05956,85C-925.94,Hyundai,Grand i10,12/16/2025,12/20/2025,2273276,Hoang Van Minh,0
RENT_HCM_05957,83B-797.49,Mazda,3,7/5/2022,7/11/2022,4210086,Bui Thi Minh,0
RENT_HCM_05958,33B-472.24,Kia,Seltos,7/24/2026,7/29/2026,4171305,Dang Thi Cuong,0
RENT_HCM_05959,87K-428.26,Honda,CR-V,3/6/2024,3/9/2024,1848780,Vu Van Binh,1
RENT_HCM_05960,28B-288.64,Hyundai,Accent,9/3/2022,9/5/2022,1415302,Pham Thi Em,1
RENT_HCM_05961,91A-212.00,Hyundai,Grand i10,7/21/2022,7/28/2022,7081704,Nguyen Van Cuong,0
RENT_HCM_05962,80G-716.32,Kia,Soluto,7/12/2024,7/16/2024,2060664,Nguyen Van Dung,0
RENT_HCM_05963,27G-984.07,Ford,Ranger,10/2/2021,10/7/2021,3911395,Tran Thi Linh,0
RENT_HCM_05964,45C-536.55,Ford,EcoSport,2/1/2021,2/2/2021,1141281,Nguyen Van Linh,2
RENT_HCM_05965,38C-142.53,Hyundai,i10,6/4/2024,6/6/2024,2276114,Vu Van Linh,0
RENT_HCM_05966,36D-337.43,Vinfast,Lux A2.0,3/3/2022,3/8/2022,2769720,Do Thi Phong,1
RENT_HCM_05967,43K-499.70,Kia,Seltos,12/30/2023,1/3/2024,4179856,Pham Thi Phuc,0
RENT_HCM_05968,90D-598.73,Toyota,Innova,2/24/2025,2/26/2025,1707428,Vu Van Dung,1
RENT_HCM_05969,39K-469.95,Mazda,CX-5,9/24/2026,10/1/2026,8015000,Ngo Van Khoa,0
RENT_HCM_05970,11C-738.22,Vinfast,Fadil,3/30/2021,4/5/2021,2626044,Dang Thi Dung,2
RENT_HCM_05971,64C-859.87,Toyota,Vios,5/5/2024,5/8/2024,3513072,Hoang Van Phong,0
RENT_HCM_05972,53E-229.68,Vinfast,Fadil,1/23/2021,1/28/2021,5870355,Ngo Van Minh,1
RENT_HCM_05973,65B-452.82,Toyota,Innova,3/29/2023,4/3/2023,5620795,Do Thi Khoa,0
RENT_HCM_05974,22K-526.15,Hyundai,Accent,11/17/2024,11/23/2024,4088172,Tran Thi Phuc,1
RENT_HCM_05975,46E-807.16,Honda,City,11/23/2024,11/29/2024,6631140,Tran Thi Cuong,3
RENT_HCM_05976,14H-574.13,Kia,Morning,4/4/2026,4/8/2026,3002792,Ngo Van Hoa,2
RENT_HCM_05977,19K-348.27,Hyundai,i10,10/8/2022,10/13/2022,4126905,Dang Thi Quyen,2
RENT_HCM_05978,11C-319.16,Toyota,Innova,2/26/2024,3/2/2024,2416855,Do Thi Phuc,0
RENT_HCM_05979,77F-485.44,Hyundai,i10,1/10/2026,1/12/2026,1646108,Le Van Em,1
RENT_HCM_05980,11C-319.16,Toyota,Innova,5/20/2025,5/27/2025,3742900,Do Thi Linh,0
RENT_HCM_05981,56B-609.78,Honda,CR-V,8/20/2022,8/26/2022,3662808,Bui Thi Oanh,2
RENT_HCM_05982,90A-485.48,Mazda,CX-5,4/11/2023,4/12/2023,1178371,Hoang Van Nam,0
RENT_HCM_05983,19K-348.27,Hyundai,i10,8/13/2024,8/14/2024,639788,Le Van Quyen,2
RENT_HCM_05984,12G-744.89,Mazda,CX-5,3/29/2026,4/3/2026,5764415,Nguyen Van Phong,0
RENT_HCM_05985,11C-738.22,Vinfast,Fadil,4/1/2026,4/5/2026,2997804,Dang Thi Oanh,2
RENT_HCM_05986,50G-118.24,Honda,CR-V,2/12/2026,2/18/2026,4287186,Le Van Phuc,0
RENT_HCM_05987,72G-919.68,Toyota,Vios,3/13/2026,3/18/2026,2792405,Do Thi Em,0
RENT_HCM_05988,72H-414.63,Ford,Ranger,11/17/2025,11/21/2025,2664592,Do Thi Binh,3
RENT_HCM_05989,37E-977.04,Mazda,3,8/17/2024,8/22/2024,4334800,Vu Van Khoa,2
RENT_HCM_05990,11C-493.44,Mazda,3,5/5/2021,5/11/2021,4473468,Nguyen Van Em,0
RENT_HCM_05991,72G-919.68,Toyota,Vios,12/7/2023,12/13/2023,5747016,Dang Thi Nam,0
RENT_HCM_05992,85H-903.18,Kia,Morning,9/8/2025,9/12/2025,1667124,Dang Thi Em,2
RENT_HCM_05993,85C-925.94,Hyundai,Grand i10,11/25/2024,11/27/2024,2147006,Do Thi Phuc,3
RENT_HCM_05994,64F-676.74,Hyundai,Accent,8/3/2023,8/9/2023,4829436,Hoang Van Cuong,0
RENT_HCM_05995,14G-415.24,Hyundai,i10,11/4/2021,11/6/2021,1168628,Tran Thi Nam,1
RENT_HCM_05996,28B-378.39,Toyota,Innova,8/27/2025,8/29/2025,970418,Do Thi Quyen,0
RENT_HCM_05997,66G-320.55,Kia,Soluto,8/19/2022,8/21/2022,1012220,Tran Thi Giang,0
RENT_HCM_05998,18A-563.17,Toyota,Innova,11/10/2021,11/14/2021,2972764,Dang Thi Cuong,0
RENT_HCM_05999,85C-925.94,Hyundai,Grand i10,12/18/2022,12/20/2022,1372124,Le Van Minh,3
RENT_HCM_06000,92A-672.48,Ford,EcoSport,8/14/2025,8/21/2025,5699596,Tran Thi Phuc,0
RENT_HCM_06001,51G-626.30,Vinfast,Lux A2.0,2/23/2023,3/2/2023,5637807,Le Van An,0
RENT_HCM_06002,72C-183.23,Ford,Ranger,11/16/2021,11/19/2021,2066460,Ngo Van Giang,2
RENT_HCM_06003,62B-172.41,Kia,Soluto,9/22/2023,9/24/2023,1695848,Tran Thi Oanh,1
RENT_HCM_06004,21G-202.34,Honda,City,2/4/2024,2/6/2024,1195326,Ngo Van Oanh,2
RENT_HCM_06005,59C-409.49,Honda,CR-V,12/25/2021,1/1/2022,4861962,Hoang Van An,0
RENT_HCM_06006,14B-920.02,Toyota,Vios,4/20/2025,4/23/2025,2454441,Le Van Cuong,2
RENT_HCM_06007,40A-169.95,Toyota,Vios,2/16/2021,2/23/2021,6113758,Hoang Van Khoa,0
RENT_HCM_06008,84A-192.77,Toyota,Camry,8/11/2025,8/15/2025,2139936,Nguyen Van Dung,1
RENT_HCM_06009,32F-733.46,Toyota,Vios,4/28/2021,4/29/2021,644984,Do Thi Minh,0
RENT_HCM_06010,66G-887.42,Vinfast,Lux A2.0,8/13/2022,8/16/2022,2543739,Tran Thi Giang,0
RENT_HCM_06011,92D-335.06,Toyota,Camry,10/9/2023,10/10/2023,604064,Hoang Van Oanh,1
RENT_HCM_06012,78B-364.49,Toyota,Camry,9/27/2024,10/1/2024,2645828,Ngo Van Em,0
RENT_HCM_06013,27H-701.29,Toyota,Camry,7/14/2025,7/15/2025,1087095,Ngo Van Em,0
RENT_HCM_06014,13E-299.60,Honda,CR-V,4/21/2021,4/25/2021,1631900,Nguyen Van An,1
RENT_HCM_06015,11G-731.54,Honda,City,3/18/2021,3/19/2021,772300,Do Thi Binh,3
RENT_HCM_06016,11C-319.16,Toyota,Innova,8/28/2025,9/2/2025,5076520,Do Thi Cuong,2
RENT_HCM_06017,28B-288.64,Hyundai,Accent,2/28/2024,3/1/2024,1314664,Pham Thi Linh,0
RENT_HCM_06018,39A-767.06,Honda,CR-V,7/2/2022,7/5/2022,1509399,Hoang Van Minh,0
RENT_HCM_06019,52B-953.14,Kia,Soluto,9/11/2026,9/14/2026,1341933,Bui Thi Cuong,0
RENT_HCM_06020,22B-585.78,Ford,EcoSport,5/30/2026,6/2/2026,2512521,Pham Thi Binh,0
RENT_HCM_06021,63A-217.47,Hyundai,i10,4/22/2021,4/29/2021,6512464,Ngo Van Giang,0
RENT_HCM_06022,93A-482.11,Toyota,Camry,10/20/2021,10/25/2021,5361025,Do Thi Nam,1
RENT_HCM_06023,72D-907.40,Hyundai,i10,7/9/2026,7/12/2026,1217187,Ngo Van An,0
RENT_HCM_06024,96E-688.41,Toyota,Innova,6/14/2021,6/21/2021,8339499,Hoang Van Dung,0
RENT_HCM_06025,20K-624.55,Mazda,3,12/31/2023,1/4/2024,2032460,Vu Van Khoa,1
RENT_HCM_06026,40E-511.08,Honda,CR-V,10/24/2025,10/30/2025,6096738,Vu Van An,1
RENT_HCM_06027,91B-105.47,Toyota,Innova,11/7/2023,11/9/2023,2393108,Dang Thi Em,2
RENT_HCM_06028,50D-378.78,Vinfast,Lux A2.0,4/16/2023,4/21/2023,5434370,Bui Thi Giang,1
RENT_HCM_06029,74A-942.98,Hyundai,Accent,6/27/2024,6/29/2024,1524486,Do Thi An,3
RENT_HCM_06030,91A-212.00,Hyundai,Grand i10,2/4/2022,2/6/2022,2382524,Tran Thi Phuc,0
RENT_HCM_06031,96D-838.67,Vinfast,Lux A2.0,1/7/2023,1/11/2023,2733260,Nguyen Van Nam,0
RENT_HCM_06032,76H-418.80,Hyundai,Accent,10/12/2022,10/18/2022,6502446,Tran Thi Quyen,2
RENT_HCM_06033,56B-609.78,Honda,CR-V,2/19/2025,2/20/2025,790708,Pham Thi Minh,1
RENT_HCM_06034,91H-439.88,Mazda,CX-5,12/25/2023,12/28/2023,1901520,Ngo Van Phuc,0
RENT_HCM_06035,55K-383.25,Mazda,3,7/27/2023,7/28/2023,783874,Bui Thi Minh,0
RENT_HCM_06036,87B-430.99,Honda,City,1/6/2022,1/7/2022,833859,Ngo Van Khoa,1
RENT_HCM_06037,55B-647.43,Mazda,3,3/22/2023,3/23/2023,674305,Nguyen Van Nam,1
RENT_HCM_06038,33F-566.78,Toyota,Vios,12/20/2021,12/26/2021,5490318,Vu Van Linh,0
RENT_HCM_06039,51G-626.30,Vinfast,Lux A2.0,7/6/2021,7/11/2021,5924435,Vu Van Cuong,1
RENT_HCM_06040,74D-805.08,Hyundai,Accent,9/1/2023,9/5/2023,4043356,Pham Thi Phuc,0
RENT_HCM_06041,46C-855.60,Vinfast,Fadil,8/5/2026,8/10/2026,2979710,Tran Thi Oanh,1
RENT_HCM_06042,49D-328.28,Kia,Morning,5/10/2021,5/12/2021,1736160,Tran Thi Linh,0
RENT_HCM_06043,50F-310.34,Kia,Morning,2/16/2023,2/17/2023,458058,Tran Thi Binh,2
RENT_HCM_06044,55B-647.43,Mazda,3,7/5/2025,7/11/2025,3343464,Ngo Van Phuc,1
RENT_HCM_06045,47D-840.33,Kia,Morning,12/12/2024,12/18/2024,3677826,Pham Thi Binh,3
RENT_HCM_06046,64C-859.87,Toyota,Vios,3/10/2023,3/16/2023,7188858,Do Thi Oanh,2
RENT_HCM_06047,50G-877.98,Hyundai,i10,12/25/2024,12/30/2024,3073195,Dang Thi Giang,0
RENT_HCM_06048,29C-652.72,Mazda,3,5/31/2026,6/6/2026,6820542,Hoang Van Em,0
RENT_HCM_06049,16K-690.45,Vinfast,Lux A2.0,7/5/2025,7/8/2025,1697532,Bui Thi Oanh,0
RENT_HCM_06050,27H-701.29,Toyota,Camry,1/6/2024,1/7/2024,875933,Vu Van Binh,2
RENT_HCM_06051,90A-463.29,Hyundai,i10,6/6/2022,6/13/2022,3134740,Le Van Oanh,1
RENT_HCM_06052,55K-383.25,Mazda,3,6/6/2024,6/7/2024,789750,Nguyen Van Hoa,0
RENT_HCM_06053,20A-146.45,Honda,City,6/26/2021,7/3/2021,6721323,Pham Thi Phuc,0
RENT_HCM_06054,64F-676.74,Hyundai,Accent,10/1/2021,10/4/2021,3084933,Le Van Quyen,1
RENT_HCM_06055,22B-585.78,Ford,EcoSport,10/3/2025,10/9/2025,6276774,Vu Van Cuong,1
RENT_HCM_06056,66E-447.50,Mazda,CX-5,4/15/2022,4/21/2022,3507216,Ngo Van Nam,1
RENT_HCM_06057,37F-841.13,Kia,Morning,11/23/2024,11/25/2024,1900744,Tran Thi Nam,1
RENT_HCM_06058,40G-744.81,Honda,City,8/28/2023,9/4/2023,7766353,Dang Thi Cuong,0
RENT_HCM_06059,69F-764.42,Mazda,CX-5,9/3/2024,9/6/2024,3305376,Dang Thi Binh,0
RENT_HCM_06060,12G-744.89,Mazda,CX-5,12/15/2025,12/19/2025,4406428,Ngo Van Quyen,0
RENT_HCM_06061,68A-105.33,Toyota,Innova,7/10/2024,7/14/2024,4326176,Bui Thi Phong,1
RENT_HCM_06062,38C-142.53,Hyundai,i10,6/5/2023,6/8/2023,1200255,Nguyen Van Quyen,0
RENT_HCM_06063,72H-414.63,Ford,Ranger,3/26/2022,3/27/2022,1004234,Le Van Em,1
RENT_HCM_06064,13C-595.73,Vinfast,Lux A2.0,2/8/2022,2/14/2022,4894818,Nguyen Van Nam,3
RENT_HCM_06065,68A-105.33,Toyota,Innova,4/3/2026,4/5/2026,898176,Tran Thi Binh,0
RENT_HCM_06066,15C-124.07,Toyota,Innova,3/23/2023,3/27/2023,4015680,Ngo Van Hoa,0
RENT_HCM_06067,42H-912.12,Toyota,Innova,8/7/2026,8/12/2026,5000015,Vu Van Phong,1
RENT_HCM_06068,68A-588.72,Ford,EcoSport,8/30/2024,9/5/2024,5407044,Nguyen Van Em,1
RENT_HCM_06069,93F-865.25,Mazda,3,1/26/2024,2/2/2024,8233022,Le Van An,0
RENT_HCM_06070,95C-492.50,Toyota,Innova,2/4/2024,2/10/2024,4589988,Bui Thi Nam,1
RENT_HCM_06071,13C-595.73,Vinfast,Lux A2.0,11/21/2021,11/27/2021,4131534,Bui Thi Quyen,1
RENT_HCM_06072,62A-523.15,Honda,CR-V,4/22/2022,4/29/2022,4627168,Le Van Linh,0
RENT_HCM_06073,13E-299.60,Honda,CR-V,10/4/2021,10/9/2021,5337870,Nguyen Van Hoa,0
RENT_HCM_06074,38E-944.15,Mazda,3,6/14/2023,6/18/2023,3433456,Vu Van Oanh,0
RENT_HCM_06075,46C-855.60,Vinfast,Fadil,11/4/2024,11/11/2024,4270399,Pham Thi Minh,0
RENT_HCM_06076,90D-598.73,Toyota,Innova,8/7/2026,8/8/2026,1151549,Nguyen Van Nam,3
RENT_HCM_06077,40H-661.06,Mazda,3,5/23/2021,5/26/2021,1359969,Hoang Van Dung,1
RENT_HCM_06078,76K-194.55,Toyota,Innova,3/31/2025,4/7/2025,8072323,Bui Thi Minh,0
RENT_HCM_06079,21K-767.03,Hyundai,i10,5/14/2021,5/15/2021,555873,Nguyen Van Nam,1
RENT_HCM_06080,15A-216.83,Honda,City,8/8/2025,8/14/2025,4006158,Le Van Em,0
RENT_HCM_06081,87B-373.03,Honda,City,2/10/2021,2/14/2021,1659632,Nguyen Van An,1
RENT_HCM_06082,85C-925.94,Hyundai,Grand i10,2/7/2025,2/11/2025,3701032,Nguyen Van Dung,0
RENT_HCM_06083,95B-546.55,Hyundai,Accent,9/23/2025,9/26/2025,2469993,Do Thi Hoa,0
RENT_HCM_06084,67C-665.78,Hyundai,i10,12/17/2021,12/18/2021,977589,Ngo Van Minh,2
RENT_HCM_06085,42H-912.12,Toyota,Innova,8/4/2026,8/6/2026,1628410,Vu Van Giang,1
RENT_HCM_06086,28A-321.73,Hyundai,Accent,1/14/2022,1/21/2022,4759433,Pham Thi Binh,0
RENT_HCM_06087,92A-672.48,Ford,EcoSport,6/1/2021,6/5/2021,3058212,Nguyen Van Em,0
RENT_HCM_06088,49C-168.30,Vinfast,Fadil,4/21/2025,4/22/2025,896068,Hoang Van Nam,0
RENT_HCM_06089,87B-373.03,Honda,City,9/9/2024,9/10/2024,668705,Bui Thi Hoa,1
RENT_HCM_06090,82K-625.14,Honda,City,7/9/2021,7/11/2021,2269700,Le Van Giang,0
RENT_HCM_06091,15A-216.83,Honda,City,4/13/2026,4/18/2026,3043505,Ngo Van Phuc,2
RENT_HCM_06092,26E-180.53,Hyundai,Accent,8/3/2024,8/10/2024,4226579,Pham Thi Cuong,0
RENT_HCM_06093,85C-925.94,Hyundai,Grand i10,7/15/2025,7/22/2025,5456549,Pham Thi Nam,2
RENT_HCM_06094,90A-485.48,Mazda,CX-5,6/25/2026,7/2/2026,4282390,Nguyen Van Giang,2
RENT_HCM_06095,86E-413.23,Toyota,Vios,12/9/2022,12/13/2022,1815712,Hoang Van Hoa,1
RENT_HCM_06096,40A-169.95,Toyota,Vios,10/16/2024,10/20/2024,1709436,Do Thi Minh,1
RENT_HCM_06097,40E-606.38,Vinfast,Lux A2.0,6/5/2023,6/8/2023,1946793,Nguyen Van Oanh,1
RENT_HCM_06098,13C-595.73,Vinfast,Lux A2.0,9/13/2022,9/14/2022,664491,Tran Thi Em,0
RENT_HCM_06099,84A-192.77,Toyota,Camry,12/21/2022,12/28/2022,2871029,Le Van Phong,1
RENT_HCM_06100,18H-105.04,Hyundai,i10,2/18/2025,2/22/2025,4773804,Nguyen Van Linh,3
RENT_HCM_06101,87B-650.29,Toyota,Camry,12/3/2025,12/5/2025,1533094,Nguyen Van Minh,0
RENT_HCM_06102,14C-459.98,Ford,EcoSport,8/20/2024,8/24/2024,3840372,Le Van Phong,0
RENT_HCM_06103,40H-661.06,Mazda,3,1/10/2026,1/13/2026,1798530,Dang Thi Binh,1
RENT_HCM_06104,19K-348.27,Hyundai,i10,7/11/2022,7/18/2022,6435940,Le Van Quyen,2
RENT_HCM_06105,53K-126.49,Toyota,Innova,1/18/2022,1/21/2022,2253144,Do Thi Binh,0
RENT_HCM_06106,23D-400.10,Kia,Morning,12/23/2024,12/26/2024,1261395,Le Van Giang,1
RENT_HCM_06107,95H-477.98,Kia,Seltos,9/11/2021,9/14/2021,3060414,Do Thi Cuong,0
RENT_HCM_06108,92A-672.48,Ford,EcoSport,11/19/2022,11/26/2022,4893070,Do Thi Minh,0
RENT_HCM_06109,30D-278.73,Hyundai,Accent,3/4/2025,3/8/2025,4122620,Dang Thi Cuong,0
RENT_HCM_06110,96D-838.67,Vinfast,Lux A2.0,7/12/2023,7/18/2023,2727048,Bui Thi Nam,1
RENT_HCM_06111,36F-989.46,Mazda,3,12/14/2022,12/19/2022,3150530,Vu Van Em,0
RENT_HCM_06112,65B-452.82,Toyota,Innova,3/30/2024,4/6/2024,3592981,Nguyen Van Giang,0
RENT_HCM_06113,32F-733.46,Toyota,Vios,8/16/2024,8/17/2024,407625,Vu Van Hoa,1
RENT_HCM_06114,14B-920.02,Toyota,Vios,1/31/2024,2/7/2024,5863095,Dang Thi Minh,0
RENT_HCM_06115,76B-763.75,Honda,City,2/6/2022,2/10/2022,2363740,Dang Thi Phong,2
RENT_HCM_06116,24E-955.46,Toyota,Vios,2/12/2023,2/18/2023,4895904,Tran Thi Minh,0
RENT_HCM_06117,49C-168.30,Vinfast,Fadil,3/23/2021,3/29/2021,4730712,Le Van Oanh,0
RENT_HCM_06118,30K-166.87,Hyundai,Accent,3/1/2022,3/3/2022,1206806,Do Thi Hoa,1
RENT_HCM_06119,95H-477.98,Kia,Seltos,1/26/2021,2/2/2021,3681951,Nguyen Van Hoa,0
RENT_HCM_06120,38G-497.95,Kia,Soluto,5/6/2021,5/12/2021,5386560,Tran Thi Nam,0
RENT_HCM_06121,75C-107.61,Vinfast,Fadil,11/7/2024,11/9/2024,1531330,Nguyen Van Minh,0
RENT_HCM_06122,27H-701.29,Toyota,Camry,1/4/2022,1/9/2022,3770025,Vu Van Phuc,1
RENT_HCM_06123,38G-497.95,Kia,Soluto,10/28/2025,11/1/2025,4633240,Pham Thi Em,1
RENT_HCM_06124,30E-325.25,Kia,Morning,10/8/2025,10/13/2025,2213760,Dang Thi Nam,2
RENT_HCM_06125,53K-126.49,Toyota,Innova,12/9/2021,12/10/2021,413488,Dang Thi Binh,0
RENT_HCM_06126,30E-325.25,Kia,Morning,5/2/2023,5/9/2023,5170466,Nguyen Van Oanh,0
RENT_HCM_06127,21A-335.92,Vinfast,Fadil,5/2/2022,5/6/2022,3645264,Nguyen Van Hoa,0
RENT_HCM_06128,68A-105.33,Toyota,Innova,12/16/2023,12/21/2023,3781380,Dang Thi Phong,3
RENT_HCM_06129,37B-826.15,Kia,Soluto,4/9/2024,4/16/2024,5457613,Nguyen Van Khoa,1
RENT_HCM_06130,88K-102.81,Hyundai,Accent,11/18/2021,11/23/2021,2681200,Pham Thi Minh,0
RENT_HCM_06131,40E-606.38,Vinfast,Lux A2.0,8/14/2022,8/21/2022,8331148,Vu Van Minh,0
RENT_HCM_06132,16K-690.45,Vinfast,Lux A2.0,3/31/2023,4/6/2023,6571812,Ngo Van Binh,0
RENT_HCM_06133,21G-202.34,Honda,City,1/30/2021,2/3/2021,4379344,Tran Thi Linh,2
RENT_HCM_06134,74D-805.08,Hyundai,Accent,2/19/2021,2/23/2021,2001568,Ngo Van Cuong,0
RENT_HCM_06135,22G-155.46,Hyundai,i10,7/21/2024,7/25/2024,2022832,Nguyen Van Khoa,0
RENT_HCM_06136,49D-328.28,Kia,Morning,3/6/2021,3/7/2021,570524,Nguyen Van Khoa,1
RENT_HCM_06137,28B-288.64,Hyundai,Accent,10/10/2021,10/11/2021,818105,Tran Thi Binh,1
RENT_HCM_06138,39A-767.06,Honda,CR-V,10/26/2021,10/28/2021,1514888,Pham Thi Giang,0
RENT_HCM_06139,49D-328.28,Kia,Morning,5/2/2024,5/5/2024,2636352,Tran Thi Em,0
RENT_HCM_06140,24A-237.02,Hyundai,Accent,2/10/2022,2/11/2022,1114801,Hoang Van Minh,0
RENT_HCM_06141,77A-503.91,Mazda,3,12/29/2025,1/3/2026,3745485,Pham Thi Quyen,0
RENT_HCM_06142,81H-361.56,Vinfast,Lux A2.0,3/16/2022,3/22/2022,6598980,Hoang Van Cuong,0
RENT_HCM_06143,50G-118.24,Honda,CR-V,7/8/2024,7/12/2024,2693856,Nguyen Van Cuong,0
RENT_HCM_06144,93D-583.18,Hyundai,Accent,12/19/2024,12/21/2024,2196050,Dang Thi Dung,1
RENT_HCM_06145,36E-560.60,Toyota,Vios,9/1/2023,9/7/2023,3202434,Nguyen Van Em,0
RENT_HCM_06146,46C-855.60,Vinfast,Fadil,8/5/2021,8/12/2021,7020041,Dang Thi Oanh,3
RENT_HCM_06147,59C-409.49,Honda,CR-V,12/25/2022,12/31/2022,4600740,Tran Thi Oanh,0
RENT_HCM_06148,36K-772.94,Ford,EcoSport,6/1/2024,6/7/2024,7111638,Pham Thi Linh,0
RENT_HCM_06149,45C-536.55,Ford,EcoSport,12/30/2024,1/5/2025,6559944,Le Van Minh,1
RENT_HCM_06150,28B-378.39,Toyota,Innova,12/3/2021,12/10/2021,6463009,Pham Thi Nam,2
RENT_HCM_06151,23C-148.49,Hyundai,i10,10/5/2024,10/9/2024,2973696,Do Thi Quyen,0
RENT_HCM_06152,87B-373.03,Honda,City,8/22/2024,8/28/2024,3533604,Pham Thi Nam,1
RENT_HCM_06153,12E-196.98,Ford,EcoSport,5/14/2024,5/16/2024,2392172,Vu Van Dung,0
RENT_HCM_06154,38E-944.15,Mazda,3,9/19/2023,9/22/2023,2916336,Dang Thi Nam,0
RENT_HCM_06155,78C-146.78,Ford,Ranger,1/30/2025,1/31/2025,1188916,Vu Van Minh,2
RENT_HCM_06156,74H-842.20,Kia,Morning,9/9/2026,9/13/2026,3039572,Hoang Van Hoa,0
RENT_HCM_06157,39H-896.77,Toyota,Vios,12/20/2023,12/24/2023,4611616,Ngo Van Minh,1
RENT_HCM_06158,53E-229.68,Vinfast,Fadil,8/31/2024,9/7/2024,3364473,Bui Thi Phong,0
RENT_HCM_06159,15F-595.30,Honda,City,9/4/2022,9/8/2022,4128264,Nguyen Van Dung,0
RENT_HCM_06160,62B-172.41,Kia,Soluto,4/19/2021,4/25/2021,5206050,Do Thi Linh,0
RENT_HCM_06161,45D-330.83,Mazda,CX-5,9/14/2023,9/19/2023,3376850,Do Thi Nam,0
RENT_HCM_06162,59B-706.42,Toyota,Vios,9/28/2021,9/30/2021,1301134,Do Thi Oanh,1
RENT_HCM_06163,23D-400.10,Kia,Morning,10/30/2024,11/4/2024,5607240,Tran Thi Giang,3
RENT_HCM_06164,45D-330.83,Mazda,CX-5,5/22/2022,5/23/2022,894700,Pham Thi An,2
RENT_HCM_06165,21K-767.03,Hyundai,i10,1/14/2026,1/20/2026,6124458,Bui Thi Binh,0
RENT_HCM_06166,99C-732.83,Ford,EcoSport,12/31/2025,1/3/2026,1367112,Bui Thi Phuc,0
RENT_HCM_06167,26E-180.53,Hyundai,Accent,8/28/2026,8/31/2026,1710261,Bui Thi Em,1
RENT_HCM_06168,63A-217.47,Hyundai,i10,3/25/2021,3/26/2021,1046710,Nguyen Van Em,0
RENT_HCM_06169,66G-887.42,Vinfast,Lux A2.0,12/17/2024,12/19/2024,1250492,Bui Thi Phuc,0
RENT_HCM_06170,35C-671.07,Hyundai,i10,6/24/2024,6/27/2024,3326205,Vu Van Phuc,1
RENT_HCM_06171,86G-330.15,Toyota,Vios,12/24/2021,12/26/2021,1449726,Tran Thi Minh,3
RENT_HCM_06172,77F-485.44,Hyundai,i10,11/20/2022,11/23/2022,2382777,Hoang Van Dung,1
RENT_HCM_06173,43G-993.34,Kia,Soluto,8/14/2026,8/16/2026,1865824,Vu Van Linh,2
RENT_HCM_06174,59B-706.42,Toyota,Vios,4/27/2025,4/28/2025,778191,Nguyen Van Minh,2
RENT_HCM_06175,87B-373.03,Honda,City,5/26/2024,5/28/2024,883164,Vu Van Giang,0
RENT_HCM_06176,62B-172.41,Kia,Soluto,3/25/2023,3/30/2023,5585940,Le Van Khoa,3
RENT_HCM_06177,11C-738.22,Vinfast,Fadil,10/7/2025,10/13/2025,5116344,Dang Thi Quyen,0
RENT_HCM_06178,90D-598.73,Toyota,Innova,7/14/2023,7/17/2023,2543937,Dang Thi Nam,1
RENT_HCM_06179,16K-690.45,Vinfast,Lux A2.0,12/31/2025,1/4/2026,3678204,Hoang Van Hoa,2
RENT_HCM_06180,62B-172.41,Kia,Soluto,3/19/2023,3/21/2023,1222156,Le Van Minh,0
RENT_HCM_06181,89C-852.67,Vinfast,Fadil,2/11/2024,2/15/2024,2269980,Bui Thi Minh,1
RENT_HCM_06182,41C-516.21,Hyundai,i10,5/23/2021,5/28/2021,2283115,Nguyen Van Minh,0
RENT_HCM_06183,62K-469.95,Vinfast,Fadil,10/13/2021,10/19/2021,3640374,Bui Thi Phong,0
RENT_HCM_06184,37F-841.13,Kia,Morning,9/30/2025,10/4/2025,2282096,Hoang Van Cuong,0
RENT_HCM_06185,95E-747.86,Mazda,CX-5,1/31/2023,2/7/2023,5455177,Do Thi Linh,2
RENT_HCM_06186,45C-524.00,Toyota,Camry,8/16/2021,8/17/2021,1068411,Pham Thi Em,1
RENT_HCM_06187,19K-348.27,Hyundai,i10,7/13/2024,7/15/2024,1257272,Le Van Binh,1
RENT_HCM_06188,43G-993.34,Kia,Soluto,9/17/2025,9/18/2025,1079589,Nguyen Van Binh,3
RENT_HCM_06189,63A-217.47,Hyundai,i10,10/10/2022,10/16/2022,6426612,Le Van Dung,1
RENT_HCM_06190,46C-855.60,Vinfast,Fadil,4/3/2023,4/5/2023,1121764,Le Van Binh,0
RENT_HCM_06191,12B-182.67,Toyota,Vios,2/1/2024,2/4/2024,1561881,Ngo Van Phong,1
RENT_HCM_06192,31E-660.71,Toyota,Camry,9/19/2025,9/21/2025,2218940,Bui Thi Dung,1
RENT_HCM_06193,16K-535.88,Kia,Soluto,2/5/2025,2/12/2025,7034510,Bui Thi An,1
RENT_HCM_06194,23D-400.10,Kia,Morning,10/26/2025,10/29/2025,2777358,Ngo Van Hoa,0
RENT_HCM_06195,25B-454.15,Toyota,Innova,6/23/2021,6/30/2021,5348889,Hoang Van Hoa,2
RENT_HCM_06196,90F-168.01,Toyota,Vios,2/11/2024,2/18/2024,4905005,Vu Van Linh,0
RENT_HCM_06197,86E-413.23,Toyota,Vios,3/12/2023,3/15/2023,1427430,Bui Thi Nam,1
RENT_HCM_06198,38C-383.91,Ford,Ranger,6/5/2024,6/7/2024,1462528,Le Van Dung,0
RENT_HCM_06199,45C-536.55,Ford,EcoSport,10/9/2023,10/11/2023,1781190,Le Van Binh,0
RENT_HCM_06200,47E-150.60,Kia,Seltos,8/6/2025,8/9/2025,3046371,Do Thi Binh,0
RENT_HCM_06201,96D-838.67,Vinfast,Lux A2.0,7/4/2021,7/6/2021,1368872,Tran Thi Phong,0
RENT_HCM_06202,68A-588.72,Ford,EcoSport,12/21/2021,12/22/2021,542806,Tran Thi Oanh,1
RENT_HCM_06203,47D-840.33,Kia,Morning,4/10/2025,4/17/2025,6513045,Le Van Em,0
RENT_HCM_06204,15F-595.30,Honda,City,9/9/2025,9/16/2025,7712719,Bui Thi Phuc,0
RENT_HCM_06205,27B-423.19,Hyundai,Grand i10,8/10/2023,8/11/2023,551840,Ngo Van Quyen,1
RENT_HCM_06206,84G-796.42,Kia,Morning,1/18/2026,1/24/2026,2768670,Nguyen Van Linh,0
RENT_HCM_06207,31F-834.71,Hyundai,Grand i10,11/14/2024,11/18/2024,4461408,Vu Van Em,2
RENT_HCM_06208,11C-738.22,Vinfast,Fadil,3/29/2025,4/2/2025,1734372,Dang Thi Giang,2
RENT_HCM_06209,83F-155.85,Vinfast,Fadil,2/14/2023,2/15/2023,413743,Do Thi Hoa,2
RENT_HCM_06210,14H-574.13,Kia,Morning,8/13/2021,8/14/2021,771593,Ngo Van Em,2
RENT_HCM_06211,39A-767.06,Honda,CR-V,12/19/2024,12/23/2024,4643324,Do Thi Binh,0
RENT_HCM_06212,78B-364.49,Toyota,Camry,1/18/2024,1/22/2024,3324816,Dang Thi Oanh,1
RENT_HCM_06213,87B-650.29,Toyota,Camry,6/9/2025,6/12/2025,1798524,Pham Thi Giang,0
RENT_HCM_06214,81H-361.56,Vinfast,Lux A2.0,8/5/2023,8/6/2023,929951,Dang Thi Hoa,2
RENT_HCM_06215,63E-560.78,Kia,Morning,9/8/2026,9/14/2026,6668124,Le Van Khoa,1
RENT_HCM_06216,45C-524.00,Toyota,Camry,3/6/2021,3/11/2021,4934700,Ngo Van Binh,0
RENT_HCM_06217,36D-337.43,Vinfast,Lux A2.0,12/8/2024,12/10/2024,1281892,Nguyen Van Linh,0
RENT_HCM_06218,18H-105.04,Hyundai,i10,9/15/2026,9/20/2026,5671070,Hoang Van Cuong,2
RENT_HCM_06219,18H-105.04,Hyundai,i10,11/9/2025,11/15/2025,2949852,Do Thi Phong,1
RENT_HCM_06220,80K-657.71,Toyota,Innova,5/18/2021,5/24/2021,4130034,Vu Van Oanh,0
RENT_HCM_06221,51G-626.30,Vinfast,Lux A2.0,3/12/2024,3/19/2024,5150481,Pham Thi Em,1
RENT_HCM_06222,45F-232.07,Vinfast,Lux A2.0,9/21/2021,9/22/2021,886822,Le Van Binh,2
RENT_HCM_06223,95E-747.86,Mazda,CX-5,8/31/2026,9/7/2026,5307435,Do Thi Binh,0
RENT_HCM_06224,20K-624.55,Mazda,3,4/6/2025,4/12/2025,4107510,Ngo Van Giang,1
RENT_HCM_06225,26E-180.53,Hyundai,Accent,2/27/2022,3/5/2022,3971508,Hoang Van Hoa,0
RENT_HCM_06226,14G-415.24,Hyundai,i10,3/16/2022,3/19/2022,1763127,Le Van Hoa,0
RENT_HCM_06227,93D-583.18,Hyundai,Accent,4/13/2023,4/16/2023,1850907,Ngo Van Hoa,0
RENT_HCM_06228,23G-543.44,Hyundai,i10,8/14/2023,8/20/2023,4708284,Bui Thi Hoa,2
RENT_HCM_06229,22B-585.78,Ford,EcoSport,1/27/2023,1/30/2023,2856993,Tran Thi Minh,0
RENT_HCM_06230,39C-734.09,Ford,EcoSport,11/17/2021,11/24/2021,8052163,Nguyen Van Oanh,0
RENT_HCM_06231,94G-517.12,Mazda,CX-5,6/18/2024,6/23/2024,2365115,Bui Thi Binh,1
RENT_HCM_06232,85C-925.94,Hyundai,Grand i10,12/7/2025,12/11/2025,4624776,Le Van Linh,0
RENT_HCM_06233,33F-566.78,Toyota,Vios,5/26/2026,5/27/2026,1155718,Tran Thi Phong,0
RENT_HCM_06234,25D-448.59,Vinfast,Lux A2.0,1/21/2026,1/27/2026,6523200,Le Van Em,1
RENT_HCM_06235,23G-543.44,Hyundai,i10,9/8/2021,9/15/2021,8036294,Le Van Dung,0
RENT_HCM_06236,72C-183.23,Ford,Ranger,8/16/2025,8/18/2025,1662052,Ngo Van Hoa,0
RENT_HCM_06237,36F-989.46,Mazda,3,4/28/2023,5/4/2023,6037404,Hoang Van Oanh,0
RENT_HCM_06238,25B-454.15,Toyota,Innova,10/18/2021,10/23/2021,2612800,Hoang Van Oanh,0
RENT_HCM_06239,31A-995.79,Mazda,3,3/31/2025,4/5/2025,4138100,Bui Thi Khoa,1
RENT_HCM_06240,39H-996.40,Honda,CR-V,5/29/2025,6/5/2025,6123054,Ngo Van Nam,1
RENT_HCM_06241,42H-912.12,Toyota,Innova,1/5/2024,1/7/2024,2052096,Le Van Phong,0
RENT_HCM_06242,81A-639.94,Honda,City,6/26/2021,7/3/2021,8096739,Vu Van Dung,0
RENT_HCM_06243,68D-390.90,Kia,Morning,3/12/2026,3/17/2026,5423170,Ngo Van Phong,3
RENT_HCM_06244,73D-927.45,Mazda,CX-5,4/27/2026,4/28/2026,1113177,Bui Thi Nam,1
RENT_HCM_06245,39H-457.60,Hyundai,Grand i10,1/1/2026,1/8/2026,7395136,Vu Van Dung,0
RENT_HCM_06246,40E-606.38,Vinfast,Lux A2.0,10/31/2024,11/6/2024,4553892,Dang Thi Khoa,0
RENT_HCM_06247,82K-625.14,Honda,City,1/20/2022,1/25/2022,4646425,Pham Thi Oanh,0
RENT_HCM_06248,40E-511.08,Honda,CR-V,7/19/2022,7/21/2022,2284958,Bui Thi Phong,0
RENT_HCM_06249,27G-984.07,Ford,Ranger,4/13/2023,4/16/2023,2625441,Hoang Van Phuc,3
RENT_HCM_06250,74D-805.08,Hyundai,Accent,1/25/2022,1/29/2022,4306140,Tran Thi Quyen,1
RENT_HCM_06251,11C-738.22,Vinfast,Fadil,10/6/2021,10/12/2021,6047142,Tran Thi An,2
RENT_HCM_06252,95B-546.55,Hyundai,Accent,6/23/2026,6/28/2026,3889950,Nguyen Van Dung,1
RENT_HCM_06253,63E-560.78,Kia,Morning,7/19/2022,7/24/2022,5086200,Dang Thi Phong,1
RENT_HCM_06254,96D-838.67,Vinfast,Lux A2.0,7/27/2023,8/1/2023,2920590,Le Van Minh,1
RENT_HCM_06255,23D-400.10,Kia,Morning,1/13/2025,1/17/2025,4763132,Le Van Minh,0
RENT_HCM_06256,47D-840.33,Kia,Morning,12/1/2023,12/5/2023,3777160,Hoang Van Quyen,1
RENT_HCM_06257,95C-492.50,Toyota,Innova,10/28/2025,11/1/2025,1966896,Dang Thi Phuc,3
RENT_HCM_06258,14B-920.02,Toyota,Vios,5/23/2021,5/24/2021,534190,Ngo Van Quyen,0
RENT_HCM_06259,32C-510.80,Hyundai,Grand i10,11/21/2025,11/28/2025,5811295,Nguyen Van Nam,0
RENT_HCM_06260,50D-378.78,Vinfast,Lux A2.0,12/28/2022,1/3/2023,2536692,Nguyen Van Phong,0
RENT_HCM_06261,66E-447.50,Mazda,CX-5,2/29/2024,3/6/2024,4421688,Do Thi Em,0
RENT_HCM_06262,11H-964.02,Ford,Ranger,8/19/2025,8/20/2025,822469,Pham Thi Nam,0
RENT_HCM_06263,47D-840.33,Kia,Morning,10/22/2025,10/24/2025,1452004,Tran Thi Khoa,1
RENT_HCM_06264,45F-232.07,Vinfast,Lux A2.0,2/9/2022,2/12/2022,2079534,Bui Thi Phong,1
RENT_HCM_06265,40H-661.06,Mazda,3,11/14/2023,11/20/2023,5020170,Hoang Van Minh,2
RENT_HCM_06266,84A-192.77,Toyota,Camry,9/13/2024,9/16/2024,3466434,Do Thi An,1
RENT_HCM_06267,66F-164.86,Kia,Soluto,12/5/2025,12/11/2025,6690270,Le Van Nam,0
RENT_HCM_06268,14H-574.13,Kia,Morning,12/7/2021,12/11/2021,3620180,Bui Thi Dung,1
RENT_HCM_06269,31E-660.71,Toyota,Camry,9/14/2022,9/20/2022,4260540,Pham Thi Giang,2
RENT_HCM_06270,38G-667.86,Mazda,3,8/14/2024,8/16/2024,1073414,Pham Thi Em,0
RENT_HCM_06271,73D-927.45,Mazda,CX-5,12/17/2022,12/20/2022,2270619,Tran Thi Giang,2
RENT_HCM_06272,53K-126.49,Toyota,Innova,1/20/2026,1/25/2026,5780705,Ngo Van Linh,0
RENT_HCM_06273,71D-707.45,Mazda,3,3/27/2024,4/3/2024,4557511,Ngo Van Giang,2
RENT_HCM_06274,72K-707.72,Toyota,Camry,9/19/2022,9/22/2022,2581260,Dang Thi Phuc,1
RENT_HCM_06275,46E-807.16,Honda,City,10/13/2023,10/20/2023,3687719,Do Thi Binh,1
RENT_HCM_06276,18A-563.17,Toyota,Innova,2/22/2021,2/25/2021,1581201,Pham Thi Phong,1
RENT_HCM_06277,78C-146.78,Ford,Ranger,9/29/2023,10/5/2023,2795886,Tran Thi Binh,0
RENT_HCM_06278,88K-102.81,Hyundai,Accent,5/16/2026,5/17/2026,894216,Nguyen Van Phong,2
RENT_HCM_06279,90A-485.48,Mazda,CX-5,6/28/2022,7/5/2022,7180145,Vu Van Cuong,0
RENT_HCM_06280,13H-835.85,Ford,EcoSport,3/1/2023,3/6/2023,5438620,Dang Thi Phong,1
RENT_HCM_06281,50G-877.98,Hyundai,i10,8/9/2023,8/11/2023,1451948,Bui Thi Phong,0
RENT_HCM_06282,90F-168.01,Toyota,Vios,1/23/2022,1/28/2022,4334335,Dang Thi Giang,0
RENT_HCM_06283,77C-616.68,Toyota,Camry,10/8/2021,10/15/2021,4990531,Nguyen Van Khoa,1
RENT_HCM_06284,66E-447.50,Mazda,CX-5,6/29/2021,7/4/2021,2078415,Nguyen Van Oanh,2
RENT_HCM_06285,39B-248.98,Hyundai,Grand i10,10/7/2022,10/13/2022,6614088,Hoang Van Phong,0
RENT_HCM_06286,72G-919.68,Toyota,Vios,6/23/2024,6/27/2024,3216256,Pham Thi Giang,1
RENT_HCM_06287,93F-865.25,Mazda,3,1/14/2026,1/18/2026,3943388,Ngo Van Quyen,0
RENT_HCM_06288,53K-126.49,Toyota,Innova,10/5/2022,10/11/2022,3679698,Vu Van Minh,1
RENT_HCM_06289,27G-984.07,Ford,Ranger,5/15/2025,5/19/2025,4065036,Bui Thi Em,0
RENT_HCM_06290,49C-168.30,Vinfast,Fadil,1/18/2024,1/25/2024,3107657,Dang Thi Quyen,0
RENT_HCM_06291,32C-510.80,Hyundai,Grand i10,8/23/2022,8/28/2022,4064015,Pham Thi Nam,0
RENT_HCM_06292,32F-733.46,Toyota,Vios,10/23/2024,10/29/2024,5813238,Hoang Van Binh,0
RENT_HCM_06293,39K-469.95,Mazda,CX-5,7/24/2021,7/26/2021,1983524,Le Van Nam,1
RENT_HCM_06294,23C-148.49,Hyundai,i10,8/5/2024,8/12/2024,3430420,Vu Van Khoa,1
RENT_HCM_06295,59C-409.49,Honda,CR-V,10/5/2021,10/8/2021,1335324,Do Thi Minh,0
RENT_HCM_06296,77C-616.68,Toyota,Camry,10/2/2025,10/7/2025,2298485,Le Van Dung,0
RENT_HCM_06297,29C-652.72,Mazda,3,3/31/2026,4/3/2026,3378783,Pham Thi Em,0
RENT_HCM_06298,90A-485.48,Mazda,CX-5,1/2/2022,1/6/2022,2273780,Bui Thi Quyen,0
RENT_HCM_06299,81H-361.56,Vinfast,Lux A2.0,4/13/2026,4/14/2026,827712,Bui Thi Phong,0
RENT_HCM_06300,66E-447.50,Mazda,CX-5,8/26/2022,8/31/2022,5050145,Le Van Minh,2
RENT_HCM_06301,39C-734.09,Ford,EcoSport,9/16/2023,9/17/2023,504578,Nguyen Van Hoa,0
RENT_HCM_06302,64C-859.87,Toyota,Vios,6/4/2023,6/6/2023,1042732,Hoang Van Hoa,1
RENT_HCM_06303,60A-977.72,Hyundai,Grand i10,11/8/2023,11/12/2023,1650092,Bui Thi Phuc,2
RENT_HCM_06304,55K-383.25,Mazda,3,8/16/2024,8/23/2024,2819229,Hoang Van Dung,0
RENT_HCM_06305,47B-414.62,Honda,City,11/24/2024,11/30/2024,6890058,Tran Thi Hoa,0
RENT_HCM_06306,96H-976.38,Hyundai,i10,5/23/2026,5/27/2026,3137648,Ngo Van Dung,0
RENT_HCM_06307,83B-797.49,Mazda,3,10/12/2021,10/16/2021,4590236,Nguyen Van Cuong,1
RENT_HCM_06308,18A-563.17,Toyota,Innova,5/5/2023,5/12/2023,3951360,Vu Van Quyen,0
RENT_HCM_06309,33B-472.24,Kia,Seltos,9/9/2024,9/13/2024,4066316,Tran Thi Giang,0
RENT_HCM_06310,36K-772.94,Ford,EcoSport,1/11/2025,1/15/2025,4112968,Hoang Van Phong,0
RENT_HCM_06311,76G-211.58,Hyundai,Accent,9/12/2023,9/17/2023,2637960,Pham Thi Phuc,1
RENT_HCM_06312,14B-920.02,Toyota,Vios,7/12/2024,7/16/2024,2862276,Do Thi Em,0
RENT_HCM_06313,23D-400.10,Kia,Morning,1/10/2023,1/13/2023,3204978,Ngo Van Giang,1
RENT_HCM_06314,86E-413.23,Toyota,Vios,4/16/2021,4/22/2021,4866876,Tran Thi Em,0
RENT_HCM_06315,50D-378.78,Vinfast,Lux A2.0,9/1/2024,9/8/2024,3710070,Ngo Van Phuc,0
RENT_HCM_06316,43K-499.70,Kia,Seltos,3/17/2025,3/23/2025,4502208,Dang Thi An,0
RENT_HCM_06317,81H-361.56,Vinfast,Lux A2.0,1/12/2023,1/14/2023,2367326,Le Van Cuong,1
RENT_HCM_06318,39A-767.06,Honda,CR-V,4/20/2024,4/22/2024,2369592,Nguyen Van Khoa,1
RENT_HCM_06319,77B-234.63,Mazda,3,8/1/2024,8/3/2024,1643690,Pham Thi An,3
RENT_HCM_06320,59B-706.42,Toyota,Vios,6/7/2025,6/9/2025,2182444,Tran Thi Em,0
RENT_HCM_06321,26E-180.53,Hyundai,Accent,7/11/2021,7/13/2021,981274,Dang Thi Em,2
RENT_HCM_06322,84A-192.77,Toyota,Camry,2/28/2026,3/6/2026,6031770,Do Thi Minh,0
RENT_HCM_06323,83B-797.49,Mazda,3,3/12/2021,3/13/2021,567953,Tran Thi Linh,0
RENT_HCM_06324,76H-418.80,Hyundai,Accent,3/4/2025,3/8/2025,3007336,Nguyen Van Dung,3
RENT_HCM_06325,36F-989.46,Mazda,3,11/30/2022,12/5/2022,2811620,Nguyen Van Nam,3
RENT_HCM_06326,49C-168.30,Vinfast,Fadil,8/1/2025,8/2/2025,644740,Pham Thi Nam,2
RENT_HCM_06327,82K-162.58,Mazda,CX-5,6/23/2026,6/30/2026,7636202,Hoang Van Quyen,0
RENT_HCM_06328,90A-485.48,Mazda,CX-5,9/6/2025,9/9/2025,2470377,Do Thi Phong,1
RENT_HCM_06329,30F-808.46,Toyota,Camry,10/23/2024,10/25/2024,1299144,Ngo Van Cuong,2
RENT_HCM_06330,90A-463.29,Hyundai,i10,3/1/2025,3/8/2025,2869370,Bui Thi Giang,0
RENT_HCM_06331,36D-337.43,Vinfast,Lux A2.0,11/9/2022,11/16/2022,4794167,Dang Thi Nam,0
RENT_HCM_06332,12G-744.89,Mazda,CX-5,4/11/2025,4/15/2025,3036824,Dang Thi Giang,0
RENT_HCM_06333,37B-826.15,Kia,Soluto,7/2/2023,7/6/2023,3682084,Tran Thi An,1
RENT_HCM_06334,23G-543.44,Hyundai,i10,6/3/2026,6/8/2026,2165045,Ngo Van Phong,3
RENT_HCM_06335,87K-428.26,Honda,CR-V,5/17/2026,5/22/2026,3084545,Pham Thi Linh,0
RENT_HCM_06336,85E-378.37,Ford,Ranger,10/16/2023,10/17/2023,1128706,Nguyen Van Hoa,0
RENT_HCM_06337,93D-583.18,Hyundai,Accent,7/17/2022,7/20/2022,1504824,Pham Thi Khoa,0
RENT_HCM_06338,95B-546.55,Hyundai,Accent,12/20/2021,12/26/2021,5453742,Do Thi Minh,1
RENT_HCM_06339,38C-383.91,Ford,Ranger,7/9/2026,7/13/2026,1992072,Bui Thi Minh,2
RENT_HCM_06340,83F-155.85,Vinfast,Fadil,1/7/2024,1/13/2024,4038636,Pham Thi Em,1
RENT_HCM_06341,34K-392.12,Kia,Morning,4/28/2026,5/5/2026,6956838,Tran Thi Em,3
RENT_HCM_06342,96H-976.38,Hyundai,i10,11/11/2023,11/15/2023,2457060,Nguyen Van Phong,0
RENT_HCM_06343,24A-243.28,Hyundai,Grand i10,9/3/2024,9/5/2024,985604,Bui Thi Dung,1
RENT_HCM_06344,40A-169.95,Toyota,Vios,7/30/2024,8/2/2024,1575264,Ngo Van Phong,0
RENT_HCM_06345,40G-744.81,Honda,City,2/19/2023,2/20/2023,709157,Do Thi Quyen,0
RENT_HCM_06346,72K-707.72,Toyota,Camry,4/14/2021,4/21/2021,3535014,Dang Thi Minh,2
RENT_HCM_06347,39H-562.25,Ford,EcoSport,1/12/2022,1/15/2022,2842293,Dang Thi Cuong,1
RENT_HCM_06348,33F-566.78,Toyota,Vios,8/26/2023,8/28/2023,1762982,Bui Thi Nam,2
RENT_HCM_06349,13E-299.60,Honda,CR-V,5/1/2022,5/2/2022,513166,Tran Thi Minh,0
RENT_HCM_06350,31F-834.71,Hyundai,Grand i10,4/4/2026,4/8/2026,2792492,Ngo Van Phong,0
RENT_HCM_06351,67C-665.78,Hyundai,i10,3/2/2024,3/7/2024,4805235,Do Thi Phong,3
RENT_HCM_06352,64K-177.33,Vinfast,Lux A2.0,12/1/2024,12/4/2024,2083707,Le Van Cuong,3
RENT_HCM_06353,90A-485.48,Mazda,CX-5,2/23/2025,2/28/2025,3303340,Tran Thi Minh,1
RENT_HCM_06354,65B-452.82,Toyota,Innova,6/12/2025,6/14/2025,2234526,Bui Thi Quyen,0
RENT_HCM_06355,68A-588.72,Ford,EcoSport,9/16/2021,9/19/2021,2938563,Pham Thi Phuc,0
RENT_HCM_06356,65B-452.82,Toyota,Innova,2/16/2022,2/18/2022,803320,Ngo Van Khoa,0
RENT_HCM_06357,50G-118.24,Honda,CR-V,8/12/2021,8/13/2021,1031454,Pham Thi Binh,1
RENT_HCM_06358,39H-457.60,Hyundai,Grand i10,9/28/2024,10/4/2024,4994970,Nguyen Van Quyen,1
RENT_HCM_06359,22G-155.46,Hyundai,i10,9/15/2023,9/16/2023,473114,Pham Thi Phuc,1
RENT_HCM_06360,68A-105.33,Toyota,Innova,10/24/2025,10/27/2025,1225893,Pham Thi Cuong,0
RENT_HCM_06361,38G-667.86,Mazda,3,2/19/2023,2/22/2023,2353161,Hoang Van Giang,2
RENT_HCM_06362,36K-772.94,Ford,EcoSport,8/16/2023,8/20/2023,3672200,Pham Thi Cuong,1
RENT_HCM_06363,18C-484.21,Ford,Ranger,5/16/2022,5/21/2022,2831230,Ngo Van Khoa,3
RENT_HCM_06364,15C-124.07,Toyota,Innova,7/25/2021,7/26/2021,955290,Hoang Van Linh,0
RENT_HCM_06365,90F-168.01,Toyota,Vios,5/8/2025,5/10/2025,1286338,Ngo Van Cuong,3
RENT_HCM_06366,59B-706.42,Toyota,Vios,7/20/2024,7/23/2024,2946039,Pham Thi Giang,0
RENT_HCM_06367,93A-482.11,Toyota,Camry,3/10/2026,3/13/2026,1951635,Nguyen Van Nam,0
RENT_HCM_06368,85C-925.94,Hyundai,Grand i10,5/29/2026,6/3/2026,2689930,Bui Thi Phong,0
RENT_HCM_06369,69D-543.35,Honda,City,4/2/2024,4/8/2024,3107364,Hoang Van Quyen,1
RENT_HCM_06370,42H-912.12,Toyota,Innova,1/28/2025,1/31/2025,2582472,Bui Thi Oanh,1
RENT_HCM_06371,40E-511.08,Honda,CR-V,9/18/2021,9/21/2021,2220144,Vu Van Linh,0
RENT_HCM_06372,86G-330.15,Toyota,Vios,1/6/2021,1/8/2021,1420352,Le Van Nam,0
RENT_HCM_06373,59C-409.49,Honda,CR-V,5/20/2026,5/27/2026,3761142,Vu Van Linh,0
RENT_HCM_06374,32D-394.35,Toyota,Vios,8/27/2026,9/2/2026,6264792,Bui Thi Khoa,1
RENT_HCM_06375,30E-325.25,Kia,Morning,4/12/2023,4/15/2023,3391929,Dang Thi Phuc,0
RENT_HCM_06376,62K-469.95,Vinfast,Fadil,9/19/2026,9/21/2026,1751294,Hoang Van Em,1
RENT_HCM_06377,31E-660.71,Toyota,Camry,8/28/2021,8/29/2021,686678,Pham Thi Quyen,1
RENT_HCM_06378,53E-229.68,Vinfast,Fadil,4/16/2024,4/22/2024,4905834,Bui Thi Cuong,0
RENT_HCM_06379,37F-841.13,Kia,Morning,3/21/2023,3/27/2023,2912094,Dang Thi Em,0
RENT_HCM_06380,95E-747.86,Mazda,CX-5,6/25/2022,6/30/2022,3490505,Le Van Cuong,2
RENT_HCM_06381,39B-248.98,Hyundai,Grand i10,4/18/2024,4/20/2024,2308716,Do Thi Nam,0
RENT_HCM_06382,55B-647.43,Mazda,3,6/24/2026,6/27/2026,1347438,Tran Thi Phuc,1
RENT_HCM_06383,99E-453.66,Kia,Soluto,4/5/2022,4/6/2022,1008865,Ngo Van Giang,1
RENT_HCM_06384,72G-919.68,Toyota,Vios,12/3/2024,12/5/2024,801458,Pham Thi Binh,1
RENT_HCM_06385,85H-903.18,Kia,Morning,10/27/2025,11/2/2025,4522602,Hoang Van Binh,1
RENT_HCM_06386,93D-583.18,Hyundai,Accent,5/25/2023,5/28/2023,2532726,Pham Thi Giang,0
RENT_HCM_06387,40E-511.08,Honda,CR-V,8/3/2023,8/10/2023,8297408,Pham Thi Phong,0
RENT_HCM_06388,95B-546.55,Hyundai,Accent,7/29/2023,8/4/2023,5310174,Vu Van Binh,3
RENT_HCM_06389,47D-840.33,Kia,Morning,6/14/2025,6/16/2025,1872282,Ngo Van Hoa,0
RENT_HCM_06390,16K-535.88,Kia,Soluto,7/24/2021,7/25/2021,884480,Bui Thi Phuc,0
RENT_HCM_06391,66E-447.50,Mazda,CX-5,7/4/2021,7/6/2021,1721208,Bui Thi Quyen,0
RENT_HCM_06392,37B-826.15,Kia,Soluto,9/20/2021,9/21/2021,992254,Nguyen Van Minh,0
RENT_HCM_06393,13H-835.85,Ford,EcoSport,11/9/2021,11/15/2021,6104496,Bui Thi Phong,0
RENT_HCM_06394,13E-299.60,Honda,CR-V,5/20/2021,5/23/2021,3390300,Dang Thi Quyen,1
RENT_HCM_06395,55B-647.43,Mazda,3,11/18/2022,11/23/2022,2740700,Le Van Phong,3
RENT_HCM_06396,78B-364.49,Toyota,Camry,4/8/2026,4/10/2026,1298978,Dang Thi Minh,1
RENT_HCM_06397,85H-903.18,Kia,Morning,11/29/2024,11/30/2024,559246,Vu Van Nam,0
RENT_HCM_06398,87K-428.26,Honda,CR-V,1/11/2026,1/17/2026,5439846,Dang Thi Phuc,2
RENT_HCM_06399,81H-361.56,Vinfast,Lux A2.0,7/1/2025,7/5/2025,3735792,Do Thi Cuong,1
RENT_HCM_06400,40E-606.38,Vinfast,Lux A2.0,3/22/2024,3/23/2024,1163143,Pham Thi Khoa,0
RENT_HCM_06401,93F-865.25,Mazda,3,1/11/2026,1/16/2026,3716645,Dang Thi Binh,1
RENT_HCM_06402,70D-192.58,Kia,Morning,1/26/2024,1/30/2024,1996428,Hoang Van Cuong,0
RENT_HCM_06403,31E-660.71,Toyota,Camry,10/22/2021,10/24/2021,2337720,Ngo Van Nam,0
RENT_HCM_06404,71C-946.67,Ford,EcoSport,8/2/2021,8/5/2021,2945904,Nguyen Van Minh,0
RENT_HCM_06405,65B-452.82,Toyota,Innova,11/23/2024,11/30/2024,3343480,Ngo Van An,2
RENT_HCM_06406,29C-652.72,Mazda,3,6/16/2026,6/17/2026,906753,Hoang Van Giang,1
RENT_HCM_06407,72G-919.68,Toyota,Vios,11/21/2024,11/23/2024,1931292,Vu Van Binh,1
RENT_HCM_06408,24A-243.28,Hyundai,Grand i10,3/20/2021,3/21/2021,772733,Tran Thi Linh,1
RENT_HCM_06409,92D-335.06,Toyota,Camry,4/10/2022,4/13/2022,3422109,Pham Thi Phuc,0
RENT_HCM_06410,47B-414.62,Honda,City,6/24/2024,6/25/2024,879684,Hoang Van Cuong,0
RENT_HCM_06411,14B-920.02,Toyota,Vios,1/3/2024,1/7/2024,3628928,Dang Thi Phuc,1
RENT_HCM_06412,39A-767.06,Honda,CR-V,10/3/2024,10/9/2024,6620478,Vu Van Nam,2
RENT_HCM_06413,37B-826.15,Kia,Soluto,7/15/2022,7/17/2022,1377876,Bui Thi Dung,0
RENT_HCM_06414,24A-243.28,Hyundai,Grand i10,2/9/2026,2/14/2026,3244285,Do Thi Em,0
RENT_HCM_06415,66E-447.50,Mazda,CX-5,6/18/2022,6/21/2022,1823958,Ngo Van Minh,0
RENT_HCM_06416,21K-767.03,Hyundai,i10,12/17/2022,12/21/2022,2035316,Hoang Van Quyen,0
RENT_HCM_06417,33C-941.96,Kia,Morning,8/3/2021,8/5/2021,836900,Nguyen Van Dung,2
RENT_HCM_06418,96D-838.67,Vinfast,Lux A2.0,9/28/2024,9/29/2024,628226,Vu Van Dung,0
RENT_HCM_06419,74A-942.98,Hyundai,Accent,11/5/2024,11/6/2024,959080,Tran Thi Linh,2
RENT_HCM_06420,20K-624.55,Mazda,3,9/18/2023,9/25/2023,3847137,Ngo Van Quyen,0
RENT_HCM_06421,66E-447.50,Mazda,CX-5,1/20/2025,1/24/2025,4599208,Hoang Van Binh,0
RENT_HCM_06422,53E-229.68,Vinfast,Fadil,11/2/2025,11/9/2025,7268408,Tran Thi Hoa,0
RENT_HCM_06423,87B-430.99,Honda,City,9/1/2022,9/2/2022,466499,Vu Van An,0
RENT_HCM_06424,49E-348.68,Kia,Soluto,3/31/2025,4/4/2025,4631212,Do Thi An,0
RENT_HCM_06425,62G-115.18,Ford,Ranger,11/19/2022,11/25/2022,6930504,Tran Thi Dung,3
RENT_HCM_06426,23D-400.10,Kia,Morning,1/21/2021,1/26/2021,5081610,Do Thi Oanh,3
RENT_HCM_06427,84A-192.77,Toyota,Camry,7/6/2023,7/12/2023,5166642,Pham Thi Khoa,3
RENT_HCM_06428,56B-609.78,Honda,CR-V,7/20/2021,7/22/2021,2273264,Do Thi Em,2
RENT_HCM_06429,30K-166.87,Hyundai,Accent,9/19/2026,9/21/2026,2218280,Do Thi Minh,1
RENT_HCM_06430,33B-472.24,Kia,Seltos,8/22/2021,8/27/2021,2862470,Vu Van Hoa,0
RENT_HCM_06431,80K-657.71,Toyota,Innova,9/22/2024,9/23/2024,429034,Nguyen Van Quyen,0
RENT_HCM_06432,76H-418.80,Hyundai,Accent,12/17/2022,12/23/2022,6410892,Dang Thi Cuong,1
RENT_HCM_06433,39C-734.09,Ford,EcoSport,12/8/2021,12/11/2021,2922276,Tran Thi Cuong,0
RENT_HCM_06434,92F-931.00,Vinfast,Lux A2.0,3/11/2024,3/17/2024,4211670,Vu Van An,0
RENT_HCM_06435,42D-602.47,Honda,City,7/29/2026,8/3/2026,2220155,Nguyen Van Binh,0
RENT_HCM_06436,91H-439.88,Mazda,CX-5,7/7/2026,7/9/2026,1139600,Pham Thi Nam,1
RENT_HCM_06437,65B-452.82,Toyota,Innova,5/21/2024,5/25/2024,4033560,Nguyen Van Hoa,0
RENT_HCM_06438,11G-399.40,Kia,Morning,10/28/2022,11/1/2022,3184696,Hoang Van Oanh,2
RENT_HCM_06439,39C-734.09,Ford,EcoSport,5/22/2025,5/29/2025,6495377,Vu Van Hoa,2
RENT_HCM_06440,93D-583.18,Hyundai,Accent,10/12/2025,10/17/2025,5777710,Ngo Van Dung,2
RENT_HCM_06441,65B-452.82,Toyota,Innova,11/19/2022,11/22/2022,1290345,Bui Thi Phong,1
RENT_HCM_06442,11G-731.54,Honda,City,2/16/2024,2/18/2024,1499870,Bui Thi Linh,0
RENT_HCM_06443,63E-560.78,Kia,Morning,3/31/2026,4/4/2026,1825904,Hoang Van An,0
RENT_HCM_06444,65B-452.82,Toyota,Innova,8/28/2024,9/4/2024,5337801,Ngo Van Phong,3
RENT_HCM_06445,94E-578.12,Hyundai,i10,2/3/2026,2/8/2026,2950715,Le Van An,0
RENT_HCM_06446,85H-903.18,Kia,Morning,10/30/2022,11/4/2022,3994420,Ngo Van Em,1
RENT_HCM_06447,21A-335.92,Vinfast,Fadil,6/9/2024,6/10/2024,991442,Hoang Van Hoa,0
RENT_HCM_06448,41C-516.21,Hyundai,i10,2/18/2023,2/24/2023,6675120,Nguyen Van Minh,0
RENT_HCM_06449,41C-516.21,Hyundai,i10,10/31/2025,11/1/2025,996508,Le Van Linh,0
RENT_HCM_06450,55K-383.25,Mazda,3,11/18/2024,11/21/2024,2302890,Vu Van Khoa,1
RENT_HCM_06451,80K-657.71,Toyota,Innova,2/16/2026,2/21/2026,3385920,Do Thi Giang,0
RENT_HCM_06452,78B-364.49,Toyota,Camry,9/7/2021,9/12/2021,3607070,Vu Van Cuong,1
RENT_HCM_06453,73A-575.16,Ford,Ranger,9/11/2026,9/16/2026,5225330,Pham Thi Giang,0
RENT_HCM_06454,90B-179.51,Vinfast,Fadil,4/14/2021,4/18/2021,2968892,Vu Van Binh,0
RENT_HCM_06455,45C-536.55,Ford,EcoSport,1/30/2023,2/3/2023,2986120,Nguyen Van Minh,0
RENT_HCM_06456,86G-330.15,Toyota,Vios,10/23/2023,10/24/2023,1156674,Bui Thi An,2
RENT_HCM_06457,67C-665.78,Hyundai,i10,10/8/2024,10/14/2024,4982610,Le Van Em,0
RENT_HCM_06458,90D-598.73,Toyota,Innova,6/8/2021,6/15/2021,5537042,Nguyen Van Hoa,0
RENT_HCM_06459,30K-166.87,Hyundai,Accent,4/11/2023,4/12/2023,724155,Nguyen Van Quyen,0
RENT_HCM_06460,53K-126.49,Toyota,Innova,5/24/2026,5/30/2026,3993654,Nguyen Van Oanh,1
RENT_HCM_06461,78B-364.49,Toyota,Camry,3/13/2022,3/14/2022,803829,Bui Thi Linh,0
RENT_HCM_06462,78C-146.78,Ford,Ranger,12/16/2025,12/20/2025,3885304,Pham Thi Cuong,0
RENT_HCM_06463,66G-320.55,Kia,Soluto,10/5/2021,10/11/2021,5365884,Pham Thi Phuc,2
RENT_HCM_06464,73D-927.45,Mazda,CX-5,8/11/2022,8/15/2022,4280444,Do Thi Oanh,0
RENT_HCM_06465,90B-179.51,Vinfast,Fadil,5/29/2022,6/2/2022,2876368,Le Van Phong,1
RENT_HCM_06466,56B-609.78,Honda,CR-V,8/24/2022,8/28/2022,3262416,Nguyen Van Dung,3
RENT_HCM_06467,33C-941.96,Kia,Morning,9/30/2024,10/5/2024,3504090,Dang Thi Hoa,0
RENT_HCM_06468,63A-217.47,Hyundai,i10,8/14/2022,8/20/2022,6445680,Pham Thi An,0
RENT_HCM_06469,43K-499.70,Kia,Seltos,1/27/2023,2/3/2023,3445008,Nguyen Van Linh,0
RENT_HCM_06470,50G-877.98,Hyundai,i10,6/12/2022,6/14/2022,998802,Dang Thi Quyen,0
RENT_HCM_06471,27B-423.19,Hyundai,Grand i10,6/14/2021,6/20/2021,3104364,Nguyen Van Phong,0
RENT_HCM_06472,32C-510.80,Hyundai,Grand i10,6/1/2024,6/4/2024,3157962,Do Thi Khoa,0
RENT_HCM_06473,95C-492.50,Toyota,Innova,11/24/2023,11/29/2023,4399675,Vu Van Em,1
RENT_HCM_06474,39A-767.06,Honda,CR-V,10/15/2023,10/17/2023,1020086,Ngo Van Khoa,1
RENT_HCM_06475,36D-337.43,Vinfast,Lux A2.0,3/20/2024,3/22/2024,1196398,Bui Thi Em,1
RENT_HCM_06476,90A-463.29,Hyundai,i10,7/12/2023,7/17/2023,3480005,Tran Thi Em,0
RENT_HCM_06477,16B-618.82,Hyundai,Grand i10,4/4/2025,4/6/2025,1510376,Bui Thi Linh,0
RENT_HCM_06478,25D-575.36,Hyundai,Accent,9/12/2026,9/18/2026,5466714,Tran Thi Hoa,1
RENT_HCM_06479,57C-660.60,Toyota,Vios,2/14/2026,2/18/2026,3408188,Dang Thi Phong,3
RENT_HCM_06480,76G-211.58,Hyundai,Accent,9/20/2026,9/22/2026,1926776,Ngo Van An,3
RENT_HCM_06481,11C-319.16,Toyota,Innova,11/25/2025,11/30/2025,3419110,Pham Thi Dung,1
RENT_HCM_06482,74D-805.08,Hyundai,Accent,12/21/2021,12/25/2021,3708400,Le Van Binh,0
RENT_HCM_06483,14G-415.24,Hyundai,i10,12/17/2022,12/22/2022,3087030,Vu Van Em,1
RENT_HCM_06484,72G-919.68,Toyota,Vios,1/3/2025,1/5/2025,2187406,Dang Thi Nam,1
RENT_HCM_06485,81H-361.56,Vinfast,Lux A2.0,12/30/2021,1/4/2022,2775845,Pham Thi Phuc,3
RENT_HCM_06486,91B-105.47,Toyota,Innova,7/7/2021,7/11/2021,3236928,Bui Thi Em,0
RENT_HCM_06487,11H-964.02,Ford,Ranger,1/24/2022,1/30/2022,5585304,Bui Thi Nam,0
RENT_HCM_06488,99C-732.83,Ford,EcoSport,12/28/2022,12/29/2022,982692,Dang Thi Nam,1
RENT_HCM_06489,49E-348.68,Kia,Soluto,3/1/2022,3/7/2022,4005132,Tran Thi An,0
RENT_HCM_06490,38G-667.86,Mazda,3,2/20/2024,2/23/2024,2387415,Vu Van Binh,1
RENT_HCM_06491,83B-797.49,Mazda,3,7/31/2024,8/6/2024,3587604,Le Van Nam,0
RENT_HCM_06492,59A-901.69,Kia,Soluto,8/9/2024,8/10/2024,1092417,Do Thi Hoa,0
RENT_HCM_06493,77F-485.44,Hyundai,i10,3/11/2024,3/15/2024,2513580,Nguyen Van Em,0
RENT_HCM_06494,47E-150.60,Kia,Seltos,8/22/2022,8/26/2022,2417084,Nguyen Van Khoa,0
RENT_HCM_06495,86E-413.23,Toyota,Vios,4/10/2023,4/12/2023,2161724,Bui Thi Nam,2
RENT_HCM_06496,57C-660.60,Toyota,Vios,1/8/2026,1/9/2026,973810,Tran Thi Cuong,0
RENT_HCM_06497,45D-330.83,Mazda,CX-5,4/9/2021,4/16/2021,6535347,Tran Thi Oanh,0
RENT_HCM_06498,93F-865.25,Mazda,3,3/12/2022,3/19/2022,6376895,Pham Thi Dung,1
RENT_HCM_06499,36E-560.60,Toyota,Vios,1/3/2024,1/9/2024,6065478,Dang Thi Hoa,2
RENT_HCM_06500,82E-939.56,Hyundai,Accent,3/19/2024,3/22/2024,2040126,Bui Thi Khoa,0
RENT_HCM_06501,66G-887.42,Vinfast,Lux A2.0,1/6/2023,1/12/2023,3941952,Hoang Van Nam,0
RENT_HCM_06502,62B-172.41,Kia,Soluto,5/25/2022,5/30/2022,2177635,Le Van Nam,0
RENT_HCM_06503,71C-946.67,Ford,EcoSport,5/11/2025,5/15/2025,2259920,Ngo Van Binh,1
RENT_HCM_06504,25A-321.29,Toyota,Innova,2/28/2022,3/2/2022,1938842,Tran Thi Linh,0
RENT_HCM_06505,68A-105.33,Toyota,Innova,8/2/2021,8/4/2021,2019168,Tran Thi Khoa,3
RENT_HCM_06506,77C-680.84,Honda,City,10/15/2021,10/17/2021,1569134,Bui Thi Oanh,0
RENT_HCM_06507,88K-102.81,Hyundai,Accent,9/14/2024,9/18/2024,2355644,Dang Thi Nam,0
RENT_HCM_06508,82K-162.58,Mazda,CX-5,8/21/2026,8/28/2026,4655350,Hoang Van Phuc,0
RENT_HCM_06509,14B-920.02,Toyota,Vios,3/24/2025,3/31/2025,5181960,Tran Thi Dung,2
RENT_HCM_06510,49D-328.28,Kia,Morning,5/29/2025,6/2/2025,2499724,Tran Thi Phuc,2
RENT_HCM_06511,32K-304.31,Kia,Morning,6/13/2024,6/20/2024,3280081,Pham Thi Nam,2
RENT_HCM_06512,11C-738.22,Vinfast,Fadil,12/8/2021,12/15/2021,7577696,Nguyen Van Hoa,1
RENT_HCM_06513,85C-925.94,Hyundai,Grand i10,1/11/2021,1/15/2021,4028432,Le Van Oanh,2
RENT_HCM_06514,31E-660.71,Toyota,Camry,6/8/2024,6/13/2024,4643390,Pham Thi Nam,1
RENT_HCM_06515,15A-216.83,Honda,City,4/3/2021,4/7/2021,2446856,Tran Thi Binh,1
RENT_HCM_06516,18A-563.17,Toyota,Innova,11/25/2025,12/1/2025,2528478,Tran Thi Dung,1
RENT_HCM_06517,78C-146.78,Ford,Ranger,4/3/2023,4/8/2023,5664975,Ngo Van Giang,1
RENT_HCM_06518,66G-320.55,Kia,Soluto,10/3/2022,10/4/2022,943581,Tran Thi Minh,1
RENT_HCM_06519,56B-609.78,Honda,CR-V,6/25/2024,7/1/2024,5349678,Le Van Giang,1
RENT_HCM_06520,15F-595.30,Honda,City,6/22/2026,6/29/2026,5556467,Hoang Van Quyen,1
RENT_HCM_06521,72K-221.19,Toyota,Innova,11/12/2025,11/17/2025,2799290,Do Thi Oanh,0
RENT_HCM_06522,76B-763.75,Honda,City,8/23/2021,8/24/2021,607030,Vu Van An,2
RENT_HCM_06523,91G-764.50,Toyota,Vios,8/4/2024,8/9/2024,2556845,Bui Thi Khoa,0
RENT_HCM_06524,85C-925.94,Hyundai,Grand i10,9/9/2022,9/12/2022,1263081,Hoang Van Cuong,2
RENT_HCM_06525,30D-278.73,Hyundai,Accent,7/18/2025,7/23/2025,4339825,Bui Thi Khoa,0
RENT_HCM_06526,83F-155.85,Vinfast,Fadil,4/8/2026,4/14/2026,7159884,Le Van Giang,1
RENT_HCM_06527,40H-661.06,Mazda,3,1/21/2022,1/25/2022,4647640,Pham Thi Hoa,1
RENT_HCM_06528,39B-248.98,Hyundai,Grand i10,3/19/2022,3/25/2022,4456212,Pham Thi Phuc,2
RENT_HCM_06529,66F-164.86,Kia,Soluto,9/29/2023,10/6/2023,8083061,Dang Thi Cuong,1
RENT_HCM_06530,69F-764.42,Mazda,CX-5,2/16/2021,2/19/2021,1431669,Do Thi Khoa,1
RENT_HCM_06531,40E-511.08,Honda,CR-V,4/8/2022,4/13/2022,4134370,Bui Thi Phong,1
RENT_HCM_06532,95C-492.50,Toyota,Innova,3/7/2023,3/12/2023,4964585,Bui Thi Hoa,0
RENT_HCM_06533,11C-319.16,Toyota,Innova,3/9/2024,3/14/2024,2110545,Do Thi Dung,2
RENT_HCM_06534,85H-903.18,Kia,Morning,6/5/2025,6/7/2025,1870328,Ngo Van Cuong,2
RENT_HCM_06535,30K-166.87,Hyundai,Accent,7/4/2022,7/10/2022,2415774,Dang Thi Phong,0
RENT_HCM_06536,99C-732.83,Ford,EcoSport,9/17/2026,9/20/2026,2004144,Vu Van Phuc,1
RENT_HCM_06537,51G-626.30,Vinfast,Lux A2.0,7/26/2025,7/31/2025,5084115,Le Van Khoa,0
RENT_HCM_06538,16K-690.45,Vinfast,Lux A2.0,7/11/2022,7/15/2022,2279684,Hoang Van Minh,1
RENT_HCM_06539,60A-977.72,Hyundai,Grand i10,2/12/2021,2/16/2021,3233608,Tran Thi Hoa,0
RENT_HCM_06540,39H-457.60,Hyundai,Grand i10,5/31/2026,6/5/2026,5535940,Nguyen Van Nam,1
RENT_HCM_06541,66E-447.50,Mazda,CX-5,9/27/2026,9/30/2026,2503347,Vu Van Em,3
RENT_HCM_06542,36D-337.43,Vinfast,Lux A2.0,6/21/2023,6/25/2023,1791400,Hoang Van Giang,1
RENT_HCM_06543,66G-887.42,Vinfast,Lux A2.0,9/5/2024,9/12/2024,5342806,Ngo Van Dung,1
RENT_HCM_06544,40G-744.81,Honda,City,6/15/2024,6/20/2024,3018165,Pham Thi Phuc,0
RENT_HCM_06545,16K-535.88,Kia,Soluto,7/21/2024,7/22/2024,457811,Pham Thi Em,1
RENT_HCM_06546,11G-731.54,Honda,City,1/2/2023,1/7/2023,5466680,Dang Thi Oanh,0
RENT_HCM_06547,91G-764.50,Toyota,Vios,10/10/2023,10/12/2023,1302726,Nguyen Van Dung,0
RENT_HCM_06548,56B-609.78,Honda,CR-V,2/23/2026,3/1/2026,5618772,Dang Thi Binh,0
RENT_HCM_06549,72K-221.19,Toyota,Innova,12/31/2025,1/2/2026,1455986,Pham Thi Dung,1
RENT_HCM_06550,63E-560.78,Kia,Morning,11/11/2021,11/15/2021,3650224,Pham Thi Hoa,1
RENT_HCM_06551,50F-310.34,Kia,Morning,9/27/2021,10/3/2021,5465088,Ngo Van An,1
RENT_HCM_06552,49E-348.68,Kia,Soluto,6/1/2022,6/4/2022,2583738,Ngo Van Em,0
RENT_HCM_06553,28B-378.39,Toyota,Innova,4/15/2026,4/22/2026,7807982,Le Van Oanh,0
RENT_HCM_06554,62A-523.15,Honda,CR-V,2/6/2021,2/13/2021,8180452,Le Van An,3
RENT_HCM_06555,30K-166.87,Hyundai,Accent,12/29/2023,1/3/2024,4515890,Nguyen Van Phong,0
RENT_HCM_06556,77C-616.68,Toyota,Camry,5/25/2025,5/30/2025,3310670,Vu Van Cuong,1
RENT_HCM_06557,22B-585.78,Ford,EcoSport,12/24/2021,12/25/2021,1185740,Hoang Van An,0
RENT_HCM_06558,76B-763.75,Honda,City,5/13/2023,5/14/2023,1062838,Bui Thi Binh,1
RENT_HCM_06559,86B-468.95,Toyota,Camry,7/11/2023,7/16/2023,3362885,Dang Thi Nam,0
RENT_HCM_06560,94D-176.27,Ford,Ranger,5/12/2023,5/17/2023,4631380,Pham Thi Khoa,1
RENT_HCM_06561,25D-575.36,Hyundai,Accent,6/19/2024,6/26/2024,5393983,Hoang Van Phong,2
RENT_HCM_06562,87K-428.26,Honda,CR-V,6/27/2021,7/3/2021,3955962,Vu Van Hoa,1
RENT_HCM_06563,98B-587.88,Vinfast,Fadil,9/8/2022,9/11/2022,2429778,Ngo Van Phong,2
RENT_HCM_06564,37G-231.27,Toyota,Camry,5/3/2026,5/9/2026,3583512,Bui Thi Giang,0
RENT_HCM_06565,53K-126.49,Toyota,Innova,4/21/2024,4/23/2024,1090438,Bui Thi Phong,0
RENT_HCM_06566,46C-855.60,Vinfast,Fadil,4/29/2021,5/1/2021,956522,Hoang Van Giang,0
RENT_HCM_06567,14C-459.98,Ford,EcoSport,10/17/2021,10/23/2021,7059228,Hoang Van Linh,0
RENT_HCM_06568,39H-896.77,Toyota,Vios,2/20/2024,2/21/2024,566401,Nguyen Van Linh,0
RENT_HCM_06569,29C-652.72,Mazda,3,4/1/2026,4/5/2026,4789308,Hoang Van Dung,3
RENT_HCM_06570,39H-996.40,Honda,CR-V,7/2/2025,7/9/2025,3632307,Pham Thi Dung,1
RENT_HCM_06571,21A-335.92,Vinfast,Fadil,2/23/2021,2/24/2021,574315,Pham Thi Cuong,2
RENT_HCM_06572,90A-463.29,Hyundai,i10,4/4/2024,4/5/2024,532105,Pham Thi Minh,1
RENT_HCM_06573,48B-706.17,Toyota,Camry,6/30/2023,7/5/2023,4868285,Le Van Khoa,0
RENT_HCM_06574,18E-187.25,Mazda,3,2/5/2023,2/12/2023,6079983,Hoang Van Cuong,1
RENT_HCM_06575,63E-560.78,Kia,Morning,1/13/2024,1/18/2024,4439520,Dang Thi Linh,1
RENT_HCM_06576,35G-898.00,Vinfast,Fadil,9/19/2025,9/24/2025,4916575,Hoang Van Khoa,2
RENT_HCM_06577,33F-566.78,Toyota,Vios,5/19/2022,5/24/2022,4987360,Dang Thi Phuc,0
RENT_HCM_06578,39K-469.95,Mazda,CX-5,2/28/2022,3/3/2022,1213200,Pham Thi Binh,0
RENT_HCM_06579,34H-793.09,Mazda,CX-5,10/15/2021,10/19/2021,4331772,Hoang Van Phuc,0
RENT_HCM_06580,74H-842.20,Kia,Morning,8/16/2024,8/17/2024,1031486,Dang Thi Quyen,0
RENT_HCM_06581,68D-390.90,Kia,Morning,5/16/2025,5/19/2025,3272289,Nguyen Van Khoa,0
RENT_HCM_06582,14H-574.13,Kia,Morning,11/26/2021,11/30/2021,2177204,Le Van Khoa,1
RENT_HCM_06583,30K-166.87,Hyundai,Accent,1/31/2023,2/1/2023,673909,Le Van Oanh,1
RENT_HCM_06584,82E-939.56,Hyundai,Accent,12/11/2023,12/16/2023,2600615,Bui Thi An,2
RENT_HCM_06585,66F-164.86,Kia,Soluto,8/10/2022,8/12/2022,1378370,Ngo Van Binh,2
RENT_HCM_06586,11C-493.44,Mazda,3,3/4/2021,3/8/2021,4122444,Vu Van Khoa,0
RENT_HCM_06587,27G-984.07,Ford,Ranger,1/22/2021,1/27/2021,2497240,Nguyen Van Phong,1
RENT_HCM_06588,51G-626.30,Vinfast,Lux A2.0,9/12/2021,9/16/2021,3087888,Dang Thi Hoa,1
RENT_HCM_06589,64F-676.74,Hyundai,Accent,10/19/2021,10/20/2021,1086309,Le Van Linh,1
RENT_HCM_06590,28B-288.64,Hyundai,Accent,3/15/2025,3/18/2025,1594704,Nguyen Van Oanh,0
RENT_HCM_06591,81H-361.56,Vinfast,Lux A2.0,2/25/2021,2/28/2021,2025600,Ngo Van Oanh,2
RENT_HCM_06592,60A-977.72,Hyundai,Grand i10,5/22/2024,5/26/2024,2984216,Pham Thi An,0
RENT_HCM_06593,72C-183.23,Ford,Ranger,6/4/2026,6/6/2026,1613626,Ngo Van An,1
RENT_HCM_06594,92F-931.00,Vinfast,Lux A2.0,8/29/2026,8/30/2026,500186,Le Van Khoa,1
RENT_HCM_06595,35C-671.07,Hyundai,i10,5/22/2026,5/27/2026,3790090,Nguyen Van Phuc,0
RENT_HCM_06596,32K-304.31,Kia,Morning,8/13/2024,8/14/2024,526909,Tran Thi Linh,1
RENT_HCM_06597,76G-211.58,Hyundai,Accent,8/12/2025,8/13/2025,1048415,Vu Van Em,0
RENT_HCM_06598,57C-660.60,Toyota,Vios,1/7/2022,1/8/2022,791986,Pham Thi Minh,0
RENT_HCM_06599,43K-499.70,Kia,Seltos,1/17/2025,1/19/2025,2221748,Ngo Van Phuc,2
RENT_HCM_06600,41C-516.21,Hyundai,i10,1/2/2022,1/8/2022,5392590,Pham Thi Phuc,0
RENT_HCM_06601,27B-423.19,Hyundai,Grand i10,4/16/2025,4/21/2025,5868250,Ngo Van Minh,0
RENT_HCM_06602,31E-660.71,Toyota,Camry,8/5/2024,8/7/2024,1956172,Nguyen Van Quyen,2
RENT_HCM_06603,39B-248.98,Hyundai,Grand i10,4/28/2026,4/29/2026,1010803,Dang Thi Binh,2
RENT_HCM_06604,25D-575.36,Hyundai,Accent,10/21/2023,10/28/2023,4086187,Ngo Van Phong,0
RENT_HCM_06605,33F-566.78,Toyota,Vios,12/28/2023,1/1/2024,1764488,Bui Thi Khoa,0
RENT_HCM_06606,42H-912.12,Toyota,Innova,10/29/2024,11/4/2024,5351094,Do Thi Linh,0
RENT_HCM_06607,25D-448.59,Vinfast,Lux A2.0,3/10/2025,3/12/2025,1192350,Pham Thi Nam,3
RENT_HCM_06608,88K-102.81,Hyundai,Accent,4/15/2021,4/22/2021,5445027,Le Van Phong,0
RENT_HCM_06609,38G-497.95,Kia,Soluto,10/25/2022,10/26/2022,1178972,Dang Thi Dung,0
RENT_HCM_06610,11C-493.44,Mazda,3,8/16/2026,8/23/2026,2845927,Bui Thi Phuc,1
RENT_HCM_06611,85C-925.94,Hyundai,Grand i10,2/10/2023,2/15/2023,5118940,Vu Van Linh,0
RENT_HCM_06612,77A-503.91,Mazda,3,8/25/2024,8/29/2024,3213036,Pham Thi Dung,1
RENT_HCM_06613,31A-995.79,Mazda,3,4/14/2021,4/17/2021,1444200,Tran Thi Oanh,1
RENT_HCM_06614,40A-169.95,Toyota,Vios,9/18/2022,9/20/2022,1481226,Vu Van Giang,0
RENT_HCM_06615,77C-616.68,Toyota,Camry,6/29/2026,7/3/2026,3648908,Ngo Van Quyen,1
RENT_HCM_06616,20K-624.55,Mazda,3,3/30/2022,3/31/2022,657242,Hoang Van Linh,0
RENT_HCM_06617,40H-661.06,Mazda,3,11/19/2024,11/24/2024,3208305,Dang Thi Khoa,0
RENT_HCM_06618,40E-511.08,Honda,CR-V,1/10/2022,1/17/2022,6856563,Dang Thi Giang,0
RENT_HCM_06619,74A-942.98,Hyundai,Accent,9/26/2024,9/30/2024,2870452,Dang Thi Khoa,0
RENT_HCM_06620,76K-194.55,Toyota,Innova,8/11/2021,8/12/2021,1116970,Do Thi Hoa,0
RENT_HCM_06621,43K-499.70,Kia,Seltos,2/21/2026,2/27/2026,2532984,Hoang Van Khoa,0
RENT_HCM_06622,89G-388.88,Hyundai,Accent,2/4/2025,2/5/2025,551560,Nguyen Van Oanh,0
RENT_HCM_06623,86E-413.23,Toyota,Vios,3/30/2026,4/6/2026,6859825,Nguyen Van Giang,0
RENT_HCM_06624,43G-780.01,Kia,Morning,9/21/2022,9/28/2022,3042319,Nguyen Van Giang,1
RENT_HCM_06625,82K-625.14,Honda,City,2/26/2021,3/4/2021,5038614,Hoang Van Phuc,0
RENT_HCM_06626,64C-859.87,Toyota,Vios,4/12/2021,4/13/2021,987037,Bui Thi An,0
RENT_HCM_06627,82E-939.56,Hyundai,Accent,3/13/2024,3/14/2024,404288,Do Thi An,2
RENT_HCM_06628,75C-107.61,Vinfast,Fadil,9/5/2025,9/6/2025,1075052,Tran Thi Minh,0
RENT_HCM_06629,51G-626.30,Vinfast,Lux A2.0,6/6/2022,6/13/2022,5848689,Pham Thi Cuong,1
RENT_HCM_06630,49C-168.30,Vinfast,Fadil,4/21/2026,4/28/2026,5307771,Ngo Van Minh,1
RENT_HCM_06631,93A-482.11,Toyota,Camry,3/15/2025,3/20/2025,3637590,Hoang Van Minh,1
RENT_HCM_06632,45D-330.83,Mazda,CX-5,2/22/2021,2/23/2021,632097,Dang Thi Khoa,1
RENT_HCM_06633,49D-328.28,Kia,Morning,3/10/2026,3/11/2026,622755,Ngo Van Em,0
RENT_HCM_06634,91B-105.47,Toyota,Innova,2/21/2022,2/27/2022,5276244,Dang Thi Oanh,0
RENT_HCM_06635,62K-469.95,Vinfast,Fadil,2/20/2023,2/26/2023,7045284,Le Van Khoa,0
RENT_HCM_06636,15A-216.83,Honda,City,7/23/2022,7/26/2022,3564444,Tran Thi Binh,0
RENT_HCM_06637,77C-616.68,Toyota,Camry,1/19/2023,1/24/2023,5592540,Hoang Van An,0
RENT_HCM_06638,32F-733.46,Toyota,Vios,4/3/2023,4/10/2023,2920652,Vu Van Khoa,0
RENT_HCM_06639,64C-859.87,Toyota,Vios,4/11/2025,4/12/2025,1187954,Hoang Van Linh,1
RENT_HCM_06640,71C-946.67,Ford,EcoSport,10/27/2021,11/1/2021,5195420,Vu Van Hoa,0
RENT_HCM_06641,67C-665.78,Hyundai,i10,9/15/2021,9/19/2021,2221428,Tran Thi Nam,0
RENT_HCM_06642,72G-919.68,Toyota,Vios,10/30/2024,10/31/2024,978542,Vu Van Binh,1
RENT_HCM_06643,90F-168.01,Toyota,Vios,1/12/2026,1/19/2026,4111058,Bui Thi An,1
RENT_HCM_06644,83F-155.85,Vinfast,Fadil,4/16/2022,4/17/2022,672833,Le Van Quyen,2
RENT_HCM_06645,38C-142.53,Hyundai,i10,2/25/2026,2/26/2026,1195423,Dang Thi Linh,0
RENT_HCM_06646,95B-546.55,Hyundai,Accent,11/11/2021,11/17/2021,2794842,Do Thi Khoa,0
RENT_HCM_06647,31F-834.71,Hyundai,Grand i10,3/3/2024,3/7/2024,3767868,Le Van Linh,1
RENT_HCM_06648,11G-731.54,Honda,City,3/22/2024,3/25/2024,2280150,Le Van Binh,1
RENT_HCM_06649,98B-587.88,Vinfast,Fadil,10/12/2025,10/13/2025,710253,Tran Thi Nam,2
RENT_HCM_06650,45C-536.55,Ford,EcoSport,2/1/2026,2/4/2026,2095698,Vu Van Phong,0
RENT_HCM_06651,24A-243.28,Hyundai,Grand i10,4/29/2021,4/30/2021,1141662,Vu Van Hoa,0
RENT_HCM_06652,22B-585.78,Ford,EcoSport,9/10/2021,9/12/2021,1477980,Dang Thi Nam,2
RENT_HCM_06653,21K-767.03,Hyundai,i10,10/27/2022,10/28/2022,1164660,Do Thi Giang,0
RENT_HCM_06654,30K-166.87,Hyundai,Accent,5/20/2024,5/21/2024,748317,Tran Thi Minh,0
RENT_HCM_06655,95H-477.98,Kia,Seltos,2/17/2024,2/20/2024,2474268,Tran Thi Phong,1
RENT_HCM_06656,81A-639.94,Honda,City,12/23/2021,12/24/2021,928265,Bui Thi Giang,2
RENT_HCM_06657,15C-124.07,Toyota,Innova,3/11/2022,3/17/2022,4651428,Do Thi Hoa,0
RENT_HCM_06658,33B-472.24,Kia,Seltos,9/18/2026,9/25/2026,5714758,Tran Thi Linh,1
RENT_HCM_06659,41C-516.21,Hyundai,i10,12/27/2022,1/2/2023,5884998,Do Thi An,2
RENT_HCM_06660,32C-510.80,Hyundai,Grand i10,2/23/2025,2/28/2025,2079285,Vu Van Linh,1
RENT_HCM_06661,15A-216.83,Honda,City,5/10/2022,5/14/2022,2965148,Hoang Van Oanh,1
RENT_HCM_06662,62A-523.15,Honda,CR-V,9/12/2021,9/14/2021,1014382,Vu Van Khoa,0
RENT_HCM_06663,30K-166.87,Hyundai,Accent,9/17/2022,9/19/2022,1819318,Bui Thi An,1
RENT_HCM_06664,92D-335.06,Toyota,Camry,10/2/2025,10/7/2025,5503310,Nguyen Van Hoa,0
RENT_HCM_06665,15A-216.83,Honda,City,9/14/2021,9/19/2021,4139660,Do Thi Em,0
RENT_HCM_06666,93F-865.25,Mazda,3,9/5/2022,9/7/2022,1587544,Vu Van Linh,1
RENT_HCM_06667,73D-927.45,Mazda,CX-5,7/29/2023,8/4/2023,4498446,Do Thi Cuong,2
RENT_HCM_06668,37K-262.20,Mazda,3,12/5/2021,12/12/2021,3624845,Hoang Van Linh,1
RENT_HCM_06669,32D-394.35,Toyota,Vios,2/1/2024,2/6/2024,4089490,Pham Thi Linh,1
RENT_HCM_06670,49F-678.30,Vinfast,Lux A2.0,9/4/2025,9/7/2025,2164962,Do Thi Cuong,2
RENT_HCM_06671,62B-172.41,Kia,Soluto,4/6/2021,4/10/2021,2193728,Ngo Van Dung,1
RENT_HCM_06672,86B-468.95,Toyota,Camry,5/3/2023,5/9/2023,3785070,Nguyen Van Em,0
RENT_HCM_06673,42H-912.12,Toyota,Innova,2/28/2023,3/6/2023,6615060,Nguyen Van Cuong,1
RENT_HCM_06674,68C-733.66,Hyundai,Accent,3/11/2021,3/15/2021,2355540,Tran Thi Binh,1
RENT_HCM_06675,31F-834.71,Hyundai,Grand i10,10/16/2022,10/21/2022,4958765,Do Thi Binh,0
RENT_HCM_06676,41C-516.21,Hyundai,i10,10/28/2023,11/3/2023,4726950,Do Thi Cuong,0
RENT_HCM_06677,24A-243.28,Hyundai,Grand i10,1/6/2025,1/10/2025,3774208,Hoang Van Quyen,3
RENT_HCM_06678,55K-383.25,Mazda,3,4/1/2026,4/8/2026,3458042,Nguyen Van Cuong,0
RENT_HCM_06679,30F-808.46,Toyota,Camry,1/12/2025,1/17/2025,2369425,Ngo Van Khoa,0
RENT_HCM_06680,12E-196.98,Ford,EcoSport,1/21/2021,1/27/2021,6810426,Nguyen Van Phong,0
RENT_HCM_06681,90F-168.01,Toyota,Vios,11/15/2024,11/16/2024,448779,Bui Thi Phong,1
RENT_HCM_06682,45F-232.07,Vinfast,Lux A2.0,3/23/2021,3/24/2021,467950,Hoang Van Linh,1
RENT_HCM_06683,37F-841.13,Kia,Morning,4/28/2026,5/4/2026,5389230,Le Van Hoa,0
RENT_HCM_06684,94E-578.12,Hyundai,i10,5/20/2021,5/23/2021,2668551,Pham Thi Oanh,0
RENT_HCM_06685,39B-248.98,Hyundai,Grand i10,2/26/2021,3/4/2021,5505786,Ngo Van Hoa,1
RENT_HCM_06686,64F-676.74,Hyundai,Accent,6/25/2022,6/28/2022,2182743,Do Thi Cuong,0
RENT_HCM_06687,40H-661.06,Mazda,3,2/6/2023,2/7/2023,1032959,Hoang Van Nam,2
RENT_HCM_06688,77A-503.91,Mazda,3,12/28/2025,12/29/2025,1139362,Hoang Van Oanh,1
RENT_HCM_06689,57C-660.60,Toyota,Vios,3/30/2021,3/31/2021,890699,Vu Van Khoa,0
RENT_HCM_06690,88K-102.81,Hyundai,Accent,5/29/2026,6/5/2026,8057322,Nguyen Van Phong,1
RENT_HCM_06691,22K-526.15,Hyundai,Accent,4/4/2026,4/9/2026,4635845,Bui Thi Quyen,0
RENT_HCM_06692,40A-169.95,Toyota,Vios,9/9/2021,9/12/2021,1487871,Dang Thi Nam,2
RENT_HCM_06693,39B-248.98,Hyundai,Grand i10,7/23/2021,7/25/2021,1941776,Vu Van Dung,1
RENT_HCM_06694,74H-842.20,Kia,Morning,4/8/2025,4/15/2025,6888063,Do Thi Phuc,0
RENT_HCM_06695,15F-595.30,Honda,City,8/21/2021,8/23/2021,1699268,Tran Thi Cuong,0
RENT_HCM_06696,68A-105.33,Toyota,Innova,11/26/2021,11/30/2021,3560400,Do Thi Nam,2
RENT_HCM_06697,73D-927.45,Mazda,CX-5,4/4/2025,4/8/2025,2317412,Ngo Van Quyen,2
RENT_HCM_06698,28A-321.73,Hyundai,Accent,5/27/2022,5/31/2022,3355932,Pham Thi Khoa,0
RENT_HCM_06699,11C-493.44,Mazda,3,7/20/2025,7/26/2025,3199656,Dang Thi Phong,0
RENT_HCM_06700,39H-996.40,Honda,CR-V,11/21/2023,11/22/2023,1160309,Ngo Van Oanh,0
RENT_HCM_06701,28D-108.89,Hyundai,i10,6/18/2021,6/20/2021,933302,Hoang Van Phuc,0
RENT_HCM_06702,74H-842.20,Kia,Morning,4/4/2026,4/5/2026,573833,Do Thi Giang,1
RENT_HCM_06703,40E-511.08,Honda,CR-V,12/13/2024,12/19/2024,2638590,Le Van An,2
RENT_HCM_06704,30K-166.87,Hyundai,Accent,8/30/2024,9/1/2024,1306262,Nguyen Van Quyen,2
RENT_HCM_06705,14B-920.02,Toyota,Vios,3/22/2026,3/27/2026,4239180,Bui Thi Minh,2
RENT_HCM_06706,94E-578.12,Hyundai,i10,9/20/2026,9/22/2026,1762506,Do Thi Nam,1
RENT_HCM_06707,11C-738.22,Vinfast,Fadil,10/28/2021,11/2/2021,3548700,Vu Van Phong,0
RENT_HCM_06708,86C-265.81,Ford,Ranger,4/11/2026,4/15/2026,2009076,Tran Thi Linh,2
RENT_HCM_06709,13E-299.60,Honda,CR-V,3/30/2023,4/1/2023,1607196,Bui Thi Hoa,1
RENT_HCM_06710,80H-858.85,Ford,Ranger,10/13/2023,10/15/2023,843190,Nguyen Van Phong,0
RENT_HCM_06711,91G-764.50,Toyota,Vios,5/27/2021,5/29/2021,1308096,Le Van Giang,0
RENT_HCM_06712,94G-517.12,Mazda,CX-5,3/31/2025,4/5/2025,4724950,Pham Thi Minh,0
RENT_HCM_06713,38E-944.15,Mazda,3,2/4/2023,2/9/2023,3499625,Bui Thi Em,0
RENT_HCM_06714,30E-325.25,Kia,Morning,2/5/2024,2/6/2024,979170,Ngo Van Hoa,1
RENT_HCM_06715,78B-364.49,Toyota,Camry,1/10/2021,1/11/2021,1125069,Dang Thi Phong,0
RENT_HCM_06716,34K-392.12,Kia,Morning,5/12/2026,5/13/2026,566289,Tran Thi Binh,1
RENT_HCM_06717,65B-452.82,Toyota,Innova,1/20/2024,1/23/2024,1933140,Dang Thi Giang,0
RENT_HCM_06718,77F-485.44,Hyundai,i10,7/16/2026,7/20/2026,2389408,Bui Thi Linh,3
RENT_HCM_06719,87C-525.97,Ford,Ranger,9/15/2022,9/16/2022,434951,Vu Van Quyen,1
RENT_HCM_06720,90F-168.01,Toyota,Vios,4/22/2025,4/24/2025,2141178,Vu Van Nam,0
RENT_HCM_06721,25D-448.59,Vinfast,Lux A2.0,10/10/2022,10/15/2022,5342610,Ngo Van Phong,0
RENT_HCM_06722,50G-877.98,Hyundai,i10,5/29/2025,5/31/2025,2379314,Do Thi Phuc,0
RENT_HCM_06723,38E-944.15,Mazda,3,11/8/2023,11/12/2023,2242812,Pham Thi Binh,1
RENT_HCM_06724,69D-543.35,Honda,City,9/19/2023,9/24/2023,2993015,Bui Thi Phuc,0
RENT_HCM_06725,85E-378.37,Ford,Ranger,3/30/2023,4/3/2023,3962776,Le Van Quyen,0
RENT_HCM_06726,30F-808.46,Toyota,Camry,1/11/2024,1/14/2024,3102651,Hoang Van Giang,3
RENT_HCM_06727,71D-707.45,Mazda,3,9/18/2024,9/19/2024,922823,Pham Thi Dung,0
RENT_HCM_06728,87B-650.29,Toyota,Camry,1/28/2025,1/29/2025,427127,Ngo Van Minh,0
RENT_HCM_06729,91A-212.00,Hyundai,Grand i10,9/6/2023,9/8/2023,934956,Bui Thi Phong,0
RENT_HCM_06730,72H-414.63,Ford,Ranger,6/6/2022,6/7/2022,763885,Ngo Van Em,0
RENT_HCM_06731,47D-840.33,Kia,Morning,3/27/2025,3/31/2025,3885380,Tran Thi Hoa,2
RENT_HCM_06732,90A-485.48,Mazda,CX-5,2/15/2023,2/22/2023,2812950,Nguyen Van Phuc,1
RENT_HCM_06733,62G-115.18,Ford,Ranger,3/11/2021,3/13/2021,1760250,Ngo Van An,1
RENT_HCM_06734,22B-585.78,Ford,EcoSport,2/7/2026,2/10/2026,3071835,Pham Thi Hoa,0
RENT_HCM_06735,27G-984.07,Ford,Ranger,11/5/2023,11/10/2023,3418770,Nguyen Van Phuc,0
RENT_HCM_06736,65B-452.82,Toyota,Innova,8/11/2023,8/13/2023,1759782,Do Thi Oanh,2
RENT_HCM_06737,11G-399.40,Kia,Morning,1/31/2024,2/7/2024,6406771,Le Van Binh,0
RENT_HCM_06738,75C-107.61,Vinfast,Fadil,6/6/2021,6/8/2021,1601990,Tran Thi Khoa,2
RENT_HCM_06739,45D-330.83,Mazda,CX-5,5/17/2022,5/18/2022,730963,Do Thi Phong,0
RENT_HCM_06740,26D-656.30,Honda,City,2/26/2023,2/28/2023,1068472,Bui Thi Minh,0
RENT_HCM_06741,33B-472.24,Kia,Seltos,5/16/2026,5/22/2026,6579846,Vu Van Khoa,2
RENT_HCM_06742,99E-453.66,Kia,Soluto,2/5/2023,2/7/2023,1888518,Tran Thi Dung,1
RENT_HCM_06743,66G-320.55,Kia,Soluto,1/6/2026,1/12/2026,2438784,Hoang Van An,0
RENT_HCM_06744,22K-526.15,Hyundai,Accent,8/14/2022,8/19/2022,2548225,Le Van Phuc,0
RENT_HCM_06745,42H-912.12,Toyota,Innova,10/3/2022,10/9/2022,5827578,Tran Thi Binh,0
RENT_HCM_06746,29C-652.72,Mazda,3,7/20/2021,7/27/2021,5969523,Bui Thi Em,0
RENT_HCM_06747,12B-182.67,Toyota,Vios,8/20/2026,8/23/2026,2894562,Pham Thi Minh,2
RENT_HCM_06748,37E-977.04,Mazda,3,3/21/2026,3/25/2026,4048216,Pham Thi Cuong,0
RENT_HCM_06749,82K-625.14,Honda,City,6/13/2026,6/14/2026,730065,Tran Thi Giang,0
RENT_HCM_06750,30F-808.46,Toyota,Camry,5/16/2025,5/22/2025,4016340,Ngo Van Quyen,0
RENT_HCM_06751,18H-105.04,Hyundai,i10,6/9/2021,6/15/2021,5669898,Tran Thi Dung,2
RENT_HCM_06752,34H-793.09,Mazda,CX-5,7/16/2021,7/19/2021,1290309,Dang Thi Cuong,0
RENT_HCM_06753,54G-335.06,Honda,CR-V,4/12/2023,4/15/2023,2240109,Ngo Van Khoa,1
RENT_HCM_06754,80H-858.85,Ford,Ranger,4/10/2021,4/17/2021,3954384,Bui Thi Linh,1
RENT_HCM_06755,95E-747.86,Mazda,CX-5,4/27/2025,5/3/2025,4320108,Dang Thi Oanh,0
RENT_HCM_06756,37F-841.13,Kia,Morning,2/9/2026,2/13/2026,4212608,Do Thi Minh,2
RENT_HCM_06757,39B-248.98,Hyundai,Grand i10,4/20/2023,4/23/2023,2683602,Ngo Van Phong,0
RENT_HCM_06758,42H-912.12,Toyota,Innova,11/16/2024,11/22/2024,5277744,Nguyen Van Phuc,0
RENT_HCM_06759,87C-525.97,Ford,Ranger,2/9/2026,2/14/2026,2104095,Nguyen Van Nam,1
RENT_HCM_06760,11H-964.02,Ford,Ranger,7/23/2022,7/27/2022,4508524,Hoang Van An,0
RENT_HCM_06761,45D-330.83,Mazda,CX-5,4/19/2022,4/25/2022,6863472,Pham Thi Minh,1
RENT_HCM_06762,49F-678.30,Vinfast,Lux A2.0,8/26/2026,8/30/2026,4041152,Vu Van Phuc,2
RENT_HCM_06763,35C-671.07,Hyundai,i10,2/14/2026,2/21/2026,3750691,Do Thi Em,0
RENT_HCM_06764,49D-328.28,Kia,Morning,4/15/2021,4/22/2021,6366752,Tran Thi Phong,0
RENT_HCM_06765,67C-665.78,Hyundai,i10,6/29/2026,7/3/2026,4377512,Tran Thi Oanh,0
RENT_HCM_06766,47D-840.33,Kia,Morning,1/16/2021,1/17/2021,923057,Do Thi Oanh,0
RENT_HCM_06767,40H-661.06,Mazda,3,7/4/2021,7/8/2021,4028496,Bui Thi Hoa,1
RENT_HCM_06768,25D-575.36,Hyundai,Accent,8/7/2021,8/12/2021,3348355,Bui Thi Oanh,0
RENT_HCM_06769,37K-262.20,Mazda,3,10/22/2024,10/24/2024,1527146,Dang Thi An,1
RENT_HCM_06770,16K-690.45,Vinfast,Lux A2.0,7/19/2026,7/23/2026,2096404,Hoang Van Cuong,1
RENT_HCM_06771,82K-162.58,Mazda,CX-5,8/4/2024,8/6/2024,2152422,Ngo Van Nam,0
RENT_HCM_06772,91A-212.00,Hyundai,Grand i10,7/8/2025,7/13/2025,2055395,Nguyen Van Hoa,0
RENT_HCM_06773,77C-680.84,Honda,City,4/15/2021,4/21/2021,5336544,Nguyen Van Dung,1
RENT_HCM_06774,64K-177.33,Vinfast,Lux A2.0,6/19/2022,6/24/2022,4149155,Nguyen Van Giang,1
RENT_HCM_06775,55K-383.25,Mazda,3,3/25/2025,3/30/2025,5160455,Do Thi Quyen,0
RENT_HCM_06776,11G-399.40,Kia,Morning,4/13/2023,4/18/2023,5954305,Pham Thi An,1
RENT_HCM_06777,50D-378.78,Vinfast,Lux A2.0,7/29/2025,7/30/2025,840486,Tran Thi Dung,0
RENT_HCM_06778,63E-560.78,Kia,Morning,5/26/2025,5/28/2025,1738426,Le Van Binh,0
RENT_HCM_06779,99C-732.83,Ford,EcoSport,4/30/2023,5/4/2023,2279464,Ngo Van Khoa,0
RENT_HCM_06780,30K-166.87,Hyundai,Accent,11/13/2024,11/20/2024,5861240,Tran Thi Quyen,0
RENT_HCM_06781,32F-733.46,Toyota,Vios,2/26/2025,2/28/2025,2321556,Dang Thi Oanh,1
RENT_HCM_06782,68A-588.72,Ford,EcoSport,1/16/2024,1/18/2024,2199536,Pham Thi Quyen,3
RENT_HCM_06783,39K-469.95,Mazda,CX-5,8/20/2021,8/26/2021,6822714,Pham Thi Dung,1
RENT_HCM_06784,33C-941.96,Kia,Morning,5/27/2022,5/29/2022,1356692,Dang Thi Phuc,1
RENT_HCM_06785,13E-299.60,Honda,CR-V,12/3/2024,12/5/2024,2009528,Vu Van Minh,0
RENT_HCM_06786,26E-180.53,Hyundai,Accent,7/26/2024,7/27/2024,798793,Tran Thi Nam,1
RENT_HCM_06787,80K-657.71,Toyota,Innova,2/10/2022,2/11/2022,836197,Hoang Van Phong,0
RENT_HCM_06788,86B-468.95,Toyota,Camry,6/24/2022,6/27/2022,2578551,Le Van Dung,1
RENT_HCM_06789,69D-543.35,Honda,City,3/23/2023,3/25/2023,1934946,Pham Thi Dung,0
RENT_HCM_06790,40H-661.06,Mazda,3,11/16/2023,11/17/2023,1091712,Do Thi Nam,2
RENT_HCM_06791,53E-229.68,Vinfast,Fadil,1/13/2021,1/18/2021,5732160,Pham Thi Giang,0
RENT_HCM_06792,46C-855.60,Vinfast,Fadil,6/18/2024,6/21/2024,2035002,Vu Van Phong,0
RENT_HCM_06793,15F-595.30,Honda,City,4/7/2025,4/12/2025,4230595,Hoang Van Minh,1
RENT_HCM_06794,15F-595.30,Honda,City,6/6/2025,6/9/2025,2597169,Vu Van Phong,0
RENT_HCM_06795,45C-524.00,Toyota,Camry,3/27/2021,4/1/2021,4587595,Tran Thi Hoa,0
RENT_HCM_06796,60A-977.72,Hyundai,Grand i10,8/29/2021,8/31/2021,1572972,Hoang Van Dung,2
RENT_HCM_06797,41C-516.21,Hyundai,i10,12/10/2022,12/13/2022,1258221,Do Thi Cuong,1
RENT_HCM_06798,87B-650.29,Toyota,Camry,8/5/2025,8/10/2025,2549530,Tran Thi Nam,2
RENT_HCM_06799,87K-428.26,Honda,CR-V,2/27/2021,2/28/2021,1067705,Le Van Em,1
RENT_HCM_06800,40E-606.38,Vinfast,Lux A2.0,3/21/2024,3/24/2024,1906902,Tran Thi An,2
RENT_HCM_06801,30D-278.73,Hyundai,Accent,1/31/2023,2/4/2023,3582228,Le Van Dung,0
RENT_HCM_06802,12B-182.67,Toyota,Vios,11/13/2023,11/15/2023,2389648,Nguyen Van Khoa,1
RENT_HCM_06803,12E-196.98,Ford,EcoSport,6/20/2022,6/22/2022,993532,Tran Thi Khoa,0
RENT_HCM_06804,97D-214.30,Honda,CR-V,5/4/2021,5/9/2021,3948170,Pham Thi Linh,0
RENT_HCM_06805,50G-118.24,Honda,CR-V,5/10/2022,5/15/2022,2715400,Bui Thi An,0
RENT_HCM_06806,31F-834.71,Hyundai,Grand i10,9/13/2026,9/14/2026,847931,Le Van Em,3
RENT_HCM_06807,95C-492.50,Toyota,Innova,2/26/2024,2/28/2024,931450,Ngo Van Cuong,2
RENT_HCM_06808,64C-859.87,Toyota,Vios,10/15/2024,10/19/2024,3259384,Vu Van Em,0
RENT_HCM_06809,39C-734.09,Ford,EcoSport,4/13/2025,4/16/2025,1571985,Bui Thi Quyen,1
RENT_HCM_06810,99E-453.66,Kia,Soluto,8/10/2024,8/17/2024,7315119,Bui Thi Phong,1
RENT_HCM_06811,30F-808.46,Toyota,Camry,5/3/2024,5/9/2024,2596752,Pham Thi Khoa,1
RENT_HCM_06812,63E-560.78,Kia,Morning,9/19/2023,9/26/2023,7455987,Bui Thi Binh,0
RENT_HCM_06813,99C-732.83,Ford,EcoSport,2/24/2023,3/3/2023,2939552,Hoang Van Linh,1
RENT_HCM_06814,11G-399.40,Kia,Morning,9/26/2023,9/27/2023,708094,Do Thi Linh,3
RENT_HCM_06815,66G-320.55,Kia,Soluto,6/18/2024,6/23/2024,5915345,Pham Thi Khoa,3
RENT_HCM_06816,20K-624.55,Mazda,3,8/12/2024,8/15/2024,3244866,Tran Thi Hoa,2
RENT_HCM_06817,54G-335.06,Honda,CR-V,12/27/2025,12/28/2025,1155848,Nguyen Van Em,2
RENT_HCM_06818,30D-278.73,Hyundai,Accent,1/17/2024,1/20/2024,2697321,Le Van Phuc,1
RENT_HCM_06819,68D-390.90,Kia,Morning,6/19/2022,6/20/2022,590085,Le Van Nam,1
RENT_HCM_06820,24A-237.02,Hyundai,Accent,8/3/2022,8/9/2022,3967308,Nguyen Van Dung,0
RENT_HCM_06821,13H-835.85,Ford,EcoSport,1/24/2025,1/26/2025,2191956,Vu Van Khoa,2
RENT_HCM_06822,55K-383.25,Mazda,3,11/23/2025,11/24/2025,1083169,Hoang Van Hoa,0
RENT_HCM_06823,59C-409.49,Honda,CR-V,8/16/2023,8/19/2023,3337494,Bui Thi Phuc,2
RENT_HCM_06824,66E-447.50,Mazda,CX-5,3/17/2022,3/19/2022,1068146,Do Thi Linh,2
RENT_HCM_06825,22E-888.71,Honda,CR-V,10/3/2024,10/4/2024,685893,Ngo Van An,1
RENT_HCM_06826,78B-364.49,Toyota,Camry,3/10/2022,3/14/2022,2418316,Pham Thi Cuong,0
RENT_HCM_06827,18E-187.25,Mazda,3,3/19/2026,3/25/2026,6614214,Bui Thi Giang,0
RENT_HCM_06828,50G-877.98,Hyundai,i10,9/5/2023,9/10/2023,4308870,Dang Thi Phong,2
RENT_HCM_06829,67C-665.78,Hyundai,i10,9/8/2023,9/10/2023,1010436,Le Van Binh,0
RENT_HCM_06830,63A-217.47,Hyundai,i10,5/28/2021,5/31/2021,2805570,Vu Van Minh,0
RENT_HCM_06831,74D-805.08,Hyundai,Accent,1/24/2024,1/28/2024,1890824,Vu Van An,0
RENT_HCM_06832,11G-399.40,Kia,Morning,10/28/2021,10/31/2021,2126808,Bui Thi Binh,1
RENT_HCM_06833,73D-927.45,Mazda,CX-5,5/12/2025,5/19/2025,6331738,Dang Thi Phuc,1
RENT_HCM_06834,72G-969.58,Toyota,Vios,2/4/2026,2/5/2026,1053760,Ngo Van Khoa,0
RENT_HCM_06835,28D-108.89,Hyundai,i10,4/20/2023,4/26/2023,4983126,Le Van Quyen,1
RENT_HCM_06836,28B-288.64,Hyundai,Accent,1/4/2024,1/5/2024,537722,Tran Thi Binh,0
RENT_HCM_06837,45F-232.07,Vinfast,Lux A2.0,4/18/2023,4/22/2023,2375356,Le Van Phuc,1
RENT_HCM_06838,11C-493.44,Mazda,3,5/2/2021,5/5/2021,1219074,Ngo Van An,1
RENT_HCM_06839,15C-124.07,Toyota,Innova,3/22/2026,3/24/2026,1162832,Nguyen Van Oanh,0
RENT_HCM_06840,21K-767.03,Hyundai,i10,4/21/2025,4/24/2025,1325280,Le Van Hoa,0
RENT_HCM_06841,90A-463.29,Hyundai,i10,4/30/2026,5/5/2026,3653405,Vu Van Giang,0
RENT_HCM_06842,42D-602.47,Honda,City,12/9/2024,12/16/2024,3743481,Le Van Nam,1
RENT_HCM_06843,94G-517.12,Mazda,CX-5,8/30/2022,9/2/2022,3248313,Do Thi Khoa,1
RENT_HCM_06844,59A-901.69,Kia,Soluto,1/18/2024,1/20/2024,986514,Nguyen Van Linh,1
RENT_HCM_06845,30D-278.73,Hyundai,Accent,9/15/2022,9/16/2022,416817,Tran Thi Binh,1
RENT_HCM_06846,36F-989.46,Mazda,3,11/23/2025,11/29/2025,3012000,Tran Thi Nam,0
RENT_HCM_06847,80H-858.85,Ford,Ranger,8/7/2022,8/10/2022,2903493,Pham Thi Phong,2
RENT_HCM_06848,82K-625.14,Honda,City,9/18/2023,9/20/2023,2206430,Tran Thi Giang,1
RENT_HCM_06849,41C-516.21,Hyundai,i10,12/30/2025,1/6/2026,5792444,Vu Van Linh,0
RENT_HCM_06850,96H-976.38,Hyundai,i10,1/13/2022,1/16/2022,1396653,Nguyen Van Binh,0
RENT_HCM_06851,45C-524.00,Toyota,Camry,9/10/2022,9/13/2022,2483295,Le Van An,2
RENT_HCM_06852,72H-414.63,Ford,Ranger,3/11/2022,3/15/2022,4109848,Bui Thi Phong,1
RENT_HCM_06853,30F-808.46,Toyota,Camry,8/11/2022,8/13/2022,2144392,Hoang Van Dung,1
RENT_HCM_06854,96E-688.41,Toyota,Innova,11/11/2021,11/12/2021,1040051,Hoang Van Phong,0
RENT_HCM_06855,81H-361.56,Vinfast,Lux A2.0,2/16/2026,2/19/2026,2918025,Vu Van Phong,1
RENT_HCM_06856,64K-177.33,Vinfast,Lux A2.0,8/27/2021,9/2/2021,3252468,Bui Thi Oanh,0
RENT_HCM_06857,14C-459.98,Ford,EcoSport,3/1/2023,3/7/2023,7120008,Vu Van Cuong,0
RENT_HCM_06858,45C-536.55,Ford,EcoSport,7/21/2024,7/27/2024,5581488,Do Thi Quyen,1
RENT_HCM_06859,91A-212.00,Hyundai,Grand i10,8/31/2021,9/4/2021,3051536,Tran Thi Phong,1
RENT_HCM_06860,89C-852.67,Vinfast,Fadil,5/4/2024,5/5/2024,941034,Hoang Van Khoa,0
RENT_HCM_06861,87B-373.03,Honda,City,4/29/2026,5/3/2026,3020308,Vu Van An,1
RENT_HCM_06862,59C-409.49,Honda,CR-V,7/5/2023,7/8/2023,3305826,Hoang Van An,1
RENT_HCM_06863,77A-503.91,Mazda,3,12/23/2023,12/26/2023,3190407,Vu Van Phuc,0
RENT_HCM_06864,34K-392.12,Kia,Morning,3/15/2025,3/17/2025,1554902,Do Thi Em,1
RENT_HCM_06865,39H-562.25,Ford,EcoSport,9/15/2025,9/16/2025,528102,Ngo Van Dung,0
RENT_HCM_06866,59C-409.49,Honda,CR-V,5/1/2021,5/8/2021,5180483,Bui Thi Oanh,0
RENT_HCM_06867,29C-652.72,Mazda,3,11/12/2022,11/18/2022,5527638,Vu Van Linh,0
RENT_HCM_06868,22K-526.15,Hyundai,Accent,8/4/2024,8/5/2024,563546,Pham Thi Cuong,0
RENT_HCM_06869,28B-378.39,Toyota,Innova,12/6/2024,12/7/2024,921280,Dang Thi Giang,2
RENT_HCM_06870,62H-628.28,Toyota,Camry,9/19/2026,9/21/2026,1966566,Le Van Quyen,3
RENT_HCM_06871,77A-503.91,Mazda,3,11/19/2023,11/22/2023,2350512,Vu Van Dung,1
RENT_HCM_06872,90F-168.01,Toyota,Vios,3/14/2024,3/17/2024,1883874,Tran Thi An,1
RENT_HCM_06873,43G-993.34,Kia,Soluto,3/6/2023,3/7/2023,937660,Ngo Van Nam,0
RENT_HCM_06874,47E-150.60,Kia,Seltos,7/9/2021,7/13/2021,2976516,Ngo Van Hoa,0
RENT_HCM_06875,96D-497.47,Hyundai,i10,10/11/2025,10/15/2025,3231664,Le Van Nam,0
RENT_HCM_06876,64F-676.74,Hyundai,Accent,6/23/2023,6/27/2023,3397984,Dang Thi Cuong,1
RENT_HCM_06877,68C-733.66,Hyundai,Accent,4/28/2024,5/2/2024,2724040,Bui Thi Em,0
RENT_HCM_06878,42D-602.47,Honda,City,3/13/2022,3/14/2022,970398,Dang Thi Dung,1
RENT_HCM_06879,90D-598.73,Toyota,Innova,7/24/2026,7/29/2026,2282305,Tran Thi Nam,0
RENT_HCM_06880,38G-667.86,Mazda,3,10/13/2024,10/15/2024,2084844,Vu Van Giang,1
RENT_HCM_06881,76G-211.58,Hyundai,Accent,4/25/2021,4/29/2021,3000764,Do Thi Quyen,0
RENT_HCM_06882,46E-807.16,Honda,City,2/14/2023,2/20/2023,3274206,Le Van Binh,0
RENT_HCM_06883,93F-865.25,Mazda,3,11/17/2021,11/18/2021,964246,Le Van Khoa,2
RENT_HCM_06884,23G-543.44,Hyundai,i10,11/21/2025,11/25/2025,4162144,Vu Van Oanh,1
RENT_HCM_06885,14C-459.98,Ford,EcoSport,10/7/2023,10/10/2023,1595487,Ngo Van Quyen,0
RENT_HCM_06886,30E-325.25,Kia,Morning,1/6/2025,1/10/2025,2282120,Vu Van Hoa,0
RENT_HCM_06887,66F-164.86,Kia,Soluto,4/6/2021,4/13/2021,7104559,Bui Thi Hoa,0
RENT_HCM_06888,41C-516.21,Hyundai,i10,8/29/2025,9/5/2025,7761278,Vu Van Nam,0
RENT_HCM_06889,35G-898.00,Vinfast,Fadil,9/27/2024,9/29/2024,1229120,Do Thi Cuong,1
RENT_HCM_06890,11C-319.16,Toyota,Innova,7/18/2025,7/23/2025,3931920,Le Van Em,0
RENT_HCM_06891,46E-807.16,Honda,City,2/15/2026,2/21/2026,6893064,Hoang Van Giang,0
RENT_HCM_06892,28B-288.64,Hyundai,Accent,1/20/2023,1/25/2023,5248690,Nguyen Van Hoa,0
RENT_HCM_06893,69F-764.42,Mazda,CX-5,4/26/2021,4/29/2021,2634927,Dang Thi Quyen,1
RENT_HCM_06894,91A-212.00,Hyundai,Grand i10,8/28/2023,9/4/2023,5282004,Pham Thi Minh,1
RENT_HCM_06895,45C-536.55,Ford,EcoSport,7/8/2021,7/11/2021,3340464,Pham Thi Binh,0
RENT_HCM_06896,77A-503.91,Mazda,3,2/8/2026,2/10/2026,1822932,Bui Thi Giang,2
RENT_HCM_06897,78C-146.78,Ford,Ranger,4/11/2023,4/15/2023,3651580,Hoang Van Nam,0
RENT_HCM_06898,37F-841.13,Kia,Morning,7/3/2023,7/10/2023,7401310,Pham Thi Dung,1
RENT_HCM_06899,76H-418.80,Hyundai,Accent,6/8/2022,6/12/2022,3891900,Dang Thi Quyen,0
RENT_HCM_06900,56B-609.78,Honda,CR-V,2/1/2024,2/6/2024,3885545,Nguyen Van Oanh,1
RENT_HCM_06901,43G-993.34,Kia,Soluto,11/26/2024,11/28/2024,878402,Bui Thi Em,2
RENT_HCM_06902,36E-560.60,Toyota,Vios,9/12/2025,9/19/2025,4816245,Le Van Dung,0
RENT_HCM_06903,30E-325.25,Kia,Morning,2/15/2022,2/22/2022,5490072,Hoang Van Quyen,1
RENT_HCM_06904,84A-192.77,Toyota,Camry,12/30/2024,1/3/2025,4568616,Pham Thi Minh,2
RENT_HCM_06905,48B-706.17,Toyota,Camry,4/8/2026,4/14/2026,3147444,Dang Thi Oanh,3
RENT_HCM_06906,37F-841.13,Kia,Morning,10/15/2022,10/16/2022,731447,Tran Thi Hoa,0
RENT_HCM_06907,53E-229.68,Vinfast,Fadil,3/9/2022,3/16/2022,7070077,Le Van Oanh,1
RENT_HCM_06908,70D-192.58,Kia,Morning,3/30/2026,4/5/2026,2710242,Hoang Van Phuc,0
RENT_HCM_06909,34H-793.09,Mazda,CX-5,8/15/2021,8/21/2021,3058620,Ngo Van Phong,1
RENT_HCM_06910,80G-716.32,Kia,Soluto,4/17/2022,4/21/2022,3522144,Ngo Van Dung,2
RENT_HCM_06911,45C-536.55,Ford,EcoSport,9/5/2022,9/6/2022,1008193,Nguyen Van Oanh,0
RENT_HCM_06912,86B-468.95,Toyota,Camry,2/12/2023,2/19/2023,5468680,Hoang Van Linh,0
RENT_HCM_06913,18C-484.21,Ford,Ranger,1/7/2021,1/14/2021,8177442,Nguyen Van Khoa,1
RENT_HCM_06914,25B-454.15,Toyota,Innova,11/22/2022,11/26/2022,4735524,Dang Thi Dung,3
RENT_HCM_06915,69F-764.42,Mazda,CX-5,1/26/2025,1/30/2025,3774832,Nguyen Van Linh,1
RENT_HCM_06916,39H-562.25,Ford,EcoSport,6/14/2023,6/15/2023,470977,Bui Thi Nam,0
RENT_HCM_06917,72K-707.72,Toyota,Camry,3/6/2025,3/11/2025,5580360,Tran Thi Khoa,0
RENT_HCM_06918,43G-780.01,Kia,Morning,7/13/2024,7/15/2024,1650412,Le Van Minh,0
RENT_HCM_06919,11C-738.22,Vinfast,Fadil,4/30/2022,5/7/2022,3097507,Pham Thi Giang,2
RENT_HCM_06920,64C-859.87,Toyota,Vios,1/3/2026,1/6/2026,2299800,Nguyen Van Nam,2
RENT_HCM_06921,28B-378.39,Toyota,Innova,1/11/2025,1/14/2025,3304104,Hoang Van Khoa,0
RENT_HCM_06922,29C-652.72,Mazda,3,11/30/2021,12/4/2021,3689688,Hoang Van Hoa,1
RENT_HCM_06923,25A-321.29,Toyota,Innova,8/30/2026,9/1/2026,1698758,Do Thi Binh,0
RENT_HCM_06924,90B-179.51,Vinfast,Fadil,3/10/2023,3/11/2023,817766,Hoang Van Binh,0
RENT_HCM_06925,96H-976.38,Hyundai,i10,1/10/2022,1/15/2022,2593980,Do Thi Nam,3
RENT_HCM_06926,37G-231.27,Toyota,Camry,4/8/2022,4/15/2022,5179013,Bui Thi An,1
RENT_HCM_06927,63E-560.78,Kia,Morning,11/18/2022,11/20/2022,2288278,Do Thi Nam,2
RENT_HCM_06928,68K-951.28,Hyundai,i10,1/18/2024,1/21/2024,3443712,Pham Thi An,2
RENT_HCM_06929,86G-330.15,Toyota,Vios,5/7/2022,5/10/2022,2757033,Ngo Van Phong,1
RENT_HCM_06930,71C-946.67,Ford,EcoSport,1/16/2024,1/19/2024,1905360,Tran Thi Phuc,0
RENT_HCM_06931,39H-896.77,Toyota,Vios,5/6/2024,5/13/2024,5296641,Hoang Van Giang,1
RENT_HCM_06932,30K-166.87,Hyundai,Accent,9/13/2023,9/20/2023,7987161,Do Thi Cuong,0
RENT_HCM_06933,77C-616.68,Toyota,Camry,5/30/2026,6/4/2026,4631715,Vu Van Em,0
RENT_HCM_06934,50D-378.78,Vinfast,Lux A2.0,9/3/2021,9/4/2021,463795,Dang Thi Hoa,0
RENT_HCM_06935,25A-321.29,Toyota,Innova,4/9/2025,4/10/2025,447808,Pham Thi Em,0
RENT_HCM_06936,85H-903.18,Kia,Morning,7/16/2023,7/19/2023,2739981,Nguyen Van Minh,1
RENT_HCM_06937,36F-989.46,Mazda,3,1/9/2024,1/13/2024,3883364,Do Thi Binh,0
RENT_HCM_06938,11C-319.16,Toyota,Innova,4/13/2022,4/16/2022,2557047,Dang Thi Binh,0
RENT_HCM_06939,92A-672.48,Ford,EcoSport,6/6/2022,6/8/2022,1090996,Pham Thi Em,0
RENT_HCM_06940,14H-574.13,Kia,Morning,3/1/2024,3/8/2024,3971667,Vu Van Khoa,0
RENT_HCM_06941,87B-430.99,Honda,City,3/11/2026,3/17/2026,4189944,Do Thi Minh,0
RENT_HCM_06942,49F-678.30,Vinfast,Lux A2.0,1/8/2023,1/14/2023,4565496,Tran Thi Dung,1
RENT_HCM_06943,83F-155.85,Vinfast,Fadil,4/12/2025,4/16/2025,2662432,Nguyen Van Dung,0
RENT_HCM_06944,36E-560.60,Toyota,Vios,8/28/2021,9/1/2021,2454772,Pham Thi Em,1
RENT_HCM_06945,38E-944.15,Mazda,3,8/29/2026,9/1/2026,3152013,Ngo Van Dung,2
RENT_HCM_06946,82K-625.14,Honda,City,4/19/2026,4/22/2026,1865340,Vu Van Hoa,1
RENT_HCM_06947,38G-497.95,Kia,Soluto,8/11/2023,8/12/2023,874729,Tran Thi An,1
RENT_HCM_06948,66E-447.50,Mazda,CX-5,1/21/2021,1/22/2021,1129050,Vu Van Binh,0
RENT_HCM_06949,45D-330.83,Mazda,CX-5,5/10/2025,5/15/2025,4391995,Le Van Khoa,0
RENT_HCM_06950,32K-304.31,Kia,Morning,12/20/2022,12/21/2022,644153,Tran Thi Hoa,0
RENT_HCM_06951,35C-671.07,Hyundai,i10,8/14/2026,8/17/2026,1749939,Dang Thi Giang,0
RENT_HCM_06952,30K-166.87,Hyundai,Accent,8/12/2024,8/19/2024,5428759,Vu Van Giang,1
RENT_HCM_06953,62H-628.28,Toyota,Camry,6/15/2024,6/19/2024,2970420,Pham Thi Quyen,0
RENT_HCM_06954,96D-838.67,Vinfast,Lux A2.0,4/8/2022,4/9/2022,883048,Vu Van Hoa,1
RENT_HCM_06955,86G-330.15,Toyota,Vios,7/24/2022,7/31/2022,7568519,Ngo Van Nam,1
RENT_HCM_06956,18H-105.04,Hyundai,i10,7/14/2022,7/17/2022,1305462,Nguyen Van Giang,0
RENT_HCM_06957,16B-618.82,Hyundai,Grand i10,10/18/2025,10/24/2025,7021104,Dang Thi Cuong,0
RENT_HCM_06958,24E-955.46,Toyota,Vios,9/18/2021,9/21/2021,1466370,Tran Thi Linh,1
RENT_HCM_06959,20K-624.55,Mazda,3,10/17/2021,10/23/2021,4373178,Nguyen Van Giang,1
RENT_HCM_06960,38G-497.95,Kia,Soluto,8/30/2024,9/3/2024,2857932,Tran Thi Phong,2
RENT_HCM_06961,11C-738.22,Vinfast,Fadil,9/19/2026,9/21/2026,2127020,Tran Thi Linh,1
RENT_HCM_06962,55B-647.43,Mazda,3,4/19/2024,4/21/2024,2083986,Dang Thi Hoa,1
RENT_HCM_06963,94D-176.27,Ford,Ranger,2/24/2026,2/27/2026,3360219,Tran Thi Em,1
RENT_HCM_06964,25A-321.29,Toyota,Innova,3/12/2024,3/16/2024,3098936,Tran Thi Minh,0
RENT_HCM_06965,77C-616.68,Toyota,Camry,3/18/2025,3/22/2025,2894332,Le Van Phuc,0
RENT_HCM_06966,13E-299.60,Honda,CR-V,4/16/2024,4/20/2024,2254548,Dang Thi Oanh,1
RENT_HCM_06967,86G-330.15,Toyota,Vios,2/9/2026,2/16/2026,5818925,Ngo Van Khoa,1
RENT_HCM_06968,18A-563.17,Toyota,Innova,4/26/2021,5/2/2021,3727734,Hoang Van Phuc,2
RENT_HCM_06969,96B-415.49,Mazda,3,2/18/2026,2/21/2026,1512522,Le Van Quyen,0
RENT_HCM_06970,59A-901.69,Kia,Soluto,2/8/2021,2/15/2021,2828847,Do Thi Phuc,1
RENT_HCM_06971,15F-595.30,Honda,City,10/1/2023,10/5/2023,1609784,Bui Thi Binh,3
RENT_HCM_06972,93D-583.18,Hyundai,Accent,9/26/2021,10/2/2021,6106176,Do Thi Em,0
RENT_HCM_06973,42D-602.47,Honda,City,7/17/2021,7/22/2021,3500400,Vu Van Nam,0
RENT_HCM_06974,62G-115.18,Ford,Ranger,7/31/2025,8/7/2025,5743682,Dang Thi Binh,1
RENT_HCM_06975,24A-243.28,Hyundai,Grand i10,3/6/2021,3/8/2021,1162096,Nguyen Van Quyen,0
RENT_HCM_06976,62B-172.41,Kia,Soluto,8/14/2023,8/21/2023,3737503,Nguyen Van An,0
RENT_HCM_06977,93D-583.18,Hyundai,Accent,10/2/2022,10/6/2022,3623216,Ngo Van Hoa,1
RENT_HCM_06978,76K-194.55,Toyota,Innova,8/24/2023,8/25/2023,1114309,Hoang Van Oanh,2
RENT_HCM_06979,43G-993.34,Kia,Soluto,5/4/2024,5/10/2024,3762582,Hoang Van Cuong,0
RENT_HCM_06980,95C-492.50,Toyota,Innova,5/9/2021,5/13/2021,4262104,Nguyen Van Quyen,0
RENT_HCM_06981,35G-898.00,Vinfast,Fadil,6/19/2023,6/21/2023,1253116,Hoang Van Phong,2
RENT_HCM_06982,76B-763.75,Honda,City,11/17/2024,11/19/2024,1460208,Le Van Nam,0
RENT_HCM_06983,68A-588.72,Ford,EcoSport,9/30/2022,10/1/2022,1175461,Vu Van Nam,2
RENT_HCM_06984,90D-598.73,Toyota,Innova,6/5/2025,6/11/2025,6213714,Bui Thi An,1
RENT_HCM_06985,92D-335.06,Toyota,Camry,7/5/2024,7/12/2024,6483183,Do Thi Quyen,1
RENT_HCM_06986,90B-179.51,Vinfast,Fadil,10/23/2021,10/26/2021,2393127,Le Van Hoa,0
RENT_HCM_06987,15A-216.83,Honda,City,9/23/2026,9/24/2026,1114570,Hoang Van Quyen,1
RENT_HCM_06988,96H-976.38,Hyundai,i10,2/28/2022,3/3/2022,2531565,Do Thi Hoa,0
RENT_HCM_06989,52B-953.14,Kia,Soluto,5/9/2026,5/13/2026,4403892,Le Van Khoa,1
RENT_HCM_06990,35G-898.00,Vinfast,Fadil,10/19/2021,10/25/2021,4177740,Dang Thi Nam,0
RENT_HCM_06991,62A-523.15,Honda,CR-V,5/16/2026,5/19/2026,3011898,Bui Thi Em,0
RENT_HCM_06992,47B-414.62,Honda,City,6/4/2022,6/5/2022,472678,Dang Thi Cuong,0
RENT_HCM_06993,92F-931.00,Vinfast,Lux A2.0,4/29/2024,5/4/2024,2297290,Dang Thi Phuc,1
RENT_HCM_06994,71C-946.67,Ford,EcoSport,2/21/2026,2/27/2026,4411206,Vu Van Oanh,1
RENT_HCM_06995,12B-182.67,Toyota,Vios,1/14/2026,1/21/2026,7112539,Tran Thi Khoa,3
RENT_HCM_06996,67C-665.78,Hyundai,i10,10/25/2022,10/28/2022,1880007,Nguyen Van Khoa,0
RENT_HCM_06997,71C-946.67,Ford,EcoSport,4/27/2022,5/1/2022,2797236,Pham Thi Phong,1
RENT_HCM_06998,68A-105.33,Toyota,Innova,1/22/2024,1/24/2024,1617018,Bui Thi Phong,0
RENT_HCM_06999,57C-660.60,Toyota,Vios,5/20/2026,5/22/2026,990474,Pham Thi Minh,3
RENT_HCM_07000,23D-400.10,Kia,Morning,12/24/2021,12/27/2021,2051451,Do Thi An,2
RENT_HCM_07001,57C-660.60,Toyota,Vios,1/8/2022,1/11/2022,1925214,Le Van Binh,1
RENT_HCM_07002,30E-325.25,Kia,Morning,4/12/2026,4/17/2026,2644355,Bui Thi Nam,0
RENT_HCM_07003,86G-330.15,Toyota,Vios,10/28/2024,11/2/2024,2550960,Do Thi Dung,1
RENT_HCM_07004,96D-838.67,Vinfast,Lux A2.0,7/12/2025,7/14/2025,1856660,Pham Thi Nam,1
RENT_HCM_07005,91G-764.50,Toyota,Vios,1/15/2026,1/17/2026,1212042,Nguyen Van Nam,1
RENT_HCM_07006,49D-328.28,Kia,Morning,1/10/2025,1/12/2025,1497646,Dang Thi Cuong,1
RENT_HCM_07007,66E-447.50,Mazda,CX-5,4/3/2026,4/6/2026,3416223,Vu Van Oanh,0
RENT_HCM_07008,46E-807.16,Honda,City,1/27/2021,2/1/2021,2280085,Tran Thi Binh,1
RENT_HCM_07009,59A-901.69,Kia,Soluto,9/7/2021,9/8/2021,641965,Dang Thi Nam,1
RENT_HCM_07010,39H-457.60,Hyundai,Grand i10,4/19/2024,4/22/2024,3188541,Nguyen Van Quyen,0
RENT_HCM_07011,11G-399.40,Kia,Morning,7/24/2024,7/30/2024,6496302,Vu Van Cuong,1
RENT_HCM_07012,49C-168.30,Vinfast,Fadil,2/8/2025,2/15/2025,5759642,Hoang Van Linh,1
RENT_HCM_07013,55B-647.43,Mazda,3,1/22/2026,1/26/2026,4008964,Nguyen Van An,0
RENT_HCM_07014,46E-807.16,Honda,City,12/24/2025,12/25/2025,1181620,Pham Thi Minh,2
RENT_HCM_07015,20K-624.55,Mazda,3,6/22/2025,6/24/2025,2155590,Do Thi Nam,1
RENT_HCM_07016,13E-299.60,Honda,CR-V,5/12/2022,5/17/2022,3395315,Do Thi Oanh,1
RENT_HCM_07017,22K-526.15,Hyundai,Accent,12/14/2022,12/20/2022,5500776,Le Van Hoa,1
RENT_HCM_07018,95H-477.98,Kia,Seltos,3/3/2024,3/7/2024,3306536,Bui Thi An,0
RENT_HCM_07019,52B-953.14,Kia,Soluto,4/11/2026,4/15/2026,2801416,Hoang Van Oanh,2
RENT_HCM_07020,91G-764.50,Toyota,Vios,7/20/2025,7/25/2025,5304750,Le Van Dung,0
RENT_HCM_07021,96D-497.47,Hyundai,i10,3/20/2021,3/27/2021,3715705,Vu Van Phong,1
RENT_HCM_07022,91H-439.88,Mazda,CX-5,1/1/2023,1/5/2023,3605692,Vu Van Quyen,1
RENT_HCM_07023,39A-767.06,Honda,CR-V,5/4/2021,5/5/2021,401024,Ngo Van Minh,0
RENT_HCM_07024,86C-265.81,Ford,Ranger,10/29/2025,11/2/2025,4154276,Ngo Van Em,0
RENT_HCM_07025,14C-459.98,Ford,EcoSport,11/30/2021,12/4/2021,1698992,Tran Thi Oanh,1
RENT_HCM_07026,96E-688.41,Toyota,Innova,5/21/2024,5/24/2024,2340924,Ngo Van Phong,0
RENT_HCM_07027,22B-585.78,Ford,EcoSport,4/4/2021,4/6/2021,1887004,Dang Thi Quyen,2
RENT_HCM_07028,62B-172.41,Kia,Soluto,9/10/2026,9/11/2026,1014633,Vu Van Dung,3
RENT_HCM_07029,36E-560.60,Toyota,Vios,2/11/2021,2/18/2021,4350465,Do Thi Khoa,0
RENT_HCM_07030,15C-124.07,Toyota,Innova,11/3/2024,11/8/2024,5705020,Ngo Van Khoa,1
RENT_HCM_07031,77C-616.68,Toyota,Camry,9/25/2021,9/29/2021,3265748,Tran Thi Hoa,2
RENT_HCM_07032,78B-364.49,Toyota,Camry,6/19/2025,6/22/2025,2022015,Le Van Em,2
RENT_HCM_07033,18C-484.21,Ford,Ranger,8/2/2024,8/8/2024,4840272,Nguyen Van Quyen,1
RENT_HCM_07034,39C-734.09,Ford,EcoSport,5/24/2023,5/30/2023,4839270,Vu Van Hoa,2
RENT_HCM_07035,94E-578.12,Hyundai,i10,12/29/2022,12/30/2022,536258,Nguyen Van Oanh,1
RENT_HCM_07036,23G-543.44,Hyundai,i10,7/1/2023,7/4/2023,3341598,Nguyen Van Cuong,0
RENT_HCM_07037,25B-454.15,Toyota,Innova,7/27/2025,7/28/2025,828015,Bui Thi Cuong,1
RENT_HCM_07038,13H-835.85,Ford,EcoSport,5/12/2025,5/16/2025,3047440,Nguyen Van Quyen,0
RENT_HCM_07039,59B-706.42,Toyota,Vios,6/7/2024,6/12/2024,2098865,Bui Thi Khoa,2
RENT_HCM_07040,88K-102.81,Hyundai,Accent,7/5/2026,7/12/2026,3250142,Le Van Phong,2
RENT_HCM_07041,37K-262.20,Mazda,3,6/10/2024,6/16/2024,4493406,Pham Thi Phong,0
RENT_HCM_07042,37B-826.15,Kia,Soluto,12/4/2025,12/5/2025,1180916,Nguyen Van Binh,0
RENT_HCM_07043,94E-578.12,Hyundai,i10,2/28/2025,3/2/2025,1673510,Hoang Van Phuc,2
RENT_HCM_07044,94E-578.12,Hyundai,i10,8/20/2026,8/24/2026,3244316,Ngo Van Oanh,1
RENT_HCM_07045,14G-415.24,Hyundai,i10,11/9/2022,11/12/2022,2992356,Do Thi Oanh,0
RENT_HCM_07046,51G-626.30,Vinfast,Lux A2.0,3/22/2022,3/23/2022,737896,Hoang Van Quyen,1
RENT_HCM_07047,69D-543.35,Honda,City,1/24/2025,1/30/2025,5158764,Do Thi An,2
RENT_HCM_07048,83F-155.85,Vinfast,Fadil,1/26/2022,1/29/2022,1954527,Vu Van Cuong,2
RENT_HCM_07049,97D-214.30,Honda,CR-V,3/7/2025,3/14/2025,4153716,Pham Thi Linh,0
RENT_HCM_07050,33F-566.78,Toyota,Vios,7/26/2025,7/31/2025,4233910,Tran Thi Quyen,2
RENT_HCM_07051,62H-628.28,Toyota,Camry,9/21/2022,9/23/2022,2395668,Bui Thi Cuong,0
RENT_HCM_07052,72K-221.19,Toyota,Innova,4/23/2022,4/28/2022,5811240,Tran Thi Hoa,3
RENT_HCM_07053,89C-852.67,Vinfast,Fadil,1/23/2024,1/30/2024,3924270,Le Van An,2
RENT_HCM_07054,55K-383.25,Mazda,3,3/2/2026,3/3/2026,556786,Tran Thi Dung,0
RENT_HCM_07055,94E-578.12,Hyundai,i10,9/19/2026,9/24/2026,5388960,Dang Thi Oanh,2
RENT_HCM_07056,45C-536.55,Ford,EcoSport,6/24/2025,6/25/2025,479444,Pham Thi Khoa,0
RENT_HCM_07057,74H-842.20,Kia,Morning,4/27/2022,4/29/2022,2217714,Vu Van An,2
RENT_HCM_07058,14H-574.13,Kia,Morning,12/1/2023,12/8/2023,5431783,Le Van Phuc,2
RENT_HCM_07059,56B-609.78,Honda,CR-V,4/22/2021,4/27/2021,5962465,Dang Thi Minh,1
RENT_HCM_07060,28A-321.73,Hyundai,Accent,11/7/2025,11/9/2025,886502,Tran Thi An,3
RENT_HCM_07061,30E-325.25,Kia,Morning,2/24/2025,2/25/2025,734186,Le Van Cuong,2
RENT_HCM_07062,47B-414.62,Honda,City,3/18/2021,3/25/2021,5655720,Nguyen Van Phuc,0
RENT_HCM_07063,35G-898.00,Vinfast,Fadil,4/8/2024,4/12/2024,3129808,Dang Thi Oanh,0
RENT_HCM_07064,50G-118.24,Honda,CR-V,2/22/2024,2/28/2024,2734566,Ngo Van Nam,1
RENT_HCM_07065,22K-526.15,Hyundai,Accent,8/25/2025,8/30/2025,3963285,Nguyen Van Linh,2
RENT_HCM_07066,74D-805.08,Hyundai,Accent,12/2/2021,12/7/2021,3962410,Do Thi Quyen,1
RENT_HCM_07067,43G-993.34,Kia,Soluto,1/17/2021,1/19/2021,981328,Le Van Oanh,0
RENT_HCM_07068,94D-176.27,Ford,Ranger,1/15/2023,1/21/2023,7030158,Tran Thi Oanh,0
RENT_HCM_07069,87C-525.97,Ford,Ranger,11/4/2024,11/6/2024,1500904,Dang Thi Phong,1
RENT_HCM_07070,93D-583.18,Hyundai,Accent,12/9/2022,12/10/2022,734432,Bui Thi Cuong,0
RENT_HCM_07071,22B-585.78,Ford,EcoSport,8/1/2023,8/6/2023,3730535,Hoang Van Quyen,0
RENT_HCM_07072,87K-428.26,Honda,CR-V,10/31/2025,11/1/2025,840147,Pham Thi Oanh,0
RENT_HCM_07073,64C-859.87,Toyota,Vios,8/18/2024,8/25/2024,7043057,Le Van Phong,1
RENT_HCM_07074,11C-319.16,Toyota,Innova,11/21/2023,11/28/2023,4510583,Ngo Van Minh,3
RENT_HCM_07075,75C-107.61,Vinfast,Fadil,3/6/2024,3/8/2024,1545468,Le Van An,0
RENT_HCM_07076,26D-656.30,Honda,City,3/24/2023,3/27/2023,2330298,Ngo Van Nam,0
RENT_HCM_07077,26E-180.53,Hyundai,Accent,1/18/2023,1/25/2023,5485340,Hoang Van Quyen,1
RENT_HCM_07078,50G-877.98,Hyundai,i10,9/18/2023,9/20/2023,2066494,Tran Thi Phong,0
RENT_HCM_07079,25A-321.29,Toyota,Innova,8/26/2026,8/31/2026,3961165,Vu Van Minh,1
RENT_HCM_07080,18C-484.21,Ford,Ranger,11/24/2024,12/1/2024,4694116,Tran Thi Em,1
RENT_HCM_07081,15C-124.07,Toyota,Innova,10/28/2025,10/29/2025,1077360,Hoang Van Cuong,1
RENT_HCM_07082,90D-598.73,Toyota,Innova,10/28/2021,10/30/2021,2081944,Le Van Khoa,0
RENT_HCM_07083,32D-394.35,Toyota,Vios,5/12/2023,5/19/2023,3314101,Bui Thi Quyen,1
RENT_HCM_07084,11H-964.02,Ford,Ranger,7/30/2026,8/3/2026,1621496,Nguyen Van Quyen,0
RENT_HCM_07085,85E-378.37,Ford,Ranger,4/11/2021,4/14/2021,3289473,Bui Thi Dung,0
RENT_HCM_07086,87B-650.29,Toyota,Camry,11/9/2022,11/16/2022,6214194,Le Van Phuc,2
RENT_HCM_07087,71D-707.45,Mazda,3,3/12/2026,3/16/2026,2541904,Ngo Van Em,1
RENT_HCM_07088,90F-168.01,Toyota,Vios,3/10/2022,3/13/2022,1357659,Bui Thi Oanh,1
RENT_HCM_07089,30F-808.46,Toyota,Camry,9/8/2025,9/13/2025,4380175,Le Van Phuc,0
RENT_HCM_07090,77B-234.63,Mazda,3,3/18/2024,3/25/2024,3465490,Hoang Van Nam,0
RENT_HCM_07091,37G-231.27,Toyota,Camry,6/4/2021,6/5/2021,829937,Le Van Linh,1
RENT_HCM_07092,22E-897.25,Mazda,CX-5,6/22/2024,6/23/2024,783624,Pham Thi An,0
RENT_HCM_07093,87B-650.29,Toyota,Camry,8/12/2021,8/17/2021,5628785,Bui Thi Quyen,0
RENT_HCM_07094,47B-414.62,Honda,City,3/9/2023,3/11/2023,1634500,Vu Van Em,0
RENT_HCM_07095,87B-373.03,Honda,City,1/29/2022,1/30/2022,948960,Do Thi Minh,0
RENT_HCM_07096,68K-951.28,Hyundai,i10,11/14/2021,11/15/2021,687735,Bui Thi An,0
RENT_HCM_07097,22B-585.78,Ford,EcoSport,12/11/2025,12/18/2025,3716559,Bui Thi Linh,1
RENT_HCM_07098,93A-482.11,Toyota,Camry,8/22/2026,8/28/2026,3687558,Nguyen Van Minh,1
RENT_HCM_07099,68D-390.90,Kia,Morning,6/12/2023,6/14/2023,2364794,Le Van Cuong,0
RENT_HCM_07100,62H-628.28,Toyota,Camry,1/21/2026,1/22/2026,1193808,Vu Van Binh,2
RENT_HCM_07101,38E-944.15,Mazda,3,5/11/2022,5/13/2022,1665488,Tran Thi Linh,0
RENT_HCM_07102,18E-187.25,Mazda,3,2/26/2026,3/1/2026,2998812,Pham Thi Minh,0
RENT_HCM_07103,14C-459.98,Ford,EcoSport,8/7/2021,8/8/2021,841645,Do Thi An,2
RENT_HCM_07104,39K-469.95,Mazda,CX-5,7/8/2021,7/10/2021,1347074,Vu Van Dung,0
RENT_HCM_07105,38E-944.15,Mazda,3,4/1/2021,4/2/2021,466073,Hoang Van Hoa,1
RENT_HCM_07106,11C-493.44,Mazda,3,4/10/2025,4/11/2025,773559,Le Van Em,1
RENT_HCM_07107,59C-409.49,Honda,CR-V,4/27/2025,5/1/2025,1686452,Ngo Van Dung,0
RENT_HCM_07108,90A-485.48,Mazda,CX-5,10/7/2023,10/11/2023,3272164,Do Thi Khoa,0
RENT_HCM_07109,43G-993.34,Kia,Soluto,3/11/2021,3/14/2021,2092497,Do Thi Phuc,0
RENT_HCM_07110,12E-196.98,Ford,EcoSport,9/24/2026,9/26/2026,2314298,Dang Thi Quyen,0
RENT_HCM_07111,50D-378.78,Vinfast,Lux A2.0,3/13/2022,3/17/2022,4320000,Do Thi Cuong,0
RENT_HCM_07112,47B-414.62,Honda,City,1/24/2026,1/29/2026,3538770,Do Thi Nam,2
RENT_HCM_07113,38C-383.91,Ford,Ranger,7/17/2025,7/18/2025,967842,Hoang Van Hoa,3
RENT_HCM_07114,83B-797.49,Mazda,3,3/4/2025,3/10/2025,5950338,Pham Thi Oanh,2
RENT_HCM_07115,13C-595.73,Vinfast,Lux A2.0,3/1/2026,3/7/2026,6280494,Vu Van Nam,3
RENT_HCM_07116,14B-920.02,Toyota,Vios,2/6/2026,2/9/2026,1982112,Pham Thi Dung,1
RENT_HCM_07117,37B-826.15,Kia,Soluto,4/18/2023,4/25/2023,8212708,Dang Thi Cuong,0
RENT_HCM_07118,59C-409.49,Honda,CR-V,6/24/2022,6/25/2022,963238,Ngo Van Cuong,0
RENT_HCM_07119,78B-364.49,Toyota,Camry,5/13/2025,5/19/2025,6259512,Bui Thi Linh,1
RENT_HCM_07120,32C-510.80,Hyundai,Grand i10,8/31/2026,9/6/2026,4857750,Tran Thi Khoa,1
RENT_HCM_07121,30D-278.73,Hyundai,Accent,5/29/2024,6/1/2024,3303360,Bui Thi Giang,0
RENT_HCM_07122,60A-977.72,Hyundai,Grand i10,2/25/2021,3/3/2021,4369896,Hoang Van Nam,0
RENT_HCM_07123,31F-834.71,Hyundai,Grand i10,10/12/2021,10/17/2021,4490425,Dang Thi Oanh,1
RENT_HCM_07124,93A-482.11,Toyota,Camry,1/7/2023,1/10/2023,2487624,Pham Thi Dung,0
RENT_HCM_07125,50F-310.34,Kia,Morning,9/17/2025,9/22/2025,5763260,Do Thi Cuong,0
RENT_HCM_07126,66E-447.50,Mazda,CX-5,4/13/2024,4/14/2024,673373,Le Van Phong,1
RENT_HCM_07127,22K-526.15,Hyundai,Accent,5/16/2022,5/19/2022,2007825,Dang Thi Em,0
RENT_HCM_07128,82K-625.14,Honda,City,11/29/2025,12/2/2025,3330675,Pham Thi Binh,1
RENT_HCM_07129,29C-652.72,Mazda,3,2/5/2023,2/8/2023,1871823,Hoang Van An,1
RENT_HCM_07130,24A-237.02,Hyundai,Accent,1/25/2023,1/30/2023,3883905,Tran Thi Minh,0
RENT_HCM_07131,59C-409.49,Honda,CR-V,4/10/2022,4/11/2022,543621,Vu Van Nam,2
RENT_HCM_07132,28B-378.39,Toyota,Innova,6/22/2022,6/25/2022,3330156,Do Thi Oanh,1
RENT_HCM_07133,27G-984.07,Ford,Ranger,10/23/2022,10/24/2022,645384,Nguyen Van Binh,0
RENT_HCM_07134,50D-378.78,Vinfast,Lux A2.0,3/12/2022,3/19/2022,4309900,Ngo Van Linh,1
RENT_HCM_07135,90A-485.48,Mazda,CX-5,7/3/2024,7/5/2024,1394132,Vu Van Phuc,2
RENT_HCM_07136,76G-211.58,Hyundai,Accent,4/18/2023,4/20/2023,2399770,Ngo Van Em,0
RENT_HCM_07137,64F-676.74,Hyundai,Accent,3/14/2023,3/17/2023,3519222,Pham Thi Phuc,0
RENT_HCM_07138,14C-459.98,Ford,EcoSport,3/14/2026,3/21/2026,4296173,Bui Thi Nam,0
RENT_HCM_07139,63E-560.78,Kia,Morning,9/2/2024,9/5/2024,1207119,Hoang Van Quyen,0
RENT_HCM_07140,55K-383.25,Mazda,3,10/27/2025,10/30/2025,3015807,Hoang Van Phong,0
RENT_HCM_07141,21K-767.03,Hyundai,i10,11/9/2025,11/13/2025,4591172,Dang Thi Dung,0
RENT_HCM_07142,93D-583.18,Hyundai,Accent,5/26/2026,5/29/2026,2397813,Do Thi Dung,1
RENT_HCM_07143,71C-946.67,Ford,EcoSport,10/31/2021,11/4/2021,1846292,Vu Van Nam,2
RENT_HCM_07144,14B-920.02,Toyota,Vios,3/25/2023,4/1/2023,5897626,Hoang Van Nam,2
RENT_HCM_07145,68K-951.28,Hyundai,i10,11/22/2025,11/26/2025,2595836,Tran Thi Hoa,0
RENT_HCM_07146,16K-535.88,Kia,Soluto,6/24/2024,6/28/2024,3352332,Le Van Oanh,0
RENT_HCM_07147,78C-146.78,Ford,Ranger,7/23/2023,7/30/2023,5464186,Hoang Van Khoa,0
RENT_HCM_07148,28B-378.39,Toyota,Innova,12/2/2022,12/8/2022,2514690,Ngo Van Khoa,2
RENT_HCM_07149,87B-650.29,Toyota,Camry,6/10/2023,6/11/2023,1148991,Hoang Van Hoa,1
RENT_HCM_07150,11C-738.22,Vinfast,Fadil,7/12/2026,7/18/2026,4445970,Ngo Van Oanh,2
RENT_HCM_07151,93D-583.18,Hyundai,Accent,12/1/2021,12/3/2021,2071386,Dang Thi Quyen,2
RENT_HCM_07152,76G-211.58,Hyundai,Accent,2/3/2024,2/6/2024,1951467,Vu Van Nam,2
RENT_HCM_07153,39K-469.95,Mazda,CX-5,2/24/2024,2/29/2024,4037395,Bui Thi Quyen,2
RENT_HCM_07154,18A-563.17,Toyota,Innova,4/12/2022,4/16/2022,3620020,Bui Thi Phong,1
RENT_HCM_07155,94D-176.27,Ford,Ranger,6/5/2024,6/10/2024,3994050,Le Van Giang,1
RENT_HCM_07156,68A-588.72,Ford,EcoSport,2/22/2025,2/23/2025,1182027,Hoang Van Phong,1
RENT_HCM_07157,68A-588.72,Ford,EcoSport,1/17/2024,1/20/2024,1619274,Nguyen Van Binh,0
RENT_HCM_07158,14H-574.13,Kia,Morning,8/16/2022,8/19/2022,2677833,Nguyen Van Linh,0
RENT_HCM_07159,30K-166.87,Hyundai,Accent,7/2/2026,7/5/2026,1623483,Vu Van Minh,2
RENT_HCM_07160,47D-840.33,Kia,Morning,8/23/2025,8/29/2025,5151966,Le Van Cuong,0
RENT_HCM_07161,15C-124.07,Toyota,Innova,1/5/2021,1/11/2021,5959860,Bui Thi Giang,0
RENT_HCM_07162,47D-840.33,Kia,Morning,9/2/2023,9/8/2023,4689846,Vu Van Em,1
RENT_HCM_07163,50G-118.24,Honda,CR-V,8/13/2026,8/18/2026,2568305,Tran Thi Phuc,2
RENT_HCM_07164,25A-321.29,Toyota,Innova,7/8/2026,7/9/2026,933997,Do Thi Giang,0
RENT_HCM_07165,72G-969.58,Toyota,Vios,8/5/2021,8/6/2021,583300,Ngo Van An,2
RENT_HCM_07166,50F-310.34,Kia,Morning,11/17/2022,11/19/2022,1705786,Nguyen Van Cuong,3
RENT_HCM_07167,93D-583.18,Hyundai,Accent,10/22/2021,10/29/2021,5094831,Vu Van Binh,1
RENT_HCM_07168,43G-780.01,Kia,Morning,2/12/2023,2/19/2023,8353758,Tran Thi Nam,0
RENT_HCM_07169,12G-744.89,Mazda,CX-5,3/28/2024,3/29/2024,898889,Vu Van Binh,0
RENT_HCM_07170,55K-383.25,Mazda,3,1/21/2025,1/24/2025,3029202,Ngo Van Nam,1
RENT_HCM_07171,23G-543.44,Hyundai,i10,6/11/2025,6/16/2025,2599635,Do Thi Em,2
RENT_HCM_07172,32F-733.46,Toyota,Vios,11/17/2022,11/20/2022,2585271,Nguyen Van Khoa,0
RENT_HCM_07173,90A-463.29,Hyundai,i10,5/26/2025,5/27/2025,647446,Hoang Van Binh,1
RENT_HCM_07174,55K-383.25,Mazda,3,3/19/2022,3/25/2022,4502490,Ngo Van Minh,0
RENT_HCM_07175,26E-180.53,Hyundai,Accent,9/14/2026,9/19/2026,3687850,Bui Thi Nam,2
RENT_HCM_07176,84G-796.42,Kia,Morning,3/19/2024,3/21/2024,1387492,Pham Thi Phuc,0
RENT_HCM_07177,14C-459.98,Ford,EcoSport,12/29/2021,12/30/2021,468588,Nguyen Van Giang,1
RENT_HCM_07178,11G-399.40,Kia,Morning,7/30/2026,8/6/2026,6383692,Le Van Hoa,1
RENT_HCM_07179,27B-423.19,Hyundai,Grand i10,7/11/2023,7/14/2023,2509578,Tran Thi Linh,0
RENT_HCM_07180,39H-457.60,Hyundai,Grand i10,7/18/2024,7/20/2024,1675008,Nguyen Van Giang,0
RENT_HCM_07181,94E-578.12,Hyundai,i10,9/18/2025,9/19/2025,533179,Tran Thi An,0
RENT_HCM_07182,11H-964.02,Ford,Ranger,4/4/2024,4/11/2024,2939293,Hoang Van Oanh,0
RENT_HCM_07183,91B-105.47,Toyota,Innova,11/23/2021,11/30/2021,5523483,Vu Van Oanh,1
RENT_HCM_07184,18C-484.21,Ford,Ranger,2/17/2021,2/21/2021,4236036,Le Van Em,3
RENT_HCM_07185,89G-388.88,Hyundai,Accent,3/17/2023,3/21/2023,2668040,Pham Thi Hoa,1
RENT_HCM_07186,72G-969.58,Toyota,Vios,1/5/2021,1/10/2021,3713480,Ngo Van Giang,0
RENT_HCM_07187,90B-179.51,Vinfast,Fadil,5/13/2024,5/19/2024,4431696,Nguyen Van An,3
RENT_HCM_07188,26D-656.30,Honda,City,9/2/2026,9/5/2026,2538453,Nguyen Van Linh,0
RENT_HCM_07189,36K-772.94,Ford,EcoSport,5/19/2026,5/25/2026,6281580,Do Thi Linh,0
RENT_HCM_07190,12E-196.98,Ford,EcoSport,4/12/2026,4/17/2026,4717085,Le Van Linh,2
RENT_HCM_07191,92D-335.06,Toyota,Camry,6/19/2026,6/22/2026,2681301,Bui Thi Minh,1
RENT_HCM_07192,32C-510.80,Hyundai,Grand i10,6/29/2021,7/4/2021,5470720,Vu Van Binh,1
RENT_HCM_07193,18A-563.17,Toyota,Innova,10/2/2025,10/6/2025,3855400,Bui Thi Quyen,0
RENT_HCM_07194,94E-578.12,Hyundai,i10,6/29/2021,7/1/2021,1143862,Do Thi Hoa,0
RENT_HCM_07195,37F-841.13,Kia,Morning,1/26/2023,1/30/2023,2904232,Nguyen Van Cuong,0
RENT_HCM_07196,20K-624.55,Mazda,3,7/1/2026,7/2/2026,634153,Dang Thi Oanh,1
RENT_HCM_07197,39H-457.60,Hyundai,Grand i10,3/15/2023,3/18/2023,2108265,Nguyen Van Quyen,2
RENT_HCM_07198,93A-482.11,Toyota,Camry,5/4/2022,5/11/2022,4159694,Do Thi Quyen,3
RENT_HCM_07199,43G-993.34,Kia,Soluto,11/7/2025,11/14/2025,7104447,Dang Thi Minh,0
RENT_HCM_07200,42H-912.12,Toyota,Innova,12/5/2025,12/6/2025,706452,Ngo Van Quyen,0
RENT_HCM_07201,32K-304.31,Kia,Morning,1/21/2023,1/22/2023,803134,Vu Van Linh,0
RENT_HCM_07202,30F-808.46,Toyota,Camry,11/11/2025,11/16/2025,5218675,Le Van Cuong,0
RENT_HCM_07203,53K-126.49,Toyota,Innova,12/2/2022,12/4/2022,1123114,Nguyen Van Giang,1
RENT_HCM_07204,68C-733.66,Hyundai,Accent,12/27/2023,12/28/2023,1178830,Bui Thi Cuong,0
RENT_HCM_07205,47B-414.62,Honda,City,8/5/2024,8/7/2024,1660798,Pham Thi Cuong,1
RENT_HCM_07206,35C-671.07,Hyundai,i10,3/16/2024,3/17/2024,451971,Nguyen Van Minh,1
RENT_HCM_07207,68K-951.28,Hyundai,i10,4/16/2021,4/21/2021,3832015,Dang Thi Binh,1
RENT_HCM_07208,80H-858.85,Ford,Ranger,2/2/2026,2/4/2026,2208666,Do Thi Em,1
RENT_HCM_07209,92A-672.48,Ford,EcoSport,3/24/2024,3/28/2024,2330676,Nguyen Van Quyen,0
RENT_HCM_07210,35C-671.07,Hyundai,i10,6/23/2024,6/25/2024,1588210,Do Thi Cuong,0
RENT_HCM_07211,55K-383.25,Mazda,3,7/8/2023,7/10/2023,1143146,Bui Thi Khoa,0
RENT_HCM_07212,34H-793.09,Mazda,CX-5,1/4/2025,1/10/2025,3244596,Bui Thi Binh,0
RENT_HCM_07213,64F-676.74,Hyundai,Accent,5/17/2025,5/22/2025,3249325,Ngo Van Phuc,0
RENT_HCM_07214,23G-543.44,Hyundai,i10,6/16/2025,6/18/2025,1373050,Do Thi Linh,0
RENT_HCM_07215,28D-108.89,Hyundai,i10,8/30/2021,9/1/2021,2061580,Nguyen Van Nam,0
RENT_HCM_07216,18A-563.17,Toyota,Innova,12/22/2022,12/27/2022,3812955,Ngo Van An,1
RENT_HCM_07217,28D-108.89,Hyundai,i10,6/5/2022,6/6/2022,715602,Dang Thi Hoa,2
RENT_HCM_07218,68C-733.66,Hyundai,Accent,6/19/2026,6/23/2026,2213360,Pham Thi Hoa,1
RENT_HCM_07219,30E-325.25,Kia,Morning,10/4/2022,10/11/2022,7888419,Bui Thi Binh,2
RENT_HCM_07220,89C-852.67,Vinfast,Fadil,10/2/2025,10/7/2025,2105760,Bui Thi Khoa,1
RENT_HCM_07221,16B-618.82,Hyundai,Grand i10,1/4/2026,1/6/2026,926006,Bui Thi Khoa,2
RENT_HCM_07222,53K-126.49,Toyota,Innova,9/14/2023,9/16/2023,1589268,Nguyen Van Oanh,0
RENT_HCM_07223,73D-927.45,Mazda,CX-5,1/18/2025,1/20/2025,992350,Ngo Van Hoa,0
RENT_HCM_07224,87B-373.03,Honda,City,8/29/2025,9/4/2025,7025286,Hoang Van An,0
RENT_HCM_07225,80G-716.32,Kia,Soluto,10/16/2021,10/20/2021,2397952,Dang Thi Quyen,2
RENT_HCM_07226,43G-993.34,Kia,Soluto,5/3/2023,5/6/2023,3125616,Nguyen Van Phuc,2
RENT_HCM_07227,86E-413.23,Toyota,Vios,1/27/2024,2/1/2024,5529490,Pham Thi Dung,1
RENT_HCM_07228,86E-413.23,Toyota,Vios,11/25/2022,11/28/2022,1373655,Le Van Em,1
RENT_HCM_07229,27B-423.19,Hyundai,Grand i10,2/2/2021,2/6/2021,2410508,Ngo Van Nam,1
RENT_HCM_07230,47D-840.33,Kia,Morning,6/18/2025,6/19/2025,1102754,Nguyen Van An,0
RENT_HCM_07231,11H-964.02,Ford,Ranger,5/2/2023,5/9/2023,7510566,Tran Thi Cuong,0
RENT_HCM_07232,77C-680.84,Honda,City,10/23/2021,10/28/2021,3126305,Pham Thi Giang,0
RENT_HCM_07233,20K-624.55,Mazda,3,4/29/2024,5/5/2024,6225468,Ngo Van Phuc,0
RENT_HCM_07234,18H-105.04,Hyundai,i10,3/26/2025,4/1/2025,3368958,Nguyen Van An,2
RENT_HCM_07235,62G-115.18,Ford,Ranger,4/17/2026,4/21/2026,3593452,Dang Thi An,1
RENT_HCM_07236,69F-764.42,Mazda,CX-5,7/26/2025,7/31/2025,4864005,Tran Thi An,1
RENT_HCM_07237,83B-797.49,Mazda,3,12/22/2025,12/29/2025,4242847,Nguyen Van Em,0
RENT_HCM_07238,45C-536.55,Ford,EcoSport,12/6/2022,12/7/2022,887903,Bui Thi Khoa,0
RENT_HCM_07239,59C-409.49,Honda,CR-V,6/15/2021,6/22/2021,6849185,Tran Thi Khoa,0
RENT_HCM_07240,87B-430.99,Honda,City,6/23/2023,6/24/2023,506094,Vu Van Phong,0
RENT_HCM_07241,87B-430.99,Honda,City,8/7/2023,8/13/2023,3942264,Le Van Giang,0
RENT_HCM_07242,50G-118.24,Honda,CR-V,5/27/2025,5/29/2025,990668,Ngo Van Nam,0
RENT_HCM_07243,32D-394.35,Toyota,Vios,12/23/2025,12/25/2025,919448,Dang Thi Binh,0
RENT_HCM_07244,27B-423.19,Hyundai,Grand i10,3/31/2022,4/3/2022,2998314,Le Van Nam,0
RENT_HCM_07245,31G-307.19,Honda,City,4/23/2021,4/28/2021,5686680,Tran Thi Minh,0
RENT_HCM_07246,76B-763.75,Honda,City,4/26/2025,5/3/2025,6128668,Do Thi Linh,1
RENT_HCM_07247,72K-707.72,Toyota,Camry,9/17/2025,9/20/2025,2265537,Ngo Van Cuong,1
RENT_HCM_07248,42D-602.47,Honda,City,5/4/2023,5/9/2023,3920240,Do Thi Phuc,1
RENT_HCM_07249,20A-146.45,Honda,City,3/21/2026,3/23/2026,1639024,Pham Thi An,0
RENT_HCM_07250,22B-585.78,Ford,EcoSport,6/14/2024,6/16/2024,2142480,Do Thi Nam,1
RENT_HCM_07251,31A-995.79,Mazda,3,12/5/2021,12/10/2021,3155830,Dang Thi Dung,0
RENT_HCM_07252,66E-447.50,Mazda,CX-5,5/8/2024,5/14/2024,6041994,Ngo Van Hoa,2
RENT_HCM_07253,66F-164.86,Kia,Soluto,2/15/2026,2/18/2026,1247538,Le Van Hoa,2
RENT_HCM_07254,81H-361.56,Vinfast,Lux A2.0,12/19/2022,12/23/2022,3796560,Pham Thi Phuc,0
RENT_HCM_07255,46E-807.16,Honda,City,8/11/2021,8/18/2021,4662665,Le Van Hoa,3
RENT_HCM_07256,40H-661.06,Mazda,3,11/13/2023,11/16/2023,3239934,Do Thi Oanh,1
RENT_HCM_07257,42H-912.12,Toyota,Innova,4/26/2024,5/3/2024,4852743,Do Thi Binh,2
RENT_HCM_07258,45C-524.00,Toyota,Camry,9/21/2022,9/28/2022,8188859,Nguyen Van Dung,0
RENT_HCM_07259,12G-744.89,Mazda,CX-5,1/9/2025,1/14/2025,5626305,Pham Thi Oanh,0
RENT_HCM_07260,43G-780.01,Kia,Morning,11/20/2025,11/27/2025,5287947,Le Van Dung,0
RENT_HCM_07261,15C-124.07,Toyota,Innova,5/21/2025,5/28/2025,7790818,Le Van Khoa,3
RENT_HCM_07262,67C-665.78,Hyundai,i10,2/13/2022,2/15/2022,1564864,Dang Thi Binh,0
RENT_HCM_07263,39C-734.09,Ford,EcoSport,12/14/2022,12/17/2022,2991897,Ngo Van Oanh,0
RENT_HCM_07264,18A-563.17,Toyota,Innova,7/23/2025,7/29/2025,4061652,Pham Thi Giang,2
RENT_HCM_07265,94G-517.12,Mazda,CX-5,3/16/2023,3/17/2023,710484,Pham Thi An,0
RENT_HCM_07266,37E-977.04,Mazda,3,10/28/2023,11/1/2023,1675968,Nguyen Van Minh,0
RENT_HCM_07267,33C-941.96,Kia,Morning,12/24/2022,12/31/2022,4170537,Vu Van Linh,0
RENT_HCM_07268,71C-946.67,Ford,EcoSport,5/15/2022,5/17/2022,1125690,Hoang Van Nam,0
RENT_HCM_07269,55K-383.25,Mazda,3,8/6/2024,8/10/2024,1949864,Pham Thi Oanh,0
RENT_HCM_07270,34H-793.09,Mazda,CX-5,2/26/2021,2/28/2021,832714,Hoang Van Quyen,2
RENT_HCM_07271,36K-772.94,Ford,EcoSport,8/19/2024,8/20/2024,700854,Do Thi Em,0
RENT_HCM_07272,11C-319.16,Toyota,Innova,5/25/2025,5/31/2025,2555706,Tran Thi Phuc,0
RENT_HCM_07273,66E-447.50,Mazda,CX-5,11/14/2025,11/17/2025,2049387,Hoang Van Minh,0
RENT_HCM_07274,12E-196.98,Ford,EcoSport,11/7/2021,11/13/2021,4421292,Ngo Van Khoa,0
RENT_HCM_07275,83B-797.49,Mazda,3,8/16/2023,8/19/2023,2572287,Do Thi Phong,1
RENT_HCM_07276,76K-194.55,Toyota,Innova,12/23/2022,12/27/2022,3789904,Pham Thi Dung,1
RENT_HCM_07277,14H-574.13,Kia,Morning,10/20/2021,10/24/2021,4563812,Vu Van An,0
RENT_HCM_07278,59C-409.49,Honda,CR-V,9/4/2025,9/11/2025,7204218,Pham Thi Oanh,3
RENT_HCM_07279,82K-162.58,Mazda,CX-5,8/10/2024,8/11/2024,720204,Tran Thi Giang,0
RENT_HCM_07280,33F-566.78,Toyota,Vios,9/18/2023,9/20/2023,1967536,Dang Thi Linh,1
RENT_HCM_07281,15A-216.83,Honda,City,8/25/2021,8/31/2021,3277890,Hoang Van Dung,3
RENT_HCM_07282,92F-931.00,Vinfast,Lux A2.0,12/22/2023,12/24/2023,1599390,Hoang Van Em,1
RENT_HCM_07283,26E-180.53,Hyundai,Accent,11/30/2021,12/5/2021,5410240,Hoang Van Phong,0
RENT_HCM_07284,35C-671.07,Hyundai,i10,4/25/2022,4/30/2022,5301890,Hoang Van Khoa,2
RENT_HCM_07285,36K-772.94,Ford,EcoSport,2/15/2022,2/19/2022,1913072,Tran Thi Hoa,0
RENT_HCM_07286,37E-977.04,Mazda,3,4/6/2024,4/8/2024,2101320,Hoang Van Hoa,0
RENT_HCM_07287,82K-162.58,Mazda,CX-5,2/24/2026,2/27/2026,1696290,Le Van Hoa,2
RENT_HCM_07288,62K-469.95,Vinfast,Fadil,3/8/2023,3/13/2023,2686310,Nguyen Van An,0
RENT_HCM_07289,63A-217.47,Hyundai,i10,9/6/2023,9/11/2023,4679150,Pham Thi Quyen,2
RENT_HCM_07290,40E-606.38,Vinfast,Lux A2.0,3/28/2025,3/29/2025,1017896,Tran Thi Em,1
RENT_HCM_07291,16K-535.88,Kia,Soluto,10/3/2024,10/7/2024,4629260,Le Van Nam,0
RENT_HCM_07292,12E-196.98,Ford,EcoSport,9/11/2026,9/16/2026,2065435,Dang Thi Khoa,0
RENT_HCM_07293,53K-126.49,Toyota,Innova,9/21/2026,9/22/2026,652091,Dang Thi Dung,3
RENT_HCM_07294,96H-976.38,Hyundai,i10,11/3/2025,11/8/2025,2589670,Dang Thi Em,0
RENT_HCM_07295,66E-447.50,Mazda,CX-5,6/23/2024,6/27/2024,3640652,Hoang Van An,1
RENT_HCM_07296,14B-920.02,Toyota,Vios,3/23/2022,3/29/2022,4660626,Bui Thi Phuc,0
RENT_HCM_07297,21G-202.34,Honda,City,4/10/2022,4/11/2022,897354,Nguyen Van Hoa,1
RENT_HCM_07298,12E-196.98,Ford,EcoSport,8/25/2022,8/29/2022,2633192,Do Thi Linh,1
RENT_HCM_07299,32K-304.31,Kia,Morning,1/24/2022,1/29/2022,5709700,Tran Thi Em,0
RENT_HCM_07300,82K-162.58,Mazda,CX-5,5/13/2023,5/19/2023,3099510,Dang Thi Phong,0
RENT_HCM_07301,14G-415.24,Hyundai,i10,12/25/2023,12/30/2023,5482740,Dang Thi Dung,0
RENT_HCM_07302,62K-469.95,Vinfast,Fadil,8/16/2023,8/22/2023,4294008,Ngo Van Hoa,2
RENT_HCM_07303,59B-706.42,Toyota,Vios,3/24/2021,3/28/2021,2694760,Le Van An,2
RENT_HCM_07304,11C-319.16,Toyota,Innova,3/30/2021,4/5/2021,5806296,Bui Thi Hoa,2
RENT_HCM_07305,24E-955.46,Toyota,Vios,1/14/2021,1/17/2021,2745180,Nguyen Van Phong,0
RENT_HCM_07306,36E-560.60,Toyota,Vios,8/20/2025,8/26/2025,5221386,Hoang Van Phuc,0
RENT_HCM_07307,15F-595.30,Honda,City,9/14/2026,9/18/2026,4633532,Hoang Van Phong,0
RENT_HCM_07308,99C-732.83,Ford,EcoSport,1/11/2023,1/14/2023,3533232,Hoang Van Hoa,2
RENT_HCM_07309,87K-428.26,Honda,CR-V,1/8/2022,1/9/2022,916002,Tran Thi Minh,0
RENT_HCM_07310,49F-678.30,Vinfast,Lux A2.0,7/2/2022,7/8/2022,3154470,Le Van Khoa,1
RENT_HCM_07311,43G-780.01,Kia,Morning,4/25/2024,4/29/2024,2095608,Dang Thi Binh,2
RENT_HCM_07312,77C-616.68,Toyota,Camry,9/9/2024,9/10/2024,876383,Ngo Van Minh,2
RENT_HCM_07313,90B-179.51,Vinfast,Fadil,11/27/2025,12/3/2025,2501736,Nguyen Van Oanh,0
RENT_HCM_07314,35G-898.00,Vinfast,Fadil,8/26/2021,8/27/2021,483585,Hoang Van Phuc,2
RENT_HCM_07315,76H-418.80,Hyundai,Accent,4/28/2024,5/1/2024,2724603,Bui Thi Dung,1
RENT_HCM_07316,37G-231.27,Toyota,Camry,5/4/2026,5/8/2026,3126964,Nguyen Van Quyen,0
RENT_HCM_07317,37F-841.13,Kia,Morning,4/20/2026,4/21/2026,480178,Le Van Em,0
RENT_HCM_07318,90F-168.01,Toyota,Vios,12/21/2021,12/28/2021,3295348,Do Thi Cuong,1
RENT_HCM_07319,28A-321.73,Hyundai,Accent,12/7/2023,12/14/2023,6253240,Hoang Van Phong,1
RENT_HCM_07320,12E-196.98,Ford,EcoSport,7/16/2025,7/21/2025,3667550,Tran Thi Binh,2
RENT_HCM_07321,39H-562.25,Ford,EcoSport,12/6/2023,12/9/2023,2149275,Le Van Phuc,0
RENT_HCM_07322,96E-688.41,Toyota,Innova,10/1/2022,10/2/2022,1044125,Bui Thi Phuc,1
RENT_HCM_07323,84G-796.42,Kia,Morning,8/7/2022,8/11/2022,2231512,Nguyen Van Hoa,3
RENT_HCM_07324,40E-511.08,Honda,CR-V,9/12/2025,9/13/2025,1159107,Tran Thi Dung,2
RENT_HCM_07325,88K-102.81,Hyundai,Accent,5/22/2021,5/28/2021,4644450,Do Thi Oanh,1
RENT_HCM_07326,22E-888.71,Honda,CR-V,6/10/2026,6/13/2026,1873875,Pham Thi Binh,1
RENT_HCM_07327,90F-168.01,Toyota,Vios,2/26/2022,3/1/2022,2627826,Bui Thi Linh,1
RENT_HCM_07328,86G-330.15,Toyota,Vios,10/27/2024,11/2/2024,6336876,Dang Thi Hoa,0
RENT_HCM_07329,14G-415.24,Hyundai,i10,11/2/2024,11/8/2024,2457336,Tran Thi An,3
RENT_HCM_07330,68A-105.33,Toyota,Innova,7/15/2023,7/16/2023,1001649,Do Thi Nam,0
RENT_HCM_07331,47D-840.33,Kia,Morning,5/28/2026,5/30/2026,2223916,Tran Thi Nam,1
RENT_HCM_07332,39A-767.06,Honda,CR-V,9/1/2025,9/5/2025,4485012,Vu Van Cuong,0
RENT_HCM_07333,39C-734.09,Ford,EcoSport,7/15/2022,7/22/2022,7437766,Bui Thi Cuong,0
RENT_HCM_07334,18H-105.04,Hyundai,i10,5/25/2026,6/1/2026,7640612,Tran Thi Hoa,0
RENT_HCM_07335,37B-826.15,Kia,Soluto,6/5/2025,6/7/2025,2272652,Nguyen Van Cuong,1
RENT_HCM_07336,76H-418.80,Hyundai,Accent,9/25/2022,9/29/2022,4660060,Ngo Van Phuc,1
RENT_HCM_07337,24A-243.28,Hyundai,Grand i10,3/14/2025,3/20/2025,4239750,Do Thi Binh,0
RENT_HCM_07338,35G-898.00,Vinfast,Fadil,1/15/2024,1/19/2024,2709736,Ngo Van Khoa,0
RENT_HCM_07339,66G-320.55,Kia,Soluto,9/9/2021,9/10/2021,549187,Vu Van Em,1
RENT_HCM_07340,15F-595.30,Honda,City,12/11/2022,12/14/2022,3206826,Do Thi Giang,2
RENT_HCM_07341,99E-453.66,Kia,Soluto,12/9/2023,12/14/2023,2940710,Dang Thi Linh,1
RENT_HCM_07342,11C-493.44,Mazda,3,10/24/2025,10/25/2025,847970,Hoang Van Nam,0
RENT_HCM_07343,30D-278.73,Hyundai,Accent,12/29/2022,1/2/2023,1885112,Nguyen Van Quyen,2
RENT_HCM_07344,65B-452.82,Toyota,Innova,5/26/2023,6/1/2023,3758742,Tran Thi An,1
RENT_HCM_07345,25A-321.29,Toyota,Innova,9/6/2026,9/12/2026,3933348,Vu Van Cuong,2
RENT_HCM_07346,78C-146.78,Ford,Ranger,3/23/2025,3/26/2025,3085395,Vu Van Oanh,0
RENT_HCM_07347,40E-511.08,Honda,CR-V,9/25/2025,9/30/2025,5503055,Do Thi Nam,1
RENT_HCM_07348,24E-955.46,Toyota,Vios,5/15/2026,5/16/2026,666402,Ngo Van Khoa,2
RENT_HCM_07349,30D-278.73,Hyundai,Accent,12/14/2022,12/19/2022,3455495,Tran Thi Cuong,0
RENT_HCM_07350,90A-463.29,Hyundai,i10,3/2/2023,3/9/2023,3463026,Do Thi Nam,0
RENT_HCM_07351,40A-169.95,Toyota,Vios,1/22/2022,1/26/2022,2605532,Pham Thi Linh,0
RENT_HCM_07352,74A-942.98,Hyundai,Accent,6/5/2025,6/8/2025,2283900,Nguyen Van Giang,3
RENT_HCM_07353,37E-977.04,Mazda,3,10/7/2022,10/13/2022,2694852,Hoang Van Hoa,0
RENT_HCM_07354,93F-865.25,Mazda,3,6/23/2021,6/30/2021,6804210,Pham Thi Giang,2
RENT_HCM_07355,80K-657.71,Toyota,Innova,6/24/2024,6/25/2024,1078204,Vu Van Em,0
RENT_HCM_07356,30K-166.87,Hyundai,Accent,7/4/2021,7/9/2021,4313075,Do Thi Binh,0
RENT_HCM_07357,49F-678.30,Vinfast,Lux A2.0,7/21/2021,7/24/2021,3160995,Pham Thi An,3
RENT_HCM_07358,32D-394.35,Toyota,Vios,3/9/2023,3/12/2023,3262086,Hoang Van Giang,2
RENT_HCM_07359,85E-378.37,Ford,Ranger,3/20/2023,3/21/2023,1123276,Le Van Binh,0
RENT_HCM_07360,35G-898.00,Vinfast,Fadil,4/28/2022,4/30/2022,956300,Tran Thi Linh,1
RENT_HCM_07361,28B-288.64,Hyundai,Accent,10/14/2025,10/16/2025,2047212,Pham Thi Giang,0
RENT_HCM_07362,25B-454.15,Toyota,Innova,9/7/2021,9/9/2021,1352674,Ngo Van Giang,0
RENT_HCM_07363,32C-510.80,Hyundai,Grand i10,12/20/2023,12/22/2023,1237710,Vu Van Minh,0
RENT_HCM_07364,77B-234.63,Mazda,3,3/23/2026,3/28/2026,2187730,Le Van Phuc,0
RENT_HCM_07365,77C-211.72,Kia,Seltos,10/15/2023,10/21/2023,5955852,Pham Thi Minh,0
RENT_HCM_07366,77F-485.44,Hyundai,i10,5/30/2026,5/31/2026,440311,Pham Thi Minh,1
RENT_HCM_07367,72D-907.40,Hyundai,i10,3/18/2021,3/21/2021,2200911,Dang Thi Oanh,0
RENT_HCM_07368,15C-124.07,Toyota,Innova,12/27/2024,1/3/2025,3361414,Ngo Van Giang,1
RENT_HCM_07369,43K-499.70,Kia,Seltos,2/26/2023,3/4/2023,5119776,Hoang Van Oanh,2
RENT_HCM_07370,87B-430.99,Honda,City,3/3/2021,3/9/2021,3500400,Vu Van Hoa,2
RENT_HCM_07371,80K-657.71,Toyota,Innova,2/27/2023,3/6/2023,4721500,Dang Thi Cuong,2
RENT_HCM_07372,92F-931.00,Vinfast,Lux A2.0,10/14/2023,10/17/2023,2439381,Hoang Van Phuc,0
RENT_HCM_07373,33F-566.78,Toyota,Vios,2/6/2021,2/11/2021,3052810,Dang Thi Nam,2
RENT_HCM_07374,65B-452.82,Toyota,Innova,3/23/2024,3/24/2024,906498,Dang Thi Giang,0
RENT_HCM_07375,15A-216.83,Honda,City,12/5/2024,12/8/2024,2544045,Tran Thi Hoa,2
RENT_HCM_07376,31F-834.71,Hyundai,Grand i10,7/12/2021,7/13/2021,1154845,Ngo Van An,0
RENT_HCM_07377,28B-378.39,Toyota,Innova,1/23/2026,1/24/2026,950468,Pham Thi Cuong,0
RENT_HCM_07378,32K-304.31,Kia,Morning,8/18/2026,8/21/2026,1746369,Bui Thi Cuong,0
RENT_HCM_07379,66E-447.50,Mazda,CX-5,9/29/2023,10/5/2023,5706438,Ngo Van Nam,2
RENT_HCM_07380,32D-394.35,Toyota,Vios,12/30/2024,12/31/2024,450835,Bui Thi Phong,1
RENT_HCM_07381,53E-229.68,Vinfast,Fadil,2/25/2024,2/27/2024,1867100,Nguyen Van Oanh,0
RENT_HCM_07382,76K-194.55,Toyota,Innova,8/28/2023,8/31/2023,1496283,Dang Thi Cuong,0
RENT_HCM_07383,93A-482.11,Toyota,Camry,7/2/2021,7/7/2021,4414290,Tran Thi Oanh,0
RENT_HCM_07384,43G-993.34,Kia,Soluto,3/7/2025,3/10/2025,1277508,Hoang Van Linh,1
RENT_HCM_07385,59B-706.42,Toyota,Vios,1/19/2025,1/21/2025,2015228,Pham Thi Nam,0
RENT_HCM_07386,59A-901.69,Kia,Soluto,3/22/2022,3/25/2022,1227996,Tran Thi Cuong,0
RENT_HCM_07387,40H-661.06,Mazda,3,6/15/2026,6/17/2026,840538,Vu Van Nam,1
RENT_HCM_07388,33F-566.78,Toyota,Vios,4/17/2021,4/19/2021,1328090,Le Van Minh,0
RENT_HCM_07389,89C-852.67,Vinfast,Fadil,6/28/2021,7/2/2021,1784056,Hoang Van Phuc,1
RENT_HCM_07390,51G-626.30,Vinfast,Lux A2.0,7/20/2021,7/22/2021,898190,Vu Van Phuc,0
RENT_HCM_07391,21G-202.34,Honda,City,12/22/2022,12/25/2022,3598155,Le Van Oanh,2
RENT_HCM_07392,72K-707.72,Toyota,Camry,2/24/2023,2/28/2023,4609420,Pham Thi Hoa,1
RENT_HCM_07393,68K-951.28,Hyundai,i10,2/13/2022,2/20/2022,3127215,Pham Thi Nam,0
RENT_HCM_07394,39A-767.06,Honda,CR-V,1/20/2025,1/24/2025,2648104,Bui Thi Oanh,1
RENT_HCM_07395,45C-524.00,Toyota,Camry,4/21/2021,4/25/2021,2298196,Do Thi Giang,0
RENT_HCM_07396,39H-996.40,Honda,CR-V,6/30/2022,7/6/2022,3361548,Do Thi Binh,0
RENT_HCM_07397,37F-841.13,Kia,Morning,7/17/2021,7/21/2021,2074472,Vu Van Nam,0
RENT_HCM_07398,56B-609.78,Honda,CR-V,6/12/2026,6/18/2026,4137444,Do Thi Khoa,1
RENT_HCM_07399,49D-328.28,Kia,Morning,12/18/2024,12/21/2024,1800915,Vu Van Cuong,1
RENT_HCM_07400,76H-418.80,Hyundai,Accent,8/7/2026,8/10/2026,2226081,Bui Thi Oanh,2
RENT_HCM_07401,91A-212.00,Hyundai,Grand i10,3/24/2024,3/26/2024,2313716,Ngo Van Em,3
RENT_HCM_07402,86B-468.95,Toyota,Camry,1/11/2025,1/15/2025,1680460,Ngo Van Hoa,1
RENT_HCM_07403,48B-706.17,Toyota,Camry,11/11/2025,11/18/2025,3222009,Le Van Binh,0
RENT_HCM_07404,59C-409.49,Honda,CR-V,12/28/2022,12/29/2022,867620,Bui Thi Giang,0
RENT_HCM_07405,25D-448.59,Vinfast,Lux A2.0,3/24/2024,3/29/2024,5645825,Vu Van Khoa,0
RENT_HCM_07406,73A-575.16,Ford,Ranger,1/7/2023,1/13/2023,4544286,Pham Thi Cuong,2
RENT_HCM_07407,62K-469.95,Vinfast,Fadil,5/25/2026,5/30/2026,3695605,Le Van Dung,0
RENT_HCM_07408,46E-807.16,Honda,City,2/9/2024,2/12/2024,2469321,Tran Thi Quyen,0
RENT_HCM_07409,95H-477.98,Kia,Seltos,6/24/2026,6/28/2026,3932848,Dang Thi Dung,3
RENT_HCM_07410,97D-214.30,Honda,CR-V,9/4/2026,9/9/2026,5059590,Le Van An,0
RENT_HCM_07411,91G-764.50,Toyota,Vios,12/10/2021,12/12/2021,1871184,Vu Van Quyen,0
RENT_HCM_07412,47B-414.62,Honda,City,11/24/2021,11/27/2021,1611570,Vu Van Binh,0
RENT_HCM_07413,30D-278.73,Hyundai,Accent,4/5/2022,4/11/2022,5494998,Ngo Van Cuong,0
RENT_HCM_07414,32F-733.46,Toyota,Vios,1/2/2023,1/9/2023,8339618,Tran Thi Binh,0
RENT_HCM_07415,62G-115.18,Ford,Ranger,12/13/2024,12/18/2024,4456175,Le Van Minh,1
RENT_HCM_07416,32K-304.31,Kia,Morning,5/11/2021,5/13/2021,2270078,Hoang Van Giang,2
RENT_HCM_07417,27H-701.29,Toyota,Camry,4/6/2025,4/12/2025,5714946,Ngo Van Em,1
RENT_HCM_07418,90F-168.01,Toyota,Vios,1/20/2026,1/26/2026,2573232,Ngo Van Em,1
RENT_HCM_07419,96H-976.38,Hyundai,i10,3/30/2025,4/2/2025,2387742,Tran Thi Em,0
RENT_HCM_07420,62H-628.28,Toyota,Camry,7/9/2026,7/11/2026,1849390,Tran Thi Dung,0
RENT_HCM_07421,74D-805.08,Hyundai,Accent,11/14/2021,11/16/2021,1864892,Ngo Van Dung,1
RENT_HCM_07422,20K-624.55,Mazda,3,1/21/2026,1/24/2026,2209353,Vu Van Cuong,0
RENT_HCM_07423,81A-639.94,Honda,City,6/3/2024,6/8/2024,3234995,Vu Van Minh,1
RENT_HCM_07424,14C-459.98,Ford,EcoSport,7/20/2021,7/22/2021,1493890,Bui Thi Phong,0
RENT_HCM_07425,95C-492.50,Toyota,Innova,7/3/2023,7/9/2023,2453400,Bui Thi Quyen,0
RENT_HCM_07426,72K-707.72,Toyota,Camry,6/30/2022,7/5/2022,4364170,Do Thi Cuong,2
RENT_HCM_07427,72D-907.40,Hyundai,i10,7/15/2025,7/19/2025,4411720,Vu Van Minh,1
RENT_HCM_07428,74D-805.08,Hyundai,Accent,9/29/2023,10/3/2023,4116908,Do Thi An,0
RENT_HCM_07429,31A-995.79,Mazda,3,8/6/2025,8/13/2025,5145154,Dang Thi Dung,0
RENT_HCM_07430,86E-413.23,Toyota,Vios,1/20/2023,1/26/2023,4805424,Dang Thi Hoa,2
RENT_HCM_07431,18C-484.21,Ford,Ranger,9/21/2021,9/26/2021,3973665,Dang Thi Phong,0
RENT_HCM_07432,64F-676.74,Hyundai,Accent,8/16/2022,8/23/2022,4850601,Nguyen Van Dung,0
RENT_HCM_07433,87B-650.29,Toyota,Camry,1/28/2023,1/29/2023,589808,Ngo Van Oanh,0
RENT_HCM_07434,89G-388.88,Hyundai,Accent,9/7/2021,9/11/2021,2734912,Ngo Van Minh,0
RENT_HCM_07435,20K-624.55,Mazda,3,7/19/2024,7/24/2024,4192735,Le Van Hoa,0
RENT_HCM_07436,99C-732.83,Ford,EcoSport,4/26/2023,4/30/2023,4420612,Ngo Van Giang,1
RENT_HCM_07437,64F-676.74,Hyundai,Accent,10/16/2021,10/17/2021,912829,Vu Van Dung,1
RENT_HCM_07438,57C-660.60,Toyota,Vios,4/21/2024,4/28/2024,6132819,Pham Thi Quyen,0
RENT_HCM_07439,49C-168.30,Vinfast,Fadil,4/13/2026,4/18/2026,4149835,Hoang Van Phong,0
RENT_HCM_07440,32D-394.35,Toyota,Vios,5/4/2022,5/8/2022,1854628,Do Thi Em,0
RENT_HCM_07441,11C-738.22,Vinfast,Fadil,2/20/2022,2/24/2022,3130852,Tran Thi Nam,1
RENT_HCM_07442,45F-232.07,Vinfast,Lux A2.0,7/28/2025,8/4/2025,5910688,Hoang Van Linh,0
RENT_HCM_07443,46E-807.16,Honda,City,2/28/2021,3/3/2021,2317728,Nguyen Van Minh,2
RENT_HCM_07444,91A-212.00,Hyundai,Grand i10,3/3/2023,3/5/2023,942850,Dang Thi Binh,0
RENT_HCM_07445,53E-229.68,Vinfast,Fadil,8/14/2023,8/21/2023,6558006,Pham Thi Quyen,0
RENT_HCM_07446,16B-618.82,Hyundai,Grand i10,11/12/2025,11/13/2025,771455,Tran Thi Phuc,1
RENT_HCM_07447,68D-390.90,Kia,Morning,11/28/2021,11/30/2021,2266030,Tran Thi Nam,2
RENT_HCM_07448,92D-335.06,Toyota,Camry,6/6/2024,6/12/2024,3945306,Le Van Dung,0
RENT_HCM_07449,64F-676.74,Hyundai,Accent,6/6/2025,6/12/2025,4465974,Bui Thi Binh,1
RENT_HCM_07450,36F-989.46,Mazda,3,1/16/2022,1/21/2022,3822245,Nguyen Van Khoa,0
RENT_HCM_07451,89C-852.67,Vinfast,Fadil,9/1/2026,9/3/2026,1705068,Nguyen Van Binh,1
RENT_HCM_07452,13E-299.60,Honda,CR-V,11/3/2022,11/8/2022,5940000,Bui Thi Binh,0
RENT_HCM_07453,39H-896.77,Toyota,Vios,3/30/2022,3/31/2022,709878,Tran Thi Quyen,0
RENT_HCM_07454,21G-202.34,Honda,City,6/2/2021,6/9/2021,5066362,Vu Van Nam,3
RENT_HCM_07455,37F-841.13,Kia,Morning,12/23/2021,12/25/2021,1055068,Pham Thi An,1
RENT_HCM_07456,87B-430.99,Honda,City,10/31/2024,11/1/2024,876173,Vu Van Linh,0
RENT_HCM_07457,91B-105.47,Toyota,Innova,1/1/2021,1/8/2021,3775695,Le Van Dung,0
RENT_HCM_07458,66F-164.86,Kia,Soluto,4/2/2024,4/5/2024,2801493,Pham Thi Phong,0
RENT_HCM_07459,83B-797.49,Mazda,3,1/12/2025,1/15/2025,2411790,Do Thi Phong,1
RENT_HCM_07460,31E-660.71,Toyota,Camry,8/30/2024,9/4/2024,5616200,Le Van Linh,1
RENT_HCM_07461,38G-497.95,Kia,Soluto,3/26/2021,4/2/2021,2827671,Pham Thi Binh,1
RENT_HCM_07462,68D-390.90,Kia,Morning,1/22/2021,1/25/2021,2955900,Bui Thi Quyen,0
RENT_HCM_07463,87K-428.26,Honda,CR-V,2/11/2025,2/16/2025,3507135,Vu Van Dung,0
RENT_HCM_07464,69F-764.42,Mazda,CX-5,4/22/2025,4/25/2025,3586644,Tran Thi Dung,0
RENT_HCM_07465,20A-146.45,Honda,City,3/14/2021,3/15/2021,1091713,Do Thi Oanh,1
RENT_HCM_07466,36K-772.94,Ford,EcoSport,10/28/2022,10/31/2022,1806405,Bui Thi Quyen,0
RENT_HCM_07467,54G-335.06,Honda,CR-V,3/5/2022,3/7/2022,1409652,Vu Van Khoa,1
RENT_HCM_07468,33C-941.96,Kia,Morning,12/17/2021,12/21/2021,1649720,Tran Thi Dung,0
RENT_HCM_07469,76B-763.75,Honda,City,7/29/2025,8/5/2025,8364531,Ngo Van Em,3
RENT_HCM_07470,11C-319.16,Toyota,Innova,2/15/2026,2/22/2026,3905111,Vu Van Cuong,0
RENT_HCM_07471,68K-951.28,Hyundai,i10,5/31/2022,6/2/2022,1070072,Le Van Cuong,0
RENT_HCM_07472,59C-409.49,Honda,CR-V,7/20/2024,7/22/2024,1539666,Pham Thi Binh,0
RENT_HCM_07473,93D-583.18,Hyundai,Accent,11/6/2024,11/8/2024,2377944,Bui Thi Hoa,0
RENT_HCM_07474,19K-348.27,Hyundai,i10,12/23/2025,12/29/2025,7137684,Hoang Van Cuong,0
RENT_HCM_07475,14H-574.13,Kia,Morning,11/27/2021,11/30/2021,1336695,Bui Thi Minh,0
RENT_HCM_07476,49C-168.30,Vinfast,Fadil,11/26/2021,12/1/2021,2141450,Vu Van Khoa,0
RENT_HCM_07477,26D-656.30,Honda,City,3/29/2021,4/2/2021,2293864,Pham Thi Cuong,0
RENT_HCM_07478,46E-807.16,Honda,City,10/4/2021,10/11/2021,5702221,Do Thi Cuong,0
RENT_HCM_07479,24E-955.46,Toyota,Vios,11/29/2025,11/30/2025,912767,Do Thi Oanh,1
RENT_HCM_07480,73D-927.45,Mazda,CX-5,10/20/2023,10/21/2023,1092176,Dang Thi Quyen,0
RENT_HCM_07481,28B-288.64,Hyundai,Accent,10/31/2025,11/3/2025,2518803,Le Van Em,1
RENT_HCM_07482,40A-169.95,Toyota,Vios,11/30/2024,12/6/2024,2540928,Vu Van Khoa,1
RENT_HCM_07483,43G-780.01,Kia,Morning,2/20/2022,2/22/2022,2301022,Dang Thi Giang,0
RENT_HCM_07484,86B-468.95,Toyota,Camry,3/31/2026,4/6/2026,2751990,Nguyen Van Phong,0
RENT_HCM_07485,68A-105.33,Toyota,Innova,9/14/2021,9/15/2021,729286,Pham Thi Linh,0
RENT_HCM_07486,99E-453.66,Kia,Soluto,6/27/2026,7/1/2026,1957432,Hoang Van Minh,2
RENT_HCM_07487,30F-808.46,Toyota,Camry,10/10/2024,10/14/2024,4332548,Ngo Van Cuong,1
RENT_HCM_07488,83F-155.85,Vinfast,Fadil,5/9/2026,5/11/2026,1740192,Nguyen Van Hoa,0
RENT_HCM_07489,36F-989.46,Mazda,3,12/15/2024,12/21/2024,3201606,Vu Van Dung,0
RENT_HCM_07490,72C-183.23,Ford,Ranger,1/15/2024,1/19/2024,3562112,Dang Thi Khoa,0
RENT_HCM_07491,94G-517.12,Mazda,CX-5,9/15/2026,9/16/2026,860070,Le Van Hoa,0
RENT_HCM_07492,78C-146.78,Ford,Ranger,3/3/2021,3/8/2021,3812300,Tran Thi Oanh,0
RENT_HCM_07493,39A-767.06,Honda,CR-V,12/22/2023,12/25/2023,1223043,Tran Thi Binh,2
RENT_HCM_07494,66G-887.42,Vinfast,Lux A2.0,8/14/2021,8/20/2021,2821344,Ngo Van Minh,1
RENT_HCM_07495,31F-834.71,Hyundai,Grand i10,8/2/2024,8/8/2024,3147138,Pham Thi Quyen,1
RENT_HCM_07496,15F-595.30,Honda,City,4/19/2021,4/23/2021,4042108,Pham Thi Hoa,3
RENT_HCM_07497,18C-484.21,Ford,Ranger,12/17/2025,12/24/2025,2806146,Dang Thi Cuong,2
RENT_HCM_07498,38G-667.86,Mazda,3,3/26/2021,3/31/2021,4976535,Ngo Van Binh,0
RENT_HCM_07499,40E-511.08,Honda,CR-V,5/15/2024,5/20/2024,4527165,Nguyen Van Linh,0
RENT_HCM_07500,38C-383.91,Ford,Ranger,12/14/2021,12/19/2021,4831690,Do Thi Em,1
RENT_HCM_07501,73D-927.45,Mazda,CX-5,7/7/2024,7/12/2024,4530545,Nguyen Van Nam,2
RENT_HCM_07502,14G-415.24,Hyundai,i10,4/14/2025,4/16/2025,1446878,Tran Thi Khoa,0
RENT_HCM_07503,77C-211.72,Kia,Seltos,7/2/2026,7/3/2026,1059885,Dang Thi Binh,0
RENT_HCM_07504,70D-192.58,Kia,Morning,1/14/2023,1/17/2023,3386124,Ngo Van Quyen,0
RENT_HCM_07505,23G-543.44,Hyundai,i10,10/25/2021,10/28/2021,3095661,Ngo Van Giang,2
RENT_HCM_07506,42D-602.47,Honda,City,6/18/2022,6/24/2022,4743456,Hoang Van Khoa,2
RENT_HCM_07507,11C-738.22,Vinfast,Fadil,1/7/2024,1/10/2024,3470331,Ngo Van Giang,0
RENT_HCM_07508,11C-493.44,Mazda,3,9/24/2024,10/1/2024,3688454,Dang Thi Oanh,1
RENT_HCM_07509,38G-497.95,Kia,Soluto,12/11/2023,12/14/2023,1348614,Hoang Van An,3
RENT_HCM_07510,96D-497.47,Hyundai,i10,6/7/2026,6/12/2026,3428345,Ngo Van Linh,0
RENT_HCM_07511,37K-262.20,Mazda,3,11/15/2025,11/19/2025,3240044,Ngo Van Khoa,2
RENT_HCM_07512,66E-447.50,Mazda,CX-5,8/17/2026,8/22/2026,4701615,Nguyen Van Dung,0
RENT_HCM_07513,16B-618.82,Hyundai,Grand i10,11/26/2023,11/30/2023,2940068,Do Thi Phuc,0
RENT_HCM_07514,59A-901.69,Kia,Soluto,8/20/2023,8/22/2023,1712062,Nguyen Van Giang,0
RENT_HCM_07515,43G-780.01,Kia,Morning,8/11/2023,8/14/2023,1201848,Ngo Van Hoa,0
RENT_HCM_07516,18H-105.04,Hyundai,i10,11/11/2021,11/17/2021,6359514,Bui Thi Phong,1
RENT_HCM_07517,84A-192.77,Toyota,Camry,7/1/2023,7/8/2023,4135026,Ngo Van Minh,1
RENT_HCM_07518,68A-588.72,Ford,EcoSport,4/15/2026,4/21/2026,5172558,Nguyen Van Khoa,0
RENT_HCM_07519,72K-707.72,Toyota,Camry,8/7/2024,8/8/2024,536043,Nguyen Van Binh,1
RENT_HCM_07520,87C-525.97,Ford,Ranger,9/2/2026,9/4/2026,971102,Vu Van Oanh,1
RENT_HCM_07521,15A-216.83,Honda,City,7/22/2026,7/23/2026,804900,Pham Thi Phuc,0
RENT_HCM_07522,85C-925.94,Hyundai,Grand i10,11/16/2022,11/19/2022,3547032,Pham Thi An,3
RENT_HCM_07523,16B-618.82,Hyundai,Grand i10,10/19/2022,10/25/2022,3291006,Pham Thi Cuong,1
RENT_HCM_07524,22B-585.78,Ford,EcoSport,8/11/2021,8/14/2021,1827900,Nguyen Van Phuc,0
RENT_HCM_07525,11C-493.44,Mazda,3,8/10/2026,8/11/2026,561428,Dang Thi Oanh,0
RENT_HCM_07526,62G-115.18,Ford,Ranger,1/1/2026,1/8/2026,3264492,Le Van Binh,1
RENT_HCM_07527,18H-105.04,Hyundai,i10,3/16/2023,3/18/2023,2233570,Do Thi Nam,0
RENT_HCM_07528,37B-826.15,Kia,Soluto,1/24/2026,1/31/2026,2988041,Pham Thi Phuc,1
RENT_HCM_07529,49D-328.28,Kia,Morning,11/10/2024,11/11/2024,901635,Vu Van Giang,1
RENT_HCM_07530,77C-680.84,Honda,City,4/28/2024,4/30/2024,1415620,Tran Thi Binh,0
RENT_HCM_07531,96B-415.49,Mazda,3,7/5/2023,7/10/2023,5878555,Pham Thi Cuong,0
RENT_HCM_07532,39H-996.40,Honda,CR-V,1/15/2022,1/20/2022,2024290,Do Thi Minh,2
RENT_HCM_07533,64F-676.74,Hyundai,Accent,1/26/2022,1/29/2022,1627044,Nguyen Van Nam,0
RENT_HCM_07534,64F-676.74,Hyundai,Accent,11/29/2021,12/3/2021,2479632,Tran Thi Phuc,0
RENT_HCM_07535,39H-562.25,Ford,EcoSport,10/13/2022,10/18/2022,2620080,Hoang Van Cuong,3
RENT_HCM_07536,22E-888.71,Honda,CR-V,9/22/2023,9/27/2023,2426525,Pham Thi Phuc,1
RENT_HCM_07537,43G-780.01,Kia,Morning,1/23/2023,1/26/2023,2436981,Bui Thi Cuong,0
RENT_HCM_07538,36F-989.46,Mazda,3,12/20/2025,12/25/2025,2570830,Do Thi Binh,1
RENT_HCM_07539,96B-415.49,Mazda,3,7/19/2025,7/20/2025,994473,Bui Thi Dung,0
RENT_HCM_07540,99E-453.66,Kia,Soluto,9/16/2025,9/21/2025,5554955,Ngo Van Nam,0
RENT_HCM_07541,87B-373.03,Honda,City,2/10/2023,2/16/2023,5363364,Tran Thi Dung,2
RENT_HCM_07542,89G-388.88,Hyundai,Accent,12/2/2025,12/4/2025,1195974,Ngo Van Minh,1
RENT_HCM_07543,31E-660.71,Toyota,Camry,4/7/2022,4/10/2022,1447134,Pham Thi Khoa,0
RENT_HCM_07544,90B-179.51,Vinfast,Fadil,10/21/2024,10/24/2024,3267393,Ngo Van Minh,1
RENT_HCM_07545,45F-232.07,Vinfast,Lux A2.0,10/5/2022,10/12/2022,5684063,Tran Thi Cuong,0
RENT_HCM_07546,18C-484.21,Ford,Ranger,1/14/2025,1/15/2025,881723,Ngo Van Cuong,0
RENT_HCM_07547,25A-321.29,Toyota,Innova,6/5/2025,6/12/2025,5023445,Pham Thi Phuc,1
RENT_HCM_07548,46E-807.16,Honda,City,9/6/2024,9/10/2024,2736300,Bui Thi Dung,0
RENT_HCM_07549,56B-609.78,Honda,CR-V,4/25/2021,5/2/2021,7267680,Hoang Van Khoa,0
RENT_HCM_07550,72K-221.19,Toyota,Innova,4/10/2026,4/15/2026,2364930,Tran Thi Phuc,1
RENT_HCM_07551,11C-319.16,Toyota,Innova,10/7/2023,10/10/2023,2354397,Hoang Van Giang,1
RENT_HCM_07552,37K-262.20,Mazda,3,11/18/2024,11/23/2024,2585160,Do Thi Phuc,0
RENT_HCM_07553,20A-146.45,Honda,City,6/3/2025,6/9/2025,5025630,Nguyen Van Giang,2
RENT_HCM_07554,49C-168.30,Vinfast,Fadil,6/5/2023,6/8/2023,1715727,Do Thi Linh,0
RENT_HCM_07555,81A-639.94,Honda,City,2/22/2024,2/23/2024,848941,Dang Thi Giang,1
RENT_HCM_07556,76G-211.58,Hyundai,Accent,9/20/2025,9/22/2025,2294784,Dang Thi Hoa,3
RENT_HCM_07557,33C-941.96,Kia,Morning,10/19/2025,10/20/2025,448789,Bui Thi Phuc,0
RENT_HCM_07558,76G-211.58,Hyundai,Accent,1/7/2023,1/8/2023,631736,Nguyen Van Em,0
RENT_HCM_07559,87B-430.99,Honda,City,4/6/2021,4/7/2021,1053847,Hoang Van Phong,0
RENT_HCM_07560,53K-126.49,Toyota,Innova,9/14/2025,9/15/2025,486781,Nguyen Van Linh,0
RENT_HCM_07561,53K-126.49,Toyota,Innova,12/23/2025,12/25/2025,1356414,Hoang Van Oanh,0
RENT_HCM_07562,11H-964.02,Ford,Ranger,9/6/2024,9/11/2024,4354525,Ngo Van Hoa,0
RENT_HCM_07563,83B-797.49,Mazda,3,3/1/2021,3/8/2021,7814576,Ngo Van Em,2
RENT_HCM_07564,89C-852.67,Vinfast,Fadil,6/10/2024,6/12/2024,2335854,Bui Thi Hoa,0
RENT_HCM_07565,70D-192.58,Kia,Morning,9/21/2021,9/23/2021,2217516,Dang Thi Cuong,0
RENT_HCM_07566,70D-192.58,Kia,Morning,1/21/2022,1/24/2022,3311703,Do Thi Oanh,2
RENT_HCM_07567,50G-877.98,Hyundai,i10,9/26/2021,9/29/2021,1785567,Pham Thi Oanh,1
RENT_HCM_07568,37B-826.15,Kia,Soluto,3/31/2026,4/6/2026,6373584,Dang Thi Phuc,1
RENT_HCM_07569,20K-624.55,Mazda,3,4/15/2024,4/16/2024,1171653,Bui Thi Phong,3
RENT_HCM_07570,21K-767.03,Hyundai,i10,2/19/2025,2/21/2025,1567222,Pham Thi Oanh,1
RENT_HCM_07571,85C-925.94,Hyundai,Grand i10,3/24/2021,3/26/2021,845546,Ngo Van Nam,0
RENT_HCM_07572,67C-665.78,Hyundai,i10,9/1/2025,9/8/2025,2924355,Hoang Van Hoa,1
RENT_HCM_07573,84G-796.42,Kia,Morning,8/27/2023,8/29/2023,1431714,Nguyen Van Oanh,0
RENT_HCM_07574,25D-575.36,Hyundai,Accent,3/2/2021,3/8/2021,5184012,Pham Thi Giang,2
RENT_HCM_07575,64F-676.74,Hyundai,Accent,11/21/2025,11/23/2025,1323040,Nguyen Van An,0
RENT_HCM_07576,66E-447.50,Mazda,CX-5,8/8/2022,8/12/2022,1630444,Le Van Oanh,0
RENT_HCM_07577,77A-503.91,Mazda,3,8/6/2023,8/13/2023,7150108,Bui Thi Phuc,0
RENT_HCM_07578,91A-212.00,Hyundai,Grand i10,5/20/2026,5/22/2026,2033656,Nguyen Van Khoa,1
RENT_HCM_07579,27B-423.19,Hyundai,Grand i10,10/31/2025,11/1/2025,886014,Tran Thi Hoa,3
RENT_HCM_07580,35C-671.07,Hyundai,i10,10/14/2025,10/21/2025,8360156,Nguyen Van Nam,3
RENT_HCM_07581,72G-919.68,Toyota,Vios,5/5/2022,5/12/2022,7452368,Ngo Van Binh,0
RENT_HCM_07582,12G-744.89,Mazda,CX-5,11/5/2022,11/8/2022,3258354,Do Thi Oanh,0
RENT_HCM_07583,18C-484.21,Ford,Ranger,5/16/2025,5/17/2025,876444,Tran Thi Quyen,0
RENT_HCM_07584,62H-628.28,Toyota,Camry,9/8/2021,9/12/2021,3377872,Hoang Van Binh,2
RENT_HCM_07585,66G-320.55,Kia,Soluto,3/1/2024,3/2/2024,441929,Do Thi Minh,1
RENT_HCM_07586,23D-400.10,Kia,Morning,4/7/2022,4/11/2022,2041656,Bui Thi Cuong,1
RENT_HCM_07587,36E-560.60,Toyota,Vios,9/30/2025,10/3/2025,3109356,Pham Thi Giang,0
RENT_HCM_07588,20K-624.55,Mazda,3,11/25/2025,12/1/2025,6021768,Nguyen Van Minh,0
RENT_HCM_07589,90A-463.29,Hyundai,i10,9/9/2021,9/16/2021,6989458,Dang Thi Oanh,1
RENT_HCM_07590,98B-587.88,Vinfast,Fadil,12/24/2023,12/29/2023,3351270,Dang Thi Oanh,2
RENT_HCM_07591,54G-335.06,Honda,CR-V,1/17/2026,1/20/2026,1427691,Nguyen Van Dung,0
RENT_HCM_07592,69F-764.42,Mazda,CX-5,2/5/2021,2/8/2021,1540683,Pham Thi Phong,0
RENT_HCM_07593,63A-217.47,Hyundai,i10,10/3/2022,10/6/2022,2379486,Ngo Van Em,1
RENT_HCM_07594,92D-335.06,Toyota,Camry,3/9/2024,3/14/2024,2689315,Bui Thi Dung,2
RENT_HCM_07595,86B-468.95,Toyota,Camry,8/25/2026,8/31/2026,4839276,Bui Thi Em,0
RENT_HCM_07596,38C-142.53,Hyundai,i10,2/2/2024,2/3/2024,758899,Nguyen Van Em,1
RENT_HCM_07597,22E-888.71,Honda,CR-V,4/24/2023,4/25/2023,682571,Hoang Van Giang,0
RENT_HCM_07598,16K-535.88,Kia,Soluto,4/14/2023,4/15/2023,1168588,Bui Thi An,0
RENT_HCM_07599,95H-477.98,Kia,Seltos,8/15/2024,8/20/2024,3833470,Do Thi Nam,0
RENT_HCM_07600,15F-595.30,Honda,City,7/22/2024,7/27/2024,3807690,Bui Thi An,0
RENT_HCM_07601,67C-665.78,Hyundai,i10,8/2/2023,8/5/2023,1766034,Pham Thi Dung,0
RENT_HCM_07602,74D-805.08,Hyundai,Accent,12/27/2023,1/3/2024,6594812,Hoang Van An,0
RENT_HCM_07603,18A-563.17,Toyota,Innova,12/6/2024,12/12/2024,4149000,Nguyen Van Oanh,0
RENT_HCM_07604,91H-439.88,Mazda,CX-5,11/27/2022,12/4/2022,8160607,Do Thi Binh,2
RENT_HCM_07605,14B-920.02,Toyota,Vios,3/28/2022,4/4/2022,4597866,Pham Thi Giang,1
RENT_HCM_07606,62G-115.18,Ford,Ranger,11/24/2024,11/28/2024,3486152,Dang Thi Phong,0
RENT_HCM_07607,94E-578.12,Hyundai,i10,7/8/2023,7/11/2023,1220571,Bui Thi Khoa,0
RENT_HCM_07608,66F-164.86,Kia,Soluto,11/28/2023,12/5/2023,2993585,Le Van Oanh,1
RENT_HCM_07609,40G-744.81,Honda,City,3/2/2026,3/6/2026,4120924,Le Van Phong,0
RENT_HCM_07610,16K-690.45,Vinfast,Lux A2.0,12/5/2024,12/6/2024,1050937,Bui Thi Binh,1
RENT_HCM_07611,32F-733.46,Toyota,Vios,2/12/2022,2/15/2022,1446606,Hoang Van Oanh,0
RENT_HCM_07612,86C-265.81,Ford,Ranger,9/11/2024,9/14/2024,1281624,Le Van Giang,0
RENT_HCM_07613,77C-616.68,Toyota,Camry,7/1/2024,7/8/2024,7533981,Pham Thi Cuong,0
RENT_HCM_07614,28A-321.73,Hyundai,Accent,6/23/2025,6/27/2025,4702272,Tran Thi Phuc,0
RENT_HCM_07615,87B-650.29,Toyota,Camry,7/3/2024,7/7/2024,3682148,Tran Thi Minh,0
RENT_HCM_07616,45D-330.83,Mazda,CX-5,4/25/2026,4/30/2026,2266430,Dang Thi Oanh,1
RENT_HCM_07617,57C-660.60,Toyota,Vios,9/13/2021,9/19/2021,2633670,Nguyen Van Nam,1
RENT_HCM_07618,23C-148.49,Hyundai,i10,7/18/2023,7/22/2023,2485332,Pham Thi Dung,0
RENT_HCM_07619,65B-452.82,Toyota,Innova,6/11/2026,6/15/2026,3590316,Vu Van Cuong,1
RENT_HCM_07620,99C-732.83,Ford,EcoSport,4/30/2022,5/2/2022,1679592,Le Van Cuong,0
RENT_HCM_07621,72C-183.23,Ford,Ranger,12/9/2025,12/12/2025,3205845,Dang Thi Hoa,1
RENT_HCM_07622,23D-400.10,Kia,Morning,2/28/2023,3/7/2023,7479913,Ngo Van Nam,0
RENT_HCM_07623,74A-942.98,Hyundai,Accent,6/15/2022,6/18/2022,3412713,Nguyen Van Phuc,0
RENT_HCM_07624,25A-321.29,Toyota,Innova,8/3/2022,8/6/2022,2152134,Dang Thi Phong,1
RENT_HCM_07625,12G-744.89,Mazda,CX-5,7/8/2026,7/14/2026,6680460,Pham Thi Quyen,0
RENT_HCM_07626,22E-897.25,Mazda,CX-5,12/8/2025,12/15/2025,5706057,Nguyen Van Giang,3
RENT_HCM_07627,70D-192.58,Kia,Morning,10/25/2022,11/1/2022,7957131,Hoang Van Phuc,1
RENT_HCM_07628,66F-164.86,Kia,Soluto,7/8/2026,7/13/2026,4555615,Ngo Van Dung,3
RENT_HCM_07629,48B-706.17,Toyota,Camry,12/18/2021,12/20/2021,2010442,Bui Thi Cuong,0
RENT_HCM_07630,11H-964.02,Ford,Ranger,4/3/2024,4/8/2024,5277405,Nguyen Van Dung,1
RENT_HCM_07631,40H-661.06,Mazda,3,12/17/2023,12/22/2023,4754465,Pham Thi Quyen,0
RENT_HCM_07632,96D-497.47,Hyundai,i10,3/4/2024,3/8/2024,4625440,Hoang Van Nam,3
RENT_HCM_07633,38C-142.53,Hyundai,i10,2/9/2025,2/15/2025,5131476,Le Van Phong,0
RENT_HCM_07634,33F-566.78,Toyota,Vios,8/16/2024,8/19/2024,2186367,Nguyen Van Hoa,1
RENT_HCM_07635,69F-764.42,Mazda,CX-5,3/11/2023,3/14/2023,2658600,Dang Thi Nam,0
RENT_HCM_07636,62A-523.15,Honda,CR-V,6/20/2023,6/27/2023,6782531,Vu Van Linh,2
RENT_HCM_07637,38C-142.53,Hyundai,i10,6/26/2022,7/2/2022,4216842,Nguyen Van Khoa,0
RENT_HCM_07638,26D-656.30,Honda,City,3/12/2023,3/14/2023,2001644,Dang Thi Hoa,1
RENT_HCM_07639,40E-511.08,Honda,CR-V,3/8/2022,3/12/2022,4288512,Bui Thi Oanh,1
RENT_HCM_07640,81A-639.94,Honda,City,6/21/2021,6/26/2021,5933920,Dang Thi Minh,0
RENT_HCM_07641,87C-525.97,Ford,Ranger,4/19/2023,4/24/2023,2716505,Hoang Van Khoa,0
RENT_HCM_07642,72G-919.68,Toyota,Vios,9/14/2021,9/15/2021,458376,Le Van Minh,0
RENT_HCM_07643,47D-840.33,Kia,Morning,3/18/2021,3/23/2021,2058090,Ngo Van Phong,2
RENT_HCM_07644,67C-665.78,Hyundai,i10,5/2/2024,5/9/2024,2830604,Pham Thi Nam,0
RENT_HCM_07645,39H-996.40,Honda,CR-V,12/12/2021,12/13/2021,483528,Hoang Van Binh,1
RENT_HCM_07646,86G-330.15,Toyota,Vios,2/6/2023,2/12/2023,2583162,Vu Van Phuc,0
RENT_HCM_07647,28B-288.64,Hyundai,Accent,4/1/2026,4/2/2026,743889,Do Thi Minh,0
RENT_HCM_07648,51G-626.30,Vinfast,Lux A2.0,5/23/2025,5/30/2025,7514003,Hoang Van Em,1
RENT_HCM_07649,64F-676.74,Hyundai,Accent,5/18/2024,5/19/2024,970275,Do Thi An,3
RENT_HCM_07650,27G-984.07,Ford,Ranger,4/9/2021,4/13/2021,4406816,Tran Thi An,2
RENT_HCM_07651,53K-126.49,Toyota,Innova,6/12/2021,6/13/2021,775473,Dang Thi Khoa,0
RENT_HCM_07652,31G-307.19,Honda,City,5/28/2026,6/3/2026,4622184,Tran Thi Phong,1
RENT_HCM_07653,84G-796.42,Kia,Morning,3/31/2025,4/2/2025,1872458,Le Van Minh,0
RENT_HCM_07654,30F-808.46,Toyota,Camry,3/6/2026,3/12/2026,3583920,Ngo Van Hoa,0
RENT_HCM_07655,49E-348.68,Kia,Soluto,12/21/2022,12/26/2022,3401555,Tran Thi Quyen,2
RENT_HCM_07656,89G-388.88,Hyundai,Accent,4/6/2021,4/7/2021,770075,Hoang Van Em,1
RENT_HCM_07657,62A-523.15,Honda,CR-V,1/8/2021,1/12/2021,3372668,Dang Thi Em,1
RENT_HCM_07658,94G-517.12,Mazda,CX-5,9/20/2021,9/27/2021,5703054,Tran Thi Phuc,2
RENT_HCM_07659,23D-400.10,Kia,Morning,7/3/2026,7/4/2026,419055,Bui Thi Oanh,2
RENT_HCM_07660,82K-625.14,Honda,City,7/10/2022,7/11/2022,513300,Do Thi Khoa,0
RENT_HCM_07661,96D-838.67,Vinfast,Lux A2.0,8/28/2025,9/2/2025,2639095,Pham Thi Giang,1
RENT_HCM_07662,99C-732.83,Ford,EcoSport,12/16/2024,12/18/2024,949966,Hoang Van Nam,3
RENT_HCM_07663,97D-214.30,Honda,CR-V,7/13/2026,7/16/2026,2076408,Bui Thi Dung,1
RENT_HCM_07664,51G-626.30,Vinfast,Lux A2.0,10/21/2023,10/26/2023,3601305,Hoang Van Phuc,2
RENT_HCM_07665,28B-288.64,Hyundai,Accent,10/29/2023,11/1/2023,2215023,Le Van Khoa,2
RENT_HCM_07666,63A-217.47,Hyundai,i10,9/4/2025,9/7/2025,1426749,Nguyen Van Dung,1
RENT_HCM_07667,85C-925.94,Hyundai,Grand i10,3/19/2024,3/25/2024,3164898,Nguyen Van Binh,1
RENT_HCM_07668,72G-919.68,Toyota,Vios,6/11/2022,6/17/2022,4931928,Bui Thi Em,0
RENT_HCM_07669,73A-575.16,Ford,Ranger,8/28/2023,8/31/2023,3347694,Do Thi Nam,0
RENT_HCM_07670,11C-738.22,Vinfast,Fadil,7/30/2026,8/6/2026,3331370,Tran Thi Phong,0
RENT_HCM_07671,94G-517.12,Mazda,CX-5,5/11/2025,5/16/2025,3400100,Pham Thi Phong,0
RENT_HCM_07672,90A-463.29,Hyundai,i10,3/31/2021,4/4/2021,4112220,Nguyen Van Hoa,0
RENT_HCM_07673,24A-237.02,Hyundai,Accent,7/10/2026,7/15/2026,5969435,Tran Thi Khoa,2
RENT_HCM_07674,23G-543.44,Hyundai,i10,12/12/2023,12/15/2023,1329360,Le Van Giang,0
RENT_HCM_07675,72C-183.23,Ford,Ranger,5/23/2022,5/29/2022,4325406,Ngo Van Linh,0
RENT_HCM_07676,74A-942.98,Hyundai,Accent,5/12/2024,5/14/2024,1503340,Vu Van Hoa,1
RENT_HCM_07677,49F-678.30,Vinfast,Lux A2.0,12/10/2021,12/15/2021,2751450,Do Thi Phuc,0
RENT_HCM_07678,60A-977.72,Hyundai,Grand i10,1/6/2026,1/7/2026,1130888,Le Van Hoa,0
RENT_HCM_07679,40E-511.08,Honda,CR-V,11/20/2024,11/26/2024,5786748,Dang Thi An,3
RENT_HCM_07680,38E-944.15,Mazda,3,10/10/2023,10/12/2023,1598540,Le Van Giang,1
RENT_HCM_07681,66G-887.42,Vinfast,Lux A2.0,9/27/2023,10/3/2023,3175362,Do Thi Nam,1
RENT_HCM_07682,73A-575.16,Ford,Ranger,2/14/2021,2/16/2021,1082490,Vu Van Minh,0
RENT_HCM_07683,39C-734.09,Ford,EcoSport,3/23/2022,3/29/2022,6196056,Bui Thi Giang,1
RENT_HCM_07684,49F-678.30,Vinfast,Lux A2.0,8/20/2021,8/23/2021,2073135,Ngo Van Giang,1
RENT_HCM_07685,12G-744.89,Mazda,CX-5,5/20/2021,5/25/2021,2290300,Le Van Binh,0
RENT_HCM_07686,32K-304.31,Kia,Morning,12/27/2025,1/2/2026,6534432,Pham Thi Minh,0
RENT_HCM_07687,78C-146.78,Ford,Ranger,12/5/2021,12/9/2021,3973928,Pham Thi Hoa,1
RENT_HCM_07688,90A-485.48,Mazda,CX-5,3/27/2024,4/3/2024,5512150,Ngo Van Phong,0
RENT_HCM_07689,27H-701.29,Toyota,Camry,7/10/2025,7/12/2025,1466972,Vu Van Phong,2
RENT_HCM_07690,88K-102.81,Hyundai,Accent,3/11/2025,3/13/2025,1099864,Do Thi Hoa,1
RENT_HCM_07691,78C-146.78,Ford,Ranger,2/12/2021,2/16/2021,4694804,Nguyen Van Khoa,0
RENT_HCM_07692,67C-665.78,Hyundai,i10,6/18/2023,6/24/2023,2477904,Pham Thi Binh,1
RENT_HCM_07693,30K-166.87,Hyundai,Accent,2/14/2026,2/15/2026,1111169,Ngo Van Nam,1
RENT_HCM_07694,31E-660.71,Toyota,Camry,12/14/2022,12/18/2022,2515356,Ngo Van Nam,1
RENT_HCM_07695,16B-618.82,Hyundai,Grand i10,5/2/2025,5/3/2025,466017,Hoang Van An,1
RENT_HCM_07696,50G-877.98,Hyundai,i10,7/2/2026,7/8/2026,6176928,Tran Thi Binh,0
RENT_HCM_07697,37B-826.15,Kia,Soluto,2/13/2021,2/18/2021,2102135,Tran Thi Linh,0
RENT_HCM_07698,68K-951.28,Hyundai,i10,3/3/2026,3/8/2026,5278655,Pham Thi Phong,1
RENT_HCM_07699,71C-946.67,Ford,EcoSport,4/19/2025,4/23/2025,2940284,Vu Van Khoa,2
RENT_HCM_07700,82E-939.56,Hyundai,Accent,10/14/2025,10/19/2025,2130260,Do Thi Khoa,3
RENT_HCM_07701,76G-211.58,Hyundai,Accent,9/6/2025,9/7/2025,746595,Do Thi Em,0
RENT_HCM_07702,37E-977.04,Mazda,3,12/5/2024,12/6/2024,905668,Ngo Van Quyen,1
RENT_HCM_07703,31G-307.19,Honda,City,6/27/2024,6/29/2024,1986140,Hoang Van Nam,0
RENT_HCM_07704,81A-639.94,Honda,City,7/17/2022,7/23/2022,6810462,Vu Van Phuc,1
RENT_HCM_07705,36F-989.46,Mazda,3,6/4/2022,6/7/2022,2981673,Bui Thi Quyen,0
RENT_HCM_07706,69F-764.42,Mazda,CX-5,12/28/2022,1/4/2023,3907799,Hoang Van Khoa,2
RENT_HCM_07707,83B-797.49,Mazda,3,6/12/2022,6/17/2022,4869300,Tran Thi Dung,0
RENT_HCM_07708,65B-452.82,Toyota,Innova,9/8/2021,9/14/2021,3554190,Nguyen Van Hoa,0
RENT_HCM_07709,50G-877.98,Hyundai,i10,2/4/2022,2/9/2022,5744795,Hoang Van Oanh,0
RENT_HCM_07710,85H-903.18,Kia,Morning,3/20/2023,3/23/2023,1659750,Pham Thi Khoa,1
RENT_HCM_07711,74A-942.98,Hyundai,Accent,8/24/2025,8/29/2025,4489385,Dang Thi Phuc,2
RENT_HCM_07712,68D-390.90,Kia,Morning,4/15/2021,4/21/2021,4110666,Le Van Binh,1
RENT_HCM_07713,87C-525.97,Ford,Ranger,8/4/2025,8/8/2025,2494908,Le Van Phuc,1
RENT_HCM_07714,77B-234.63,Mazda,3,9/23/2023,9/27/2023,2587692,Le Van Quyen,0
RENT_HCM_07715,80H-858.85,Ford,Ranger,4/14/2022,4/21/2022,4186196,Tran Thi Phuc,2
RENT_HCM_07716,93A-482.11,Toyota,Camry,11/30/2023,12/4/2023,2082720,Do Thi Phuc,0
RENT_HCM_07717,15F-595.30,Honda,City,9/24/2025,9/25/2025,572439,Hoang Van Nam,0
RENT_HCM_07718,39C-734.09,Ford,EcoSport,6/15/2021,6/19/2021,2978212,Dang Thi Oanh,0
RENT_HCM_07719,38G-497.95,Kia,Soluto,2/23/2024,2/25/2024,1578716,Nguyen Van Giang,0
RENT_HCM_07720,16B-618.82,Hyundai,Grand i10,4/22/2022,4/23/2022,415618,Vu Van Phong,0
RENT_HCM_07721,87B-650.29,Toyota,Camry,1/24/2026,1/25/2026,970796,Nguyen Van Nam,0
RENT_HCM_07722,13C-595.73,Vinfast,Lux A2.0,4/14/2026,4/19/2026,5070995,Nguyen Van Dung,2
RENT_HCM_07723,70D-192.58,Kia,Morning,1/11/2023,1/13/2023,1257298,Le Van Giang,0
RENT_HCM_07724,73D-927.45,Mazda,CX-5,7/1/2021,7/2/2021,734380,Tran Thi Minh,1
RENT_HCM_07725,32C-510.80,Hyundai,Grand i10,6/30/2026,7/5/2026,4669885,Tran Thi Khoa,1
RENT_HCM_07726,81A-639.94,Honda,City,3/16/2024,3/17/2024,912247,Do Thi Hoa,1
RENT_HCM_07727,64F-676.74,Hyundai,Accent,3/11/2022,3/15/2022,4075540,Le Van Linh,2
RENT_HCM_07728,38C-383.91,Ford,Ranger,2/18/2025,2/24/2025,3960630,Le Van Nam,1
RENT_HCM_07729,93F-865.25,Mazda,3,5/18/2023,5/25/2023,6340537,Nguyen Van Em,1
RENT_HCM_07730,78C-146.78,Ford,Ranger,5/26/2024,5/27/2024,1024790,Do Thi Khoa,0
RENT_HCM_07731,41C-516.21,Hyundai,i10,2/13/2025,2/17/2025,2580900,Dang Thi Phong,1
RENT_HCM_07732,12E-196.98,Ford,EcoSport,12/10/2025,12/12/2025,1348204,Vu Van Phong,2
RENT_HCM_07733,67C-665.78,Hyundai,i10,9/4/2025,9/7/2025,1568310,Nguyen Van Linh,0
RENT_HCM_07734,41C-516.21,Hyundai,i10,8/21/2021,8/24/2021,1407765,Hoang Van Minh,0
RENT_HCM_07735,51G-626.30,Vinfast,Lux A2.0,5/9/2023,5/10/2023,773558,Do Thi Binh,1
RENT_HCM_07736,25D-575.36,Hyundai,Accent,4/7/2022,4/14/2022,5149291,Do Thi Oanh,1
RENT_HCM_07737,31G-307.19,Honda,City,6/17/2022,6/22/2022,3168230,Tran Thi Linh,1
RENT_HCM_07738,25A-321.29,Toyota,Innova,2/11/2021,2/18/2021,6797196,Pham Thi Phuc,2
RENT_HCM_07739,50G-118.24,Honda,CR-V,10/31/2024,11/3/2024,3434460,Dang Thi Phuc,2
RENT_HCM_07740,28B-378.39,Toyota,Innova,12/11/2022,12/15/2022,2981696,Do Thi Oanh,0
RENT_HCM_07741,38G-497.95,Kia,Soluto,10/6/2024,10/11/2024,4883535,Nguyen Van Dung,0
RENT_HCM_07742,27H-701.29,Toyota,Camry,9/28/2023,10/1/2023,2575737,Hoang Van Khoa,0
RENT_HCM_07743,13H-835.85,Ford,EcoSport,3/18/2026,3/22/2026,2984436,Pham Thi Phong,0
RENT_HCM_07744,77C-211.72,Kia,Seltos,10/9/2023,10/13/2023,2548124,Ngo Van Phong,0
RENT_HCM_07745,33B-472.24,Kia,Seltos,6/29/2026,7/6/2026,7999621,Dang Thi Dung,1
RENT_HCM_07746,87B-650.29,Toyota,Camry,5/27/2024,6/3/2024,7401674,Dang Thi Binh,2
RENT_HCM_07747,38G-667.86,Mazda,3,2/3/2025,2/5/2025,1059614,Dang Thi Em,1
RENT_HCM_07748,72C-183.23,Ford,Ranger,11/12/2025,11/14/2025,2343718,Vu Van Quyen,2
RENT_HCM_07749,21K-767.03,Hyundai,i10,6/21/2024,6/23/2024,1820202,Dang Thi Quyen,0
RENT_HCM_07750,19K-348.27,Hyundai,i10,4/8/2022,4/11/2022,2841516,Hoang Van Giang,0
RENT_HCM_07751,80G-716.32,Kia,Soluto,4/30/2023,5/3/2023,3251313,Pham Thi Nam,2
RENT_HCM_07752,59B-706.42,Toyota,Vios,10/19/2024,10/21/2024,802008,Hoang Van Cuong,1
RENT_HCM_07753,78C-146.78,Ford,Ranger,4/7/2026,4/12/2026,2020765,Le Van Oanh,3
RENT_HCM_07754,39H-896.77,Toyota,Vios,1/24/2022,1/26/2022,2245460,Le Van Linh,1
RENT_HCM_07755,12G-744.89,Mazda,CX-5,6/19/2025,6/20/2025,791538,Bui Thi Quyen,1
RENT_HCM_07756,63A-217.47,Hyundai,i10,10/11/2025,10/15/2025,3644764,Hoang Van Phong,0
RENT_HCM_07757,93A-482.11,Toyota,Camry,8/18/2022,8/19/2022,663893,Pham Thi Phong,2
RENT_HCM_07758,35G-898.00,Vinfast,Fadil,6/7/2021,6/9/2021,2091862,Nguyen Van Linh,0
RENT_HCM_07759,32D-394.35,Toyota,Vios,1/13/2025,1/16/2025,3499656,Le Van Linh,2
RENT_HCM_07760,32C-510.80,Hyundai,Grand i10,5/23/2022,5/26/2022,2184255,Dang Thi Linh,0
RENT_HCM_07761,25B-454.15,Toyota,Innova,2/23/2022,3/2/2022,6760278,Le Van Quyen,0
RENT_HCM_07762,96E-688.41,Toyota,Innova,11/29/2021,11/30/2021,1199403,Vu Van Dung,0
RENT_HCM_07763,80K-657.71,Toyota,Innova,8/8/2022,8/10/2022,1451748,Tran Thi Oanh,0
RENT_HCM_07764,90A-485.48,Mazda,CX-5,1/13/2021,1/20/2021,5492648,Hoang Van Binh,0
RENT_HCM_07765,74A-942.98,Hyundai,Accent,11/18/2023,11/21/2023,3237072,Le Van Em,2
RENT_HCM_07766,95C-492.50,Toyota,Innova,4/27/2024,4/29/2024,1464672,Nguyen Van Nam,1
RENT_HCM_07767,89G-388.88,Hyundai,Accent,10/7/2024,10/10/2024,1447665,Vu Van Quyen,1
RENT_HCM_07768,88K-102.81,Hyundai,Accent,2/22/2026,2/26/2026,3325880,Vu Van Quyen,0
RENT_HCM_07769,92A-672.48,Ford,EcoSport,2/18/2026,2/21/2026,3132615,Hoang Van Oanh,0
RENT_HCM_07770,33F-566.78,Toyota,Vios,6/22/2023,6/29/2023,4124869,Bui Thi Phuc,1
RENT_HCM_07771,57C-660.60,Toyota,Vios,12/25/2024,12/30/2024,2309670,Do Thi Giang,0
RENT_HCM_07772,11C-319.16,Toyota,Innova,2/5/2021,2/12/2021,8021160,Hoang Van Quyen,0
RENT_HCM_07773,82K-625.14,Honda,City,7/16/2024,7/17/2024,1195237,Pham Thi An,0
RENT_HCM_07774,15F-595.30,Honda,City,12/17/2024,12/18/2024,886543,Ngo Van Binh,0
RENT_HCM_07775,40B-456.25,Hyundai,i10,12/21/2024,12/22/2024,1137080,Hoang Van Quyen,0
RENT_HCM_07776,86C-265.81,Ford,Ranger,11/25/2022,12/2/2022,6395557,Tran Thi Oanh,0
RENT_HCM_07777,68C-733.66,Hyundai,Accent,5/30/2024,6/4/2024,5935865,Do Thi Quyen,0
RENT_HCM_07778,85E-378.37,Ford,Ranger,1/12/2023,1/15/2023,1467405,Pham Thi Binh,0
RENT_HCM_07779,36E-560.60,Toyota,Vios,12/18/2025,12/25/2025,3562727,Dang Thi Binh,1
RENT_HCM_07780,30F-808.46,Toyota,Camry,4/15/2026,4/17/2026,1927624,Bui Thi Phuc,1
RENT_HCM_07781,36F-989.46,Mazda,3,6/12/2023,6/17/2023,2513270,Bui Thi Oanh,0
RENT_HCM_07782,72G-919.68,Toyota,Vios,1/28/2023,1/30/2023,1417724,Do Thi Phong,0
RENT_HCM_07783,95B-546.55,Hyundai,Accent,9/23/2026,9/25/2026,2146362,Vu Van Hoa,0
RENT_HCM_07784,75C-107.61,Vinfast,Fadil,6/3/2023,6/5/2023,1344954,Bui Thi Oanh,2
RENT_HCM_07785,33F-566.78,Toyota,Vios,9/15/2025,9/21/2025,7181880,Tran Thi Hoa,1
RENT_HCM_07786,95C-492.50,Toyota,Innova,1/13/2021,1/20/2021,8002610,Hoang Van Quyen,0
RENT_HCM_07787,66F-164.86,Kia,Soluto,5/15/2026,5/18/2026,1213932,Tran Thi An,0
RENT_HCM_07788,19K-348.27,Hyundai,i10,11/5/2023,11/11/2023,3691932,Pham Thi Giang,0
RENT_HCM_07789,76K-194.55,Toyota,Innova,3/25/2026,3/30/2026,3207270,Bui Thi Dung,0
RENT_HCM_07790,81H-361.56,Vinfast,Lux A2.0,10/25/2025,10/28/2025,2264391,Hoang Van Quyen,0
RENT_HCM_07791,30K-166.87,Hyundai,Accent,10/5/2022,10/6/2022,1169128,Hoang Van Cuong,2
RENT_HCM_07792,50D-378.78,Vinfast,Lux A2.0,1/3/2021,1/9/2021,6959052,Tran Thi Khoa,0
RENT_HCM_07793,37K-262.20,Mazda,3,8/13/2023,8/18/2023,5692185,Nguyen Van An,0
RENT_HCM_07794,90D-598.73,Toyota,Innova,3/13/2021,3/20/2021,8129198,Bui Thi Minh,0
RENT_HCM_07795,91B-105.47,Toyota,Innova,9/19/2021,9/20/2021,1139659,Vu Van Nam,0
RENT_HCM_07796,51G-626.30,Vinfast,Lux A2.0,1/4/2021,1/11/2021,7286265,Le Van Quyen,2
RENT_HCM_07797,85C-925.94,Hyundai,Grand i10,8/3/2024,8/8/2024,3473295,Nguyen Van Giang,1
RENT_HCM_07798,40H-661.06,Mazda,3,5/22/2021,5/27/2021,2350025,Bui Thi Giang,1
RENT_HCM_07799,28A-321.73,Hyundai,Accent,3/14/2026,3/17/2026,1638624,Pham Thi Khoa,0
RENT_HCM_07800,12B-182.67,Toyota,Vios,6/8/2024,6/11/2024,3263715,Vu Van Linh,3
RENT_HCM_07801,46C-855.60,Vinfast,Fadil,3/11/2024,3/17/2024,3929826,Ngo Van Phong,0
RENT_HCM_07802,85E-378.37,Ford,Ranger,7/2/2022,7/8/2022,4418808,Tran Thi Giang,1
RENT_HCM_07803,99E-453.66,Kia,Soluto,5/11/2021,5/15/2021,2402480,Hoang Van Phong,0
RENT_HCM_07804,40E-511.08,Honda,CR-V,3/31/2026,4/1/2026,688111,Dang Thi Linh,1
RENT_HCM_07805,72K-707.72,Toyota,Camry,11/1/2022,11/6/2022,5267875,Nguyen Van Oanh,0
RENT_HCM_07806,64F-676.74,Hyundai,Accent,7/17/2021,7/18/2021,1111231,Do Thi Cuong,0
RENT_HCM_07807,32K-304.31,Kia,Morning,10/14/2022,10/17/2022,3187428,Bui Thi Hoa,1
RENT_HCM_07808,86G-330.15,Toyota,Vios,5/13/2025,5/15/2025,1667856,Hoang Van Hoa,1
RENT_HCM_07809,94E-578.12,Hyundai,i10,12/30/2025,1/2/2026,1377327,Tran Thi Em,0
RENT_HCM_07810,25A-321.29,Toyota,Innova,8/8/2022,8/15/2022,6633004,Bui Thi Giang,2
RENT_HCM_07811,95E-747.86,Mazda,CX-5,7/18/2021,7/22/2021,1624372,Vu Van Nam,2
RENT_HCM_07812,98B-587.88,Vinfast,Fadil,6/18/2023,6/21/2023,1990521,Dang Thi Hoa,2
RENT_HCM_07813,31A-995.79,Mazda,3,7/16/2022,7/19/2022,2460141,Dang Thi Linh,1
RENT_HCM_07814,84A-192.77,Toyota,Camry,6/23/2022,6/29/2022,3443544,Nguyen Van Quyen,0
RENT_HCM_07815,16K-690.45,Vinfast,Lux A2.0,11/1/2024,11/5/2024,2650880,Nguyen Van Nam,0
RENT_HCM_07816,28B-288.64,Hyundai,Accent,3/29/2025,3/30/2025,902078,Pham Thi Oanh,0
RENT_HCM_07817,55B-647.43,Mazda,3,6/7/2026,6/13/2026,6526260,Le Van Giang,1
RENT_HCM_07818,35C-671.07,Hyundai,i10,10/29/2021,10/30/2021,869186,Ngo Van Em,0
RENT_HCM_07819,80G-716.32,Kia,Soluto,7/24/2021,7/29/2021,5578640,Ngo Van Dung,1
RENT_HCM_07820,36K-772.94,Ford,EcoSport,2/25/2023,2/26/2023,1114065,Hoang Van Oanh,2
RENT_HCM_07821,62G-115.18,Ford,Ranger,7/11/2026,7/17/2026,5416146,Vu Van Phuc,1
RENT_HCM_07822,68D-390.90,Kia,Morning,6/23/2023,6/27/2023,3928188,Pham Thi Giang,1
RENT_HCM_07823,35G-898.00,Vinfast,Fadil,4/21/2023,4/27/2023,5201040,Do Thi Minh,3
RENT_HCM_07824,90B-179.51,Vinfast,Fadil,10/28/2021,11/3/2021,6676242,Bui Thi Minh,0
RENT_HCM_07825,39B-248.98,Hyundai,Grand i10,4/20/2025,4/23/2025,2106426,Pham Thi Hoa,0
RENT_HCM_07826,69F-764.42,Mazda,CX-5,4/25/2021,4/29/2021,2336312,Pham Thi Binh,0
RENT_HCM_07827,11C-738.22,Vinfast,Fadil,2/15/2023,2/22/2023,4392367,Do Thi Oanh,2
RENT_HCM_07828,36F-989.46,Mazda,3,9/20/2022,9/26/2022,2423544,Vu Van Nam,0
RENT_HCM_07829,85H-903.18,Kia,Morning,9/24/2022,9/28/2022,3322416,Dang Thi Quyen,1
RENT_HCM_07830,25B-454.15,Toyota,Innova,8/15/2026,8/17/2026,1401138,Pham Thi Binh,1
RENT_HCM_07831,14G-415.24,Hyundai,i10,1/26/2021,1/30/2021,2885688,Nguyen Van Giang,2
RENT_HCM_07832,23D-400.10,Kia,Morning,10/21/2023,10/24/2023,1363095,Vu Van Dung,0
RENT_HCM_07833,62K-469.95,Vinfast,Fadil,6/3/2024,6/6/2024,2922942,Ngo Van An,0
RENT_HCM_07834,31A-995.79,Mazda,3,8/10/2026,8/16/2026,3011994,Ngo Van Binh,0
RENT_HCM_07835,62B-172.41,Kia,Soluto,10/13/2022,10/14/2022,1193608,Ngo Van Khoa,0
RENT_HCM_07836,67C-665.78,Hyundai,i10,12/25/2021,12/31/2021,5766408,Dang Thi Giang,2
RENT_HCM_07837,25A-321.29,Toyota,Innova,5/24/2025,5/28/2025,4261076,Ngo Van Giang,2
RENT_HCM_07838,36K-772.94,Ford,EcoSport,8/9/2025,8/14/2025,4614515,Bui Thi Nam,1
RENT_HCM_07839,72G-969.58,Toyota,Vios,5/27/2024,5/31/2024,3672516,Vu Van Cuong,0
RENT_HCM_07840,93D-583.18,Hyundai,Accent,5/5/2023,5/8/2023,2864511,Bui Thi Minh,1
RENT_HCM_07841,55B-647.43,Mazda,3,8/14/2024,8/15/2024,980155,Dang Thi Hoa,0
RENT_HCM_07842,76K-194.55,Toyota,Innova,7/17/2026,7/20/2026,1342551,Nguyen Van Hoa,2
RENT_HCM_07843,14C-459.98,Ford,EcoSport,9/27/2022,10/1/2022,3870020,Bui Thi Linh,1
RENT_HCM_07844,13E-299.60,Honda,CR-V,8/8/2024,8/15/2024,7878528,Hoang Van Nam,2
RENT_HCM_07845,78C-146.78,Ford,Ranger,1/26/2022,2/1/2022,4543464,Do Thi Hoa,1
RENT_HCM_07846,74D-805.08,Hyundai,Accent,8/7/2022,8/11/2022,3946392,Vu Van An,2
RENT_HCM_07847,16B-618.82,Hyundai,Grand i10,10/17/2022,10/21/2022,2246908,Dang Thi Linh,0
RENT_HCM_07848,37G-231.27,Toyota,Camry,4/3/2022,4/10/2022,4488344,Hoang Van Giang,3
RENT_HCM_07849,74H-842.20,Kia,Morning,11/6/2023,11/9/2023,2908725,Le Van Dung,0
RENT_HCM_07850,86B-468.95,Toyota,Camry,7/20/2026,7/24/2026,2914380,Hoang Van Oanh,0
RENT_HCM_07851,39H-996.40,Honda,CR-V,1/13/2024,1/17/2024,1934828,Bui Thi Cuong,0
RENT_HCM_07852,90D-598.73,Toyota,Innova,9/23/2024,9/27/2024,1610352,Vu Van An,0
RENT_HCM_07853,31E-660.71,Toyota,Camry,9/7/2023,9/12/2023,4881625,Vu Van Quyen,0
RENT_HCM_07854,42H-912.12,Toyota,Innova,9/24/2024,9/28/2024,3536348,Tran Thi Binh,2
RENT_HCM_07855,45F-232.07,Vinfast,Lux A2.0,8/11/2024,8/17/2024,4316286,Dang Thi Em,2
RENT_HCM_07856,51G-626.30,Vinfast,Lux A2.0,10/29/2022,11/4/2022,6016710,Tran Thi Quyen,2
RENT_HCM_07857,76H-418.80,Hyundai,Accent,4/11/2022,4/12/2022,816764,Nguyen Van Minh,0
RENT_HCM_07858,92F-931.00,Vinfast,Lux A2.0,1/22/2022,1/27/2022,5935325,Nguyen Van Hoa,1
RENT_HCM_07859,68A-105.33,Toyota,Innova,5/26/2025,5/28/2025,1550632,Vu Van Binh,1
RENT_HCM_07860,94G-517.12,Mazda,CX-5,3/2/2026,3/6/2026,2535704,Hoang Van Giang,2
RENT_HCM_07861,13H-835.85,Ford,EcoSport,5/16/2025,5/20/2025,4684568,Vu Van Nam,0
RENT_HCM_07862,99E-453.66,Kia,Soluto,4/3/2022,4/4/2022,782712,Le Van Phong,0
RENT_HCM_07863,59B-706.42,Toyota,Vios,3/6/2021,3/12/2021,7017624,Hoang Van Hoa,2
RENT_HCM_07864,36K-772.94,Ford,EcoSport,12/4/2021,12/7/2021,2495364,Tran Thi Dung,0
RENT_HCM_07865,96D-497.47,Hyundai,i10,10/21/2024,10/22/2024,607985,Tran Thi Binh,2
RENT_HCM_07866,75C-107.61,Vinfast,Fadil,4/4/2026,4/10/2026,2633904,Tran Thi Cuong,0
RENT_HCM_07867,86G-330.15,Toyota,Vios,5/11/2022,5/12/2022,869925,Pham Thi Linh,2
RENT_HCM_07868,51G-626.30,Vinfast,Lux A2.0,1/1/2026,1/4/2026,1977336,Tran Thi Khoa,2
RENT_HCM_07869,39K-469.95,Mazda,CX-5,11/5/2021,11/7/2021,1561270,Tran Thi Em,0
RENT_HCM_07870,45F-232.07,Vinfast,Lux A2.0,2/24/2022,3/2/2022,5309694,Nguyen Van Giang,1
RENT_HCM_07871,82K-625.14,Honda,City,3/19/2023,3/20/2023,829793,Ngo Van Hoa,1
RENT_HCM_07872,66G-320.55,Kia,Soluto,1/9/2022,1/13/2022,3657488,Nguyen Van Minh,1
RENT_HCM_07873,36K-772.94,Ford,EcoSport,9/5/2025,9/7/2025,1095740,Nguyen Van Em,2
RENT_HCM_07874,24E-955.46,Toyota,Vios,10/30/2021,11/4/2021,4556080,Dang Thi Phuc,1
RENT_HCM_07875,11H-964.02,Ford,Ranger,1/1/2021,1/5/2021,4019020,Hoang Van Quyen,1
RENT_HCM_07876,14B-920.02,Toyota,Vios,3/4/2026,3/7/2026,2129832,Bui Thi Phong,0
RENT_HCM_07877,82K-162.58,Mazda,CX-5,9/7/2022,9/12/2022,4508140,Nguyen Van Quyen,2
RENT_HCM_07878,13E-299.60,Honda,CR-V,6/3/2021,6/8/2021,3481075,Pham Thi Quyen,0
RENT_HCM_07879,36E-560.60,Toyota,Vios,3/19/2022,3/24/2022,3316900,Dang Thi Phong,1
RENT_HCM_07880,85C-925.94,Hyundai,Grand i10,9/2/2021,9/7/2021,3707355,Bui Thi Minh,1
RENT_HCM_07881,91H-439.88,Mazda,CX-5,3/10/2025,3/16/2025,6418572,Hoang Van Minh,1
RENT_HCM_07882,86E-413.23,Toyota,Vios,8/27/2022,9/3/2022,4983398,Tran Thi Linh,1
RENT_HCM_07883,12E-196.98,Ford,EcoSport,10/20/2025,10/22/2025,1084056,Ngo Van An,0
RENT_HCM_07884,20A-146.45,Honda,City,11/2/2024,11/8/2024,7017324,Tran Thi Quyen,1
RENT_HCM_07885,47D-840.33,Kia,Morning,1/10/2021,1/11/2021,1044629,Ngo Van Minh,1
RENT_HCM_07886,87B-430.99,Honda,City,6/26/2023,7/1/2023,5307420,Hoang Van Phong,1
RENT_HCM_07887,21K-767.03,Hyundai,i10,11/5/2024,11/6/2024,731384,Hoang Van Phong,1
RENT_HCM_07888,54G-335.06,Honda,CR-V,7/6/2022,7/8/2022,1531442,Hoang Van Quyen,0
RENT_HCM_07889,74A-942.98,Hyundai,Accent,11/9/2021,11/10/2021,946956,Bui Thi Oanh,0
RENT_HCM_07890,39K-469.95,Mazda,CX-5,4/12/2026,4/17/2026,4657205,Dang Thi Oanh,0
RENT_HCM_07891,14H-574.13,Kia,Morning,2/18/2024,2/25/2024,7209909,Do Thi Nam,2
RENT_HCM_07892,68C-733.66,Hyundai,Accent,10/18/2022,10/19/2022,912561,Le Van Cuong,2
RENT_HCM_07893,22B-585.78,Ford,EcoSport,5/9/2026,5/11/2026,2193350,Pham Thi Phuc,0
RENT_HCM_07894,16B-618.82,Hyundai,Grand i10,9/22/2025,9/23/2025,1017390,Dang Thi Oanh,0
RENT_HCM_07895,95B-546.55,Hyundai,Accent,4/18/2021,4/24/2021,4209666,Nguyen Van Giang,0
RENT_HCM_07896,72G-969.58,Toyota,Vios,7/11/2023,7/15/2023,3129420,Vu Van Binh,0
RENT_HCM_07897,19K-348.27,Hyundai,i10,8/4/2026,8/9/2026,2611165,Pham Thi Hoa,1
RENT_HCM_07898,37G-231.27,Toyota,Camry,3/16/2022,3/21/2022,3596960,Do Thi Khoa,0
RENT_HCM_07899,26E-180.53,Hyundai,Accent,1/26/2024,1/28/2024,1802866,Tran Thi Nam,0
RENT_HCM_07900,62B-172.41,Kia,Soluto,8/6/2023,8/9/2023,1988313,Ngo Van Nam,0
RENT_HCM_07901,62B-172.41,Kia,Soluto,2/8/2022,2/10/2022,921760,Hoang Van Minh,0
RENT_HCM_07902,40G-744.81,Honda,City,3/24/2026,3/31/2026,6324668,Vu Van Cuong,0
RENT_HCM_07903,73D-927.45,Mazda,CX-5,9/22/2023,9/26/2023,2453424,Le Van Khoa,1
RENT_HCM_07904,22G-155.46,Hyundai,i10,7/8/2021,7/11/2021,1314663,Tran Thi Minh,1
RENT_HCM_07905,60A-977.72,Hyundai,Grand i10,2/18/2022,2/22/2022,3593504,Nguyen Van Dung,1
RENT_HCM_07906,86B-468.95,Toyota,Camry,10/12/2025,10/17/2025,3341990,Nguyen Van Minh,0
RENT_HCM_07907,20K-624.55,Mazda,3,2/20/2026,2/25/2026,3639295,Tran Thi Dung,0
RENT_HCM_07908,40H-661.06,Mazda,3,12/18/2022,12/23/2022,3935200,Nguyen Van Hoa,0
RENT_HCM_07909,48B-706.17,Toyota,Camry,2/15/2025,2/16/2025,1004342,Dang Thi Quyen,0
RENT_HCM_07910,62B-172.41,Kia,Soluto,10/6/2023,10/8/2023,1052658,Ngo Van Phong,2
RENT_HCM_07911,75C-107.61,Vinfast,Fadil,9/10/2021,9/16/2021,7193328,Le Van Cuong,2
RENT_HCM_07912,11H-964.02,Ford,Ranger,12/9/2022,12/16/2022,8310659,Bui Thi Minh,3
RENT_HCM_07913,76K-194.55,Toyota,Innova,6/12/2023,6/18/2023,5866200,Tran Thi Linh,0
RENT_HCM_07914,40A-169.95,Toyota,Vios,7/13/2023,7/14/2023,891831,Nguyen Van Giang,0
RENT_HCM_07915,31A-995.79,Mazda,3,4/27/2025,5/2/2025,4423210,Pham Thi Em,3
RENT_HCM_07916,74A-942.98,Hyundai,Accent,12/29/2022,1/4/2023,4209510,Tran Thi Minh,2
RENT_HCM_07917,50G-877.98,Hyundai,i10,2/4/2026,2/11/2026,5661572,Tran Thi Binh,0
RENT_HCM_07918,34H-793.09,Mazda,CX-5,3/19/2021,3/24/2021,3495465,Hoang Van Phong,0
RENT_HCM_07919,11G-399.40,Kia,Morning,2/22/2024,2/28/2024,4837530,Nguyen Van Cuong,0
RENT_HCM_07920,25B-454.15,Toyota,Innova,4/12/2022,4/15/2022,1376679,Hoang Van Linh,1
RENT_HCM_07921,86E-413.23,Toyota,Vios,12/15/2021,12/22/2021,4362680,Vu Van Em,0
RENT_HCM_07922,49D-328.28,Kia,Morning,7/4/2023,7/10/2023,4697364,Nguyen Van Hoa,0
RENT_HCM_07923,33C-941.96,Kia,Morning,4/5/2024,4/9/2024,3614212,Tran Thi Phong,0
RENT_HCM_07924,11G-731.54,Honda,City,8/21/2025,8/23/2025,1658570,Pham Thi Khoa,0
RENT_HCM_07925,43G-780.01,Kia,Morning,10/24/2023,10/31/2023,6320790,Do Thi Khoa,1
RENT_HCM_07926,37B-826.15,Kia,Soluto,12/25/2024,12/26/2024,684801,Tran Thi Quyen,0
RENT_HCM_07927,74H-842.20,Kia,Morning,7/15/2023,7/19/2023,4488796,Pham Thi An,0
RENT_HCM_07928,70D-192.58,Kia,Morning,6/11/2023,6/16/2023,4611930,Pham Thi Dung,1
RENT_HCM_07929,64K-177.33,Vinfast,Lux A2.0,2/15/2023,2/22/2023,6666247,Le Van Linh,2
RENT_HCM_07930,31A-995.79,Mazda,3,4/12/2023,4/18/2023,4109586,Vu Van Minh,0
RENT_HCM_07931,25D-448.59,Vinfast,Lux A2.0,9/1/2024,9/5/2024,2998152,Nguyen Van Em,0
RENT_HCM_07932,72H-414.63,Ford,Ranger,10/15/2021,10/17/2021,1124398,Hoang Van Linh,1
RENT_HCM_07933,37B-826.15,Kia,Soluto,1/8/2022,1/12/2022,2635792,Ngo Van Oanh,0
RENT_HCM_07934,19K-348.27,Hyundai,i10,5/22/2025,5/27/2025,2256175,Vu Van Khoa,1
RENT_HCM_07935,91B-105.47,Toyota,Innova,7/12/2024,7/17/2024,4104410,Tran Thi Phuc,3
RENT_HCM_07936,68K-951.28,Hyundai,i10,9/28/2024,10/5/2024,7420840,Bui Thi Em,0
RENT_HCM_07937,12E-196.98,Ford,EcoSport,11/22/2021,11/28/2021,4657962,Pham Thi Linh,2
RENT_HCM_07938,62B-172.41,Kia,Soluto,8/28/2024,9/4/2024,8295287,Le Van Em,0
RENT_HCM_07939,30K-166.87,Hyundai,Accent,11/30/2022,12/1/2022,1151819,Bui Thi Phong,0
RENT_HCM_07940,93A-482.11,Toyota,Camry,7/22/2026,7/26/2026,4146768,Vu Van An,0
RENT_HCM_07941,34H-793.09,Mazda,CX-5,2/15/2022,2/16/2022,948340,Ngo Van Quyen,2
RENT_HCM_07942,13H-835.85,Ford,EcoSport,12/26/2024,12/30/2024,2368608,Hoang Van Oanh,1
RENT_HCM_07943,33C-941.96,Kia,Morning,7/3/2023,7/9/2023,3622266,Vu Van Oanh,0
RENT_HCM_07944,62B-172.41,Kia,Soluto,9/5/2023,9/9/2023,3512424,Le Van Phuc,1
RENT_HCM_07945,50F-310.34,Kia,Morning,2/11/2021,2/17/2021,5113164,Bui Thi Hoa,1
RENT_HCM_07946,12G-744.89,Mazda,CX-5,9/22/2023,9/26/2023,3923384,Le Van Minh,2
RENT_HCM_07947,34K-392.12,Kia,Morning,3/17/2021,3/23/2021,7016892,Pham Thi Oanh,0
RENT_HCM_07948,36E-560.60,Toyota,Vios,5/4/2026,5/7/2026,2763879,Ngo Van Linh,1
RENT_HCM_07949,22E-897.25,Mazda,CX-5,12/31/2021,1/7/2022,6577144,Tran Thi Em,1
RENT_HCM_07950,13C-595.73,Vinfast,Lux A2.0,11/12/2025,11/16/2025,2990352,Nguyen Van Em,1
RENT_HCM_07951,88K-102.81,Hyundai,Accent,6/6/2023,6/9/2023,2085858,Ngo Van Phuc,0
RENT_HCM_07952,32D-394.35,Toyota,Vios,10/15/2023,10/22/2023,4085312,Nguyen Van Oanh,0
RENT_HCM_07953,67C-665.78,Hyundai,i10,10/23/2024,10/27/2024,3652868,Dang Thi Binh,1
RENT_HCM_07954,78B-364.49,Toyota,Camry,5/10/2024,5/11/2024,564500,Pham Thi Dung,1
RENT_HCM_07955,66F-164.86,Kia,Soluto,2/27/2026,3/6/2026,3803009,Do Thi Linh,0
RENT_HCM_07956,45C-524.00,Toyota,Camry,12/26/2025,12/30/2025,2498784,Dang Thi Dung,0
RENT_HCM_07957,64F-676.74,Hyundai,Accent,2/10/2024,2/13/2024,2864484,Hoang Van Oanh,0
RENT_HCM_07958,68K-951.28,Hyundai,i10,5/5/2021,5/10/2021,3263195,Le Van Khoa,1
RENT_HCM_07959,56B-609.78,Honda,CR-V,5/7/2021,5/9/2021,1687708,Dang Thi Quyen,3
RENT_HCM_07960,76K-194.55,Toyota,Innova,1/16/2024,1/17/2024,1027637,Nguyen Van Phuc,1
RENT_HCM_07961,40E-511.08,Honda,CR-V,1/24/2023,1/26/2023,1538464,Pham Thi Cuong,1
RENT_HCM_07962,87B-373.03,Honda,City,2/17/2022,2/19/2022,1082038,Le Van Quyen,0
RENT_HCM_07963,69F-764.42,Mazda,CX-5,8/4/2022,8/9/2022,2639510,Nguyen Van Dung,0
RENT_HCM_07964,89C-852.67,Vinfast,Fadil,11/8/2023,11/12/2023,2786236,Ngo Van Khoa,0
RENT_HCM_07965,38C-383.91,Ford,Ranger,8/11/2026,8/16/2026,4999790,Vu Van Oanh,0
RENT_HCM_07966,15F-595.30,Honda,City,9/21/2022,9/26/2022,4982085,Le Van Phong,1
RENT_HCM_07967,39C-734.09,Ford,EcoSport,2/7/2024,2/8/2024,1099159,Nguyen Van Quyen,0
RENT_HCM_07968,59B-706.42,Toyota,Vios,10/23/2022,10/30/2022,7623406,Tran Thi Giang,1
RENT_HCM_07969,87B-430.99,Honda,City,12/7/2022,12/13/2022,3202020,Do Thi Phong,2
RENT_HCM_07970,96E-688.41,Toyota,Innova,8/20/2022,8/21/2022,1126613,Bui Thi Phong,0
RENT_HCM_07971,82K-625.14,Honda,City,12/9/2023,12/14/2023,2100070,Vu Van Phuc,1
RENT_HCM_07972,40H-661.06,Mazda,3,6/14/2024,6/17/2024,3329850,Le Van Dung,1
RENT_HCM_07973,75C-107.61,Vinfast,Fadil,2/4/2025,2/10/2025,5952384,Pham Thi Dung,0
RENT_HCM_07974,68K-951.28,Hyundai,i10,9/8/2024,9/14/2024,5612790,Vu Van Oanh,1
RENT_HCM_07975,82K-625.14,Honda,City,8/14/2021,8/16/2021,1028584,Bui Thi Dung,0
RENT_HCM_07976,19K-348.27,Hyundai,i10,1/1/2022,1/7/2022,6860286,Nguyen Van Quyen,2
RENT_HCM_07977,45F-232.07,Vinfast,Lux A2.0,9/17/2023,9/24/2023,3170034,Ngo Van Cuong,2
RENT_HCM_07978,23G-543.44,Hyundai,i10,4/8/2025,4/12/2025,2364052,Dang Thi Phong,1
RENT_HCM_07979,51G-626.30,Vinfast,Lux A2.0,5/6/2023,5/8/2023,2258202,Ngo Van Minh,0
RENT_HCM_07980,45C-524.00,Toyota,Camry,5/8/2021,5/14/2021,7147104,Vu Van Giang,2
RENT_HCM_07981,16K-535.88,Kia,Soluto,7/25/2022,7/28/2022,3573585,Do Thi Minh,3
RENT_HCM_07982,60A-977.72,Hyundai,Grand i10,8/6/2026,8/11/2026,4154395,Le Van An,0
RENT_HCM_07983,24A-243.28,Hyundai,Grand i10,6/5/2022,6/11/2022,2823756,Pham Thi Linh,1
RENT_HCM_07984,14G-415.24,Hyundai,i10,2/15/2024,2/16/2024,999223,Nguyen Van Em,1
RENT_HCM_07985,42H-912.12,Toyota,Innova,12/9/2023,12/13/2023,4723488,Tran Thi Em,0
RENT_HCM_07986,87B-430.99,Honda,City,12/24/2024,12/28/2024,3242956,Tran Thi Dung,0
RENT_HCM_07987,60A-977.72,Hyundai,Grand i10,12/14/2021,12/19/2021,4983195,Tran Thi Nam,0
RENT_HCM_07988,40E-606.38,Vinfast,Lux A2.0,7/24/2023,7/30/2023,5270328,Dang Thi An,1
RENT_HCM_07989,65B-452.82,Toyota,Innova,6/6/2025,6/8/2025,1994866,Pham Thi Hoa,2
RENT_HCM_07990,13E-299.60,Honda,CR-V,8/8/2024,8/14/2024,6982554,Nguyen Van Giang,0
RENT_HCM_07991,82K-162.58,Mazda,CX-5,5/17/2023,5/24/2023,7080689,Dang Thi Khoa,2
RENT_HCM_07992,82K-625.14,Honda,City,9/1/2021,9/4/2021,1250055,Hoang Van Khoa,1
RENT_HCM_07993,77C-616.68,Toyota,Camry,6/5/2023,6/11/2023,6207894,Bui Thi Khoa,1
RENT_HCM_07994,12B-182.67,Toyota,Vios,1/9/2023,1/13/2023,3753656,Vu Van Phuc,0
RENT_HCM_07995,15C-124.07,Toyota,Innova,3/12/2025,3/15/2025,2081229,Hoang Van Em,1
RENT_HCM_07996,80K-657.71,Toyota,Innova,5/30/2024,6/2/2024,1728870,Le Van Hoa,0
RENT_HCM_07997,31F-834.71,Hyundai,Grand i10,2/14/2024,2/18/2024,2194876,Le Van Dung,1
RENT_HCM_07998,14C-459.98,Ford,EcoSport,4/24/2026,4/26/2026,884050,Bui Thi Khoa,0
RENT_HCM_07999,91H-439.88,Mazda,CX-5,6/16/2024,6/20/2024,2837684,Nguyen Van An,0
RENT_HCM_08000,90A-463.29,Hyundai,i10,9/1/2024,9/5/2024,2482800,Nguyen Van Giang,0
RENT_HCM_08001,40H-661.06,Mazda,3,1/24/2025,1/31/2025,7415240,Ngo Van Dung,0
RENT_HCM_08002,23C-148.49,Hyundai,i10,12/29/2022,1/3/2023,2876395,Vu Van Phong,2
RENT_HCM_08003,42D-602.47,Honda,City,7/26/2025,7/28/2025,1938774,Le Van Linh,0
RENT_HCM_08004,71C-946.67,Ford,EcoSport,2/5/2023,2/12/2023,8187508,Tran Thi Hoa,2
RENT_HCM_08005,90F-168.01,Toyota,Vios,12/29/2023,12/31/2023,1156620,Dang Thi Cuong,0
RENT_HCM_08006,81A-639.94,Honda,City,2/4/2022,2/8/2022,4093508,Ngo Van Oanh,0
RENT_HCM_08007,90D-598.73,Toyota,Innova,12/26/2022,1/2/2023,3117163,Nguyen Van Binh,0
RENT_HCM_08008,77A-503.91,Mazda,3,4/2/2021,4/5/2021,1448709,Vu Van Oanh,3
RENT_HCM_08009,24E-955.46,Toyota,Vios,11/21/2025,11/23/2025,1870654,Vu Van Minh,2
RENT_HCM_08010,72G-969.58,Toyota,Vios,8/6/2022,8/8/2022,2378960,Pham Thi Em,0
RENT_HCM_08011,86B-468.95,Toyota,Camry,4/12/2021,4/19/2021,7484785,Nguyen Van Minh,2
RENT_HCM_08012,62K-469.95,Vinfast,Fadil,2/7/2026,2/8/2026,600161,Do Thi Oanh,1
RENT_HCM_08013,72H-414.63,Ford,Ranger,10/31/2023,11/2/2023,1024560,Ngo Van Cuong,0
RENT_HCM_08014,94E-578.12,Hyundai,i10,7/13/2024,7/17/2024,3010096,Le Van Phuc,1
RENT_HCM_08015,68D-390.90,Kia,Morning,9/11/2022,9/15/2022,3426856,Tran Thi Giang,0
RENT_HCM_08016,75C-107.61,Vinfast,Fadil,11/16/2024,11/22/2024,5009424,Pham Thi Phong,2
RENT_HCM_08017,18H-105.04,Hyundai,i10,8/5/2026,8/6/2026,603405,Nguyen Van Hoa,0
RENT_HCM_08018,11C-319.16,Toyota,Innova,12/12/2023,12/17/2023,5731615,Le Van Em,1
RENT_HCM_08019,30D-278.73,Hyundai,Accent,1/17/2021,1/20/2021,3313485,Pham Thi Em,0
RENT_HCM_08020,50G-118.24,Honda,CR-V,1/19/2024,1/22/2024,2437854,Do Thi Cuong,0
RENT_HCM_08021,45D-330.83,Mazda,CX-5,2/3/2025,2/5/2025,1264112,Pham Thi Minh,2
RENT_HCM_08022,66E-447.50,Mazda,CX-5,7/15/2023,7/18/2023,1468143,Vu Van Em,0
RENT_HCM_08023,36K-772.94,Ford,EcoSport,2/5/2022,2/10/2022,5547960,Nguyen Van Quyen,0
RENT_HCM_08024,13E-299.60,Honda,CR-V,5/29/2025,6/1/2025,2965230,Ngo Van Minh,0
RENT_HCM_08025,80K-657.71,Toyota,Innova,12/5/2025,12/12/2025,6239646,Do Thi Minh,1
RENT_HCM_08026,85E-378.37,Ford,Ranger,12/18/2024,12/20/2024,1830390,Tran Thi Minh,0
RENT_HCM_08027,80K-657.71,Toyota,Innova,6/12/2025,6/19/2025,7368508,Le Van Giang,2
RENT_HCM_08028,21K-767.03,Hyundai,i10,1/23/2024,1/28/2024,2644700,Pham Thi Quyen,2
RENT_HCM_08029,41C-516.21,Hyundai,i10,12/20/2025,12/27/2025,8231377,Vu Van Em,0
RENT_HCM_08030,85H-903.18,Kia,Morning,7/10/2023,7/16/2023,3150354,Hoang Van Giang,3
RENT_HCM_08031,39C-734.09,Ford,EcoSport,6/30/2024,7/5/2024,4779605,Do Thi Nam,0
RENT_HCM_08032,27G-984.07,Ford,Ranger,3/28/2021,4/3/2021,6801978,Dang Thi Em,0
RENT_HCM_08033,72G-969.58,Toyota,Vios,4/10/2021,4/12/2021,2164340,Vu Van Em,0
RENT_HCM_08034,31A-995.79,Mazda,3,11/14/2023,11/18/2023,3613024,Vu Van Linh,0
RENT_HCM_08035,11C-493.44,Mazda,3,1/28/2023,2/4/2023,6708730,Ngo Van Dung,0
RENT_HCM_08036,47B-414.62,Honda,City,2/22/2025,3/1/2025,5167400,Vu Van Phuc,2
RENT_HCM_08037,14G-415.24,Hyundai,i10,8/8/2024,8/12/2024,1602684,Dang Thi Minh,1
RENT_HCM_08038,99E-453.66,Kia,Soluto,10/8/2022,10/11/2022,1516200,Ngo Van An,1
RENT_HCM_08039,73A-575.16,Ford,Ranger,2/1/2023,2/3/2023,2158316,Dang Thi Binh,0
RENT_HCM_08040,11C-738.22,Vinfast,Fadil,1/8/2024,1/15/2024,4723754,Dang Thi Em,0
RENT_HCM_08041,53E-229.68,Vinfast,Fadil,8/19/2026,8/26/2026,6898059,Do Thi Cuong,3
RENT_HCM_08042,81H-361.56,Vinfast,Lux A2.0,8/18/2022,8/24/2022,3089346,Bui Thi Hoa,1
RENT_HCM_08043,95C-492.50,Toyota,Innova,3/6/2021,3/11/2021,5254230,Bui Thi Phuc,0
RENT_HCM_08044,72G-919.68,Toyota,Vios,3/28/2026,3/31/2026,3149637,Hoang Van Em,0
RENT_HCM_08045,92A-672.48,Ford,EcoSport,8/17/2022,8/18/2022,944544,Nguyen Van An,2
RENT_HCM_08046,31E-660.71,Toyota,Camry,2/27/2026,3/4/2026,2115645,Do Thi Binh,0
RENT_HCM_08047,28A-321.73,Hyundai,Accent,8/15/2024,8/22/2024,7614628,Do Thi Giang,0
RENT_HCM_08048,73A-575.16,Ford,Ranger,6/15/2025,6/19/2025,3484880,Do Thi Giang,1
RENT_HCM_08049,27B-423.19,Hyundai,Grand i10,9/2/2025,9/7/2025,2344515,Ngo Van Nam,0
RENT_HCM_08050,21K-767.03,Hyundai,i10,6/24/2024,6/28/2024,4612508,Nguyen Van Linh,1
RENT_HCM_08051,91A-212.00,Hyundai,Grand i10,12/20/2024,12/25/2024,3186680,Ngo Van Hoa,1
RENT_HCM_08052,39H-996.40,Honda,CR-V,1/21/2025,1/22/2025,827397,Pham Thi Quyen,0
RENT_HCM_08053,62G-115.18,Ford,Ranger,7/14/2023,7/21/2023,4248790,Do Thi An,0
RENT_HCM_08054,59C-409.49,Honda,CR-V,9/21/2026,9/23/2026,1777868,Le Van Cuong,1
RENT_HCM_08055,23C-148.49,Hyundai,i10,11/7/2021,11/13/2021,4413852,Dang Thi Em,0
RENT_HCM_08056,11C-738.22,Vinfast,Fadil,11/12/2024,11/17/2024,4539355,Tran Thi Giang,0
RENT_HCM_08057,27B-423.19,Hyundai,Grand i10,3/26/2022,3/30/2022,3166928,Ngo Van Linh,0
RENT_HCM_08058,38G-667.86,Mazda,3,8/10/2022,8/11/2022,436377,Ngo Van Nam,1
RENT_HCM_08059,19K-348.27,Hyundai,i10,6/6/2026,6/11/2026,5532760,Pham Thi Binh,0
RENT_HCM_08060,47D-840.33,Kia,Morning,8/7/2024,8/13/2024,4711356,Ngo Van Em,0
RENT_HCM_08061,39A-767.06,Honda,CR-V,7/15/2022,7/17/2022,2163128,Vu Van Em,0
RENT_HCM_08062,43K-499.70,Kia,Seltos,6/1/2021,6/5/2021,2760988,Vu Van Quyen,1
RENT_HCM_08063,95H-477.98,Kia,Seltos,8/14/2021,8/20/2021,5699112,Vu Van Cuong,0
RENT_HCM_08064,71C-946.67,Ford,EcoSport,3/24/2022,3/31/2022,7921074,Ngo Van Linh,0
RENT_HCM_08065,72G-919.68,Toyota,Vios,8/24/2025,8/26/2025,1661082,Le Van Dung,0
RENT_HCM_08066,23D-400.10,Kia,Morning,1/2/2025,1/6/2025,2319736,Tran Thi Khoa,0
RENT_HCM_08067,16K-690.45,Vinfast,Lux A2.0,12/2/2021,12/5/2021,2366802,Do Thi Nam,0
RENT_HCM_08068,35C-671.07,Hyundai,i10,3/29/2022,4/4/2022,3755244,Le Van Quyen,0
RENT_HCM_08069,90A-463.29,Hyundai,i10,12/12/2023,12/13/2023,830906,Pham Thi Linh,2
RENT_HCM_08070,33B-472.24,Kia,Seltos,5/4/2023,5/7/2023,3445758,Dang Thi Phuc,0
RENT_HCM_08071,39C-734.09,Ford,EcoSport,5/12/2022,5/18/2022,2952792,Do Thi Hoa,2
RENT_HCM_08072,50D-378.78,Vinfast,Lux A2.0,7/20/2021,7/22/2021,2348562,Tran Thi Phuc,1
RENT_HCM_08073,80G-716.32,Kia,Soluto,2/12/2022,2/19/2022,3500973,Bui Thi Dung,0
RENT_HCM_08074,68D-390.90,Kia,Morning,1/6/2021,1/8/2021,2299538,Bui Thi An,0
RENT_HCM_08075,36F-989.46,Mazda,3,2/13/2023,2/14/2023,1189512,Nguyen Van Quyen,1
RENT_HCM_08076,50G-877.98,Hyundai,i10,6/19/2021,6/26/2021,6852853,Do Thi Oanh,0
RENT_HCM_08077,62A-523.15,Honda,CR-V,6/18/2025,6/20/2025,1000670,Nguyen Van Oanh,0
RENT_HCM_08078,18H-105.04,Hyundai,i10,1/24/2022,1/29/2022,4476335,Ngo Van An,0
RENT_HCM_08079,26D-656.30,Honda,City,11/21/2021,11/23/2021,1028680,Vu Van Em,0
RENT_HCM_08080,64C-859.87,Toyota,Vios,8/28/2026,9/2/2026,2917685,Dang Thi Nam,0
RENT_HCM_08081,24E-955.46,Toyota,Vios,2/21/2026,2/26/2026,3267425,Dang Thi Linh,2
RENT_HCM_08082,62K-469.95,Vinfast,Fadil,2/14/2023,2/20/2023,4521312,Nguyen Van Cuong,1
RENT_HCM_08083,13E-299.60,Honda,CR-V,2/10/2026,2/12/2026,1408690,Bui Thi Nam,0
RENT_HCM_08084,90A-463.29,Hyundai,i10,1/8/2025,1/12/2025,2178008,Dang Thi Phuc,0
RENT_HCM_08085,90D-598.73,Toyota,Innova,12/12/2025,12/13/2025,790002,Vu Van Oanh,0
RENT_HCM_08086,91B-105.47,Toyota,Innova,8/16/2022,8/17/2022,656321,Bui Thi Phuc,1
RENT_HCM_08087,96E-688.41,Toyota,Innova,6/5/2025,6/10/2025,3182715,Ngo Van Phong,0
RENT_HCM_08088,77C-211.72,Kia,Seltos,6/28/2021,7/4/2021,6621594,Do Thi Dung,1
RENT_HCM_08089,91H-439.88,Mazda,CX-5,12/16/2022,12/20/2022,2669252,Ngo Van Khoa,1
RENT_HCM_08090,76H-418.80,Hyundai,Accent,1/31/2024,2/6/2024,3444276,Hoang Van Cuong,0
RENT_HCM_08091,94E-578.12,Hyundai,i10,7/5/2024,7/8/2024,2906223,Hoang Van Giang,0
RENT_HCM_08092,23G-543.44,Hyundai,i10,8/9/2026,8/12/2026,1264455,Bui Thi Phong,0
RENT_HCM_08093,11C-493.44,Mazda,3,4/27/2026,5/3/2026,3197484,Bui Thi Nam,0
RENT_HCM_08094,21A-335.92,Vinfast,Fadil,1/29/2024,2/3/2024,4611305,Tran Thi Khoa,0
RENT_HCM_08095,37B-826.15,Kia,Soluto,7/1/2024,7/4/2024,1465845,Le Van Hoa,0
RENT_HCM_08096,99E-453.66,Kia,Soluto,12/18/2022,12/22/2022,3935772,Bui Thi Quyen,1
RENT_HCM_08097,64K-177.33,Vinfast,Lux A2.0,2/18/2023,2/23/2023,3038860,Vu Van Oanh,1
RENT_HCM_08098,26E-180.53,Hyundai,Accent,2/4/2023,2/6/2023,838928,Bui Thi Linh,0
RENT_HCM_08099,81A-639.94,Honda,City,1/14/2026,1/15/2026,877336,Dang Thi Cuong,3
RENT_HCM_08100,81H-361.56,Vinfast,Lux A2.0,11/1/2021,11/7/2021,5658030,Ngo Van Quyen,1
RENT_HCM_08101,93D-583.18,Hyundai,Accent,12/8/2025,12/13/2025,5261685,Dang Thi Hoa,0
RENT_HCM_08102,28B-288.64,Hyundai,Accent,8/19/2022,8/23/2022,4110004,Hoang Van Cuong,0
RENT_HCM_08103,11H-964.02,Ford,Ranger,9/11/2022,9/15/2022,2359336,Dang Thi Giang,0
RENT_HCM_08104,11C-319.16,Toyota,Innova,7/19/2024,7/26/2024,4775057,Tran Thi Minh,1
RENT_HCM_08105,77F-485.44,Hyundai,i10,7/30/2021,8/6/2021,5827745,Nguyen Van Em,1
RENT_HCM_08106,76G-211.58,Hyundai,Accent,9/6/2026,9/12/2026,5201238,Ngo Van Nam,2
RENT_HCM_08107,18E-187.25,Mazda,3,11/24/2025,11/25/2025,588216,Hoang Van Hoa,1
RENT_HCM_08108,50F-310.34,Kia,Morning,9/25/2026,10/2/2026,3077550,Ngo Van Giang,3
RENT_HCM_08109,77A-503.91,Mazda,3,6/30/2023,7/1/2023,1016697,Ngo Van Nam,2
RENT_HCM_08110,54G-335.06,Honda,CR-V,5/19/2021,5/25/2021,2644206,Pham Thi Binh,2
RENT_HCM_08111,69F-764.42,Mazda,CX-5,10/18/2025,10/24/2025,6178770,Le Van Dung,2
RENT_HCM_08112,89C-852.67,Vinfast,Fadil,4/5/2022,4/6/2022,412332,Vu Van Linh,1
RENT_HCM_08113,84A-192.77,Toyota,Camry,11/21/2023,11/27/2023,4119978,Do Thi Dung,0
RENT_HCM_08114,15F-595.30,Honda,City,2/6/2024,2/7/2024,663573,Tran Thi Dung,0
RENT_HCM_08115,43G-993.34,Kia,Soluto,1/23/2026,1/30/2026,5200839,Tran Thi Cuong,3
RENT_HCM_08116,74A-942.98,Hyundai,Accent,10/3/2025,10/6/2025,2528826,Ngo Van Linh,2
RENT_HCM_08117,72K-707.72,Toyota,Camry,11/23/2021,11/25/2021,2144454,Do Thi Dung,0
RENT_HCM_08118,25D-575.36,Hyundai,Accent,11/1/2025,11/3/2025,1223900,Vu Van An,0
RENT_HCM_08119,96D-497.47,Hyundai,i10,10/23/2021,10/24/2021,1111821,Vu Van Quyen,0
RENT_HCM_08120,50D-378.78,Vinfast,Lux A2.0,9/5/2023,9/7/2023,1080500,Nguyen Van Quyen,0
RENT_HCM_08121,90A-463.29,Hyundai,i10,3/21/2022,3/24/2022,1405920,Le Van Cuong,3
RENT_HCM_08122,34H-793.09,Mazda,CX-5,9/17/2023,9/22/2023,4945340,Bui Thi Phong,3
RENT_HCM_08123,23C-148.49,Hyundai,i10,6/3/2022,6/10/2022,5647866,Do Thi Dung,1
RENT_HCM_08124,38G-497.95,Kia,Soluto,1/10/2021,1/12/2021,1596922,Hoang Van An,1
RENT_HCM_08125,87B-373.03,Honda,City,5/1/2026,5/4/2026,1769634,Bui Thi Dung,1
RENT_HCM_08126,28D-108.89,Hyundai,i10,5/5/2025,5/10/2025,4311230,Le Van Giang,0
RENT_HCM_08127,94G-517.12,Mazda,CX-5,2/10/2025,2/15/2025,3017505,Ngo Van Nam,0
RENT_HCM_08128,96B-415.49,Mazda,3,12/24/2022,12/26/2022,1273846,Do Thi Minh,3
RENT_HCM_08129,52B-953.14,Kia,Soluto,9/8/2022,9/10/2022,1836498,Bui Thi Cuong,2
RENT_HCM_08130,80K-657.71,Toyota,Innova,11/19/2023,11/22/2023,1640589,Le Van Giang,0
RENT_HCM_08131,47D-840.33,Kia,Morning,1/30/2023,2/3/2023,4407708,Tran Thi Em,0
RENT_HCM_08132,19K-348.27,Hyundai,i10,4/21/2023,4/26/2023,3674180,Dang Thi Em,0
RENT_HCM_08133,87K-428.26,Honda,CR-V,2/24/2025,2/27/2025,3201462,Le Van Oanh,1
RENT_HCM_08134,39K-469.95,Mazda,CX-5,7/6/2021,7/11/2021,3861745,Le Van Oanh,0
RENT_HCM_08135,74D-805.08,Hyundai,Accent,3/13/2021,3/19/2021,6009912,Bui Thi Phong,0
RENT_HCM_08136,12B-182.67,Toyota,Vios,3/27/2021,3/31/2021,3306452,Do Thi Giang,0
RENT_HCM_08137,76H-418.80,Hyundai,Accent,2/2/2026,2/6/2026,1707612,Hoang Van Giang,0
RENT_HCM_08138,86G-330.15,Toyota,Vios,8/13/2021,8/19/2021,6509100,Tran Thi Giang,0
RENT_HCM_08139,93A-482.11,Toyota,Camry,8/15/2023,8/22/2023,5345515,Bui Thi Cuong,0
RENT_HCM_08140,72G-919.68,Toyota,Vios,1/5/2023,1/12/2023,4184446,Le Van Nam,0
RENT_HCM_08141,25D-575.36,Hyundai,Accent,7/17/2024,7/24/2024,2894570,Hoang Van Minh,1
RENT_HCM_08142,24A-237.02,Hyundai,Accent,2/12/2024,2/13/2024,1007246,Tran Thi An,1
RENT_HCM_08143,29C-652.72,Mazda,3,2/3/2021,2/6/2021,1513353,Hoang Van Phuc,0
RENT_HCM_08144,45C-524.00,Toyota,Camry,11/6/2021,11/9/2021,3128217,Bui Thi Khoa,0
RENT_HCM_08145,62B-172.41,Kia,Soluto,12/12/2025,12/15/2025,1688454,Vu Van Phuc,1
RENT_HCM_08146,74D-805.08,Hyundai,Accent,5/18/2023,5/19/2023,559729,Tran Thi Phong,1
RENT_HCM_08147,16K-535.88,Kia,Soluto,1/5/2026,1/12/2026,5617500,Vu Van Quyen,0
RENT_HCM_08148,14G-415.24,Hyundai,i10,9/26/2026,9/29/2026,2797134,Nguyen Van Linh,1
RENT_HCM_08149,57C-660.60,Toyota,Vios,12/26/2021,12/27/2021,697538,Vu Van Phong,0
RENT_HCM_08150,14B-920.02,Toyota,Vios,8/3/2021,8/7/2021,3753336,Pham Thi Cuong,1
RENT_HCM_08151,21A-335.92,Vinfast,Fadil,5/11/2025,5/18/2025,3039617,Do Thi Giang,2
RENT_HCM_08152,22B-585.78,Ford,EcoSport,12/13/2024,12/18/2024,2468575,Hoang Van Phuc,2
RENT_HCM_08153,98B-587.88,Vinfast,Fadil,1/11/2025,1/13/2025,2232108,Vu Van Khoa,0
RENT_HCM_08154,45C-524.00,Toyota,Camry,11/19/2025,11/21/2025,1082360,Do Thi Phuc,0
RENT_HCM_08155,32D-394.35,Toyota,Vios,5/15/2022,5/20/2022,2641045,Do Thi Minh,0
RENT_HCM_08156,76K-194.55,Toyota,Innova,1/14/2025,1/16/2025,1949358,Do Thi Binh,0
RENT_HCM_08157,34K-392.12,Kia,Morning,8/24/2024,8/27/2024,3145812,Le Van Em,1
RENT_HCM_08158,71D-707.45,Mazda,3,4/6/2021,4/9/2021,1831389,Le Van Giang,1
RENT_HCM_08159,21K-767.03,Hyundai,i10,3/14/2026,3/20/2026,2618538,Do Thi Phuc,0
RENT_HCM_08160,84A-192.77,Toyota,Camry,6/30/2023,7/6/2023,3130764,Hoang Van Quyen,2
RENT_HCM_08161,85C-925.94,Hyundai,Grand i10,8/29/2025,9/4/2025,3479526,Tran Thi Linh,0
RENT_HCM_08162,93F-865.25,Mazda,3,4/8/2023,4/12/2023,2372260,Vu Van Quyen,1
RENT_HCM_08163,45D-330.83,Mazda,CX-5,4/17/2025,4/24/2025,3563980,Ngo Van Phuc,2
RENT_HCM_08164,39C-734.09,Ford,EcoSport,3/27/2026,4/3/2026,5878859,Nguyen Van Phong,0
RENT_HCM_08165,30K-166.87,Hyundai,Accent,12/14/2023,12/15/2023,467846,Nguyen Van Linh,1
RENT_HCM_08166,39B-248.98,Hyundai,Grand i10,1/29/2025,2/4/2025,6712740,Bui Thi Oanh,0
RENT_HCM_08167,28D-108.89,Hyundai,i10,8/30/2022,9/4/2022,3315675,Pham Thi Binh,0
RENT_HCM_08168,63A-217.47,Hyundai,i10,8/20/2021,8/25/2021,2614225,Bui Thi Hoa,1
RENT_HCM_08169,59A-901.69,Kia,Soluto,5/13/2023,5/14/2023,1135241,Bui Thi Nam,1
RENT_HCM_08170,37E-977.04,Mazda,3,7/30/2026,8/3/2026,4089196,Bui Thi Binh,1
RENT_HCM_08171,37K-262.20,Mazda,3,10/30/2023,10/31/2023,613450,Tran Thi Phuc,1
RENT_HCM_08172,46C-855.60,Vinfast,Fadil,6/12/2026,6/16/2026,1665952,Pham Thi Quyen,3
RENT_HCM_08173,12B-182.67,Toyota,Vios,8/10/2021,8/14/2021,2875176,Nguyen Van Minh,0
RENT_HCM_08174,53E-229.68,Vinfast,Fadil,3/15/2021,3/20/2021,5054515,Dang Thi Khoa,0
RENT_HCM_08175,23G-543.44,Hyundai,i10,6/24/2022,6/28/2022,4745336,Do Thi Giang,1
RENT_HCM_08176,88K-102.81,Hyundai,Accent,10/23/2022,10/30/2022,6864662,Hoang Van Binh,0
RENT_HCM_08177,66G-320.55,Kia,Soluto,12/22/2025,12/29/2025,6808893,Dang Thi Hoa,2
RENT_HCM_08178,25B-454.15,Toyota,Innova,7/21/2025,7/26/2025,3319525,Le Van Phong,1
RENT_HCM_08179,14H-574.13,Kia,Morning,3/27/2023,3/31/2023,3844596,Do Thi Binh,2
RENT_HCM_08180,96E-688.41,Toyota,Innova,9/12/2023,9/15/2023,3394260,Vu Van Cuong,0
RENT_HCM_08181,76H-418.80,Hyundai,Accent,5/24/2023,5/30/2023,6874296,Pham Thi Hoa,1
RENT_HCM_08182,23D-400.10,Kia,Morning,11/8/2023,11/9/2023,902590,Nguyen Van Binh,0
RENT_HCM_08183,87C-525.97,Ford,Ranger,5/13/2026,5/19/2026,4482198,Tran Thi Oanh,0
RENT_HCM_08184,87C-525.97,Ford,Ranger,1/31/2021,2/2/2021,1580010,Tran Thi Em,0
RENT_HCM_08185,35G-898.00,Vinfast,Fadil,9/23/2025,9/24/2025,714021,Le Van Linh,0
RENT_HCM_08186,35G-898.00,Vinfast,Fadil,4/14/2024,4/15/2024,633100,Do Thi Giang,0
RENT_HCM_08187,36F-989.46,Mazda,3,12/1/2021,12/6/2021,5044270,Pham Thi Linh,1
RENT_HCM_08188,86E-413.23,Toyota,Vios,3/3/2023,3/9/2023,2796894,Vu Van Linh,0
RENT_HCM_08189,32K-304.31,Kia,Morning,4/29/2023,5/5/2023,3655746,Dang Thi Hoa,1
RENT_HCM_08190,66F-164.86,Kia,Soluto,8/14/2021,8/16/2021,1487958,Bui Thi Khoa,1
RENT_HCM_08191,47D-840.33,Kia,Morning,8/22/2025,8/29/2025,7130431,Tran Thi An,1
RENT_HCM_08192,46E-807.16,Honda,City,1/22/2026,1/27/2026,2848165,Le Van Phuc,0
RENT_HCM_08193,78B-364.49,Toyota,Camry,10/10/2024,10/15/2024,5620105,Pham Thi Nam,0
RENT_HCM_08194,22B-585.78,Ford,EcoSport,10/29/2024,10/30/2024,448887,Le Van Khoa,0
RENT_HCM_08195,72G-969.58,Toyota,Vios,5/20/2021,5/23/2021,2132313,Pham Thi Nam,0
RENT_HCM_08196,85C-925.94,Hyundai,Grand i10,9/6/2021,9/12/2021,6104706,Nguyen Van Linh,0
RENT_HCM_08197,32K-304.31,Kia,Morning,3/30/2024,4/2/2024,1894122,Vu Van Linh,2
RENT_HCM_08198,97D-214.30,Honda,CR-V,12/18/2022,12/23/2022,4116580,Le Van Dung,0
RENT_HCM_08199,82K-162.58,Mazda,CX-5,8/18/2026,8/23/2026,2453745,Ngo Van Hoa,1
RENT_HCM_08200,81A-639.94,Honda,City,10/20/2025,10/25/2025,5855070,Nguyen Van Oanh,1
RENT_HCM_08201,65B-452.82,Toyota,Innova,12/20/2022,12/24/2022,4790776,Dang Thi Nam,0
RENT_HCM_08202,96H-976.38,Hyundai,i10,8/24/2023,8/29/2023,4534365,Dang Thi Minh,3
RENT_HCM_08203,89G-388.88,Hyundai,Accent,1/14/2023,1/15/2023,952445,Vu Van Dung,1
RENT_HCM_08204,96D-497.47,Hyundai,i10,8/23/2022,8/24/2022,952616,Nguyen Van Em,0
RENT_HCM_08205,16K-690.45,Vinfast,Lux A2.0,7/3/2024,7/6/2024,1442655,Dang Thi Phong,1
RENT_HCM_08206,21A-335.92,Vinfast,Fadil,8/18/2021,8/20/2021,1470696,Hoang Van Hoa,0
RENT_HCM_08207,77B-234.63,Mazda,3,5/27/2023,6/3/2023,5839792,Bui Thi Dung,1
RENT_HCM_08208,66G-887.42,Vinfast,Lux A2.0,12/1/2021,12/7/2021,6233364,Tran Thi Quyen,0
RENT_HCM_08209,23D-400.10,Kia,Morning,9/2/2024,9/4/2024,1712418,Dang Thi Em,0
RENT_HCM_08210,89G-388.88,Hyundai,Accent,7/18/2021,7/25/2021,5411357,Vu Van Oanh,0
RENT_HCM_08211,78B-364.49,Toyota,Camry,9/2/2022,9/8/2022,5336130,Hoang Van Quyen,0
RENT_HCM_08212,76B-763.75,Honda,City,10/15/2022,10/20/2022,2900980,Bui Thi Oanh,2
RENT_HCM_08213,63E-560.78,Kia,Morning,3/19/2021,3/24/2021,2084210,Tran Thi Dung,1
RENT_HCM_08214,89G-388.88,Hyundai,Accent,5/16/2021,5/23/2021,4044537,Nguyen Van Khoa,0
RENT_HCM_08215,63E-560.78,Kia,Morning,10/7/2024,10/12/2024,4397465,Tran Thi Giang,2
RENT_HCM_08216,77C-680.84,Honda,City,11/4/2025,11/11/2025,3847508,Dang Thi Phuc,0
RENT_HCM_08217,84G-796.42,Kia,Morning,9/6/2025,9/7/2025,740673,Hoang Van Binh,0
RENT_HCM_08218,69F-764.42,Mazda,CX-5,6/20/2024,6/23/2024,3112593,Dang Thi Nam,0
RENT_HCM_08219,22K-526.15,Hyundai,Accent,6/6/2026,6/8/2026,887812,Ngo Van Nam,0
RENT_HCM_08220,32D-394.35,Toyota,Vios,1/8/2024,1/10/2024,1736286,Tran Thi Hoa,1
RENT_HCM_08221,60A-977.72,Hyundai,Grand i10,2/19/2022,2/21/2022,1472774,Nguyen Van Phong,2
RENT_HCM_08222,97D-214.30,Honda,CR-V,6/17/2024,6/24/2024,8109500,Do Thi An,0
RENT_HCM_08223,32D-394.35,Toyota,Vios,7/5/2026,7/9/2026,1959368,Nguyen Van Giang,1
RENT_HCM_08224,82E-939.56,Hyundai,Accent,2/17/2021,2/23/2021,3078156,Bui Thi Cuong,0
RENT_HCM_08225,95C-492.50,Toyota,Innova,1/30/2024,2/4/2024,5949465,Do Thi Nam,0
RENT_HCM_08226,38E-944.15,Mazda,3,2/16/2026,2/19/2026,2210241,Tran Thi Phong,0
RENT_HCM_08227,21G-202.34,Honda,City,6/12/2022,6/13/2022,769791,Nguyen Van Binh,1
RENT_HCM_08228,42D-602.47,Honda,City,6/30/2026,7/6/2026,4704918,Do Thi Binh,1
RENT_HCM_08229,14B-920.02,Toyota,Vios,8/21/2025,8/24/2025,1306038,Vu Van Em,0
RENT_HCM_08230,23G-543.44,Hyundai,i10,9/22/2023,9/27/2023,5208500,Hoang Van Hoa,0
RENT_HCM_08231,24A-237.02,Hyundai,Accent,8/10/2025,8/14/2025,4210728,Nguyen Van Giang,0
RENT_HCM_08232,40H-661.06,Mazda,3,5/15/2021,5/16/2021,481771,Pham Thi Oanh,0
RENT_HCM_08233,91H-439.88,Mazda,CX-5,5/11/2022,5/15/2022,3628812,Bui Thi Hoa,0
RENT_HCM_08234,72K-707.72,Toyota,Camry,3/3/2021,3/10/2021,5222742,Tran Thi Nam,0
RENT_HCM_08235,11G-399.40,Kia,Morning,5/31/2024,6/6/2024,3841740,Nguyen Van Quyen,0
RENT_HCM_08236,39K-469.95,Mazda,CX-5,4/25/2022,4/26/2022,692766,Dang Thi An,3
RENT_HCM_08237,66G-887.42,Vinfast,Lux A2.0,1/11/2024,1/17/2024,5116440,Ngo Van Linh,2
RENT_HCM_08238,34K-392.12,Kia,Morning,8/15/2022,8/19/2022,2618000,Le Van Nam,0
RENT_HCM_08239,90D-598.73,Toyota,Innova,6/3/2022,6/7/2022,4044412,Tran Thi Nam,0
RENT_HCM_08240,69D-543.35,Honda,City,6/1/2026,6/4/2026,2370585,Dang Thi Oanh,2
RENT_HCM_08241,87B-430.99,Honda,City,2/22/2024,2/27/2024,5831010,Ngo Van Binh,1
RENT_HCM_08242,13E-299.60,Honda,CR-V,1/8/2023,1/9/2023,500734,Hoang Van Nam,0
RENT_HCM_08243,23D-400.10,Kia,Morning,7/15/2023,7/17/2023,1961460,Bui Thi Cuong,0
RENT_HCM_08244,81H-361.56,Vinfast,Lux A2.0,7/7/2026,7/13/2026,4582800,Pham Thi Minh,0
RENT_HCM_08245,74H-842.20,Kia,Morning,5/22/2021,5/23/2021,556736,Bui Thi Phuc,1
RENT_HCM_08246,45F-232.07,Vinfast,Lux A2.0,7/12/2023,7/18/2023,3799266,Ngo Van Binh,0
RENT_HCM_08247,16K-535.88,Kia,Soluto,5/2/2025,5/6/2025,3594092,Dang Thi Phong,2
RENT_HCM_08248,78B-364.49,Toyota,Camry,9/21/2023,9/25/2023,1641276,Bui Thi Binh,0
RENT_HCM_08249,38C-142.53,Hyundai,i10,2/12/2021,2/15/2021,2863524,Tran Thi Cuong,0
RENT_HCM_08250,81H-361.56,Vinfast,Lux A2.0,12/30/2021,1/1/2022,1233240,Pham Thi An,1
RENT_HCM_08251,38G-667.86,Mazda,3,2/1/2021,2/7/2021,5181432,Le Van Dung,1
RENT_HCM_08252,96H-976.38,Hyundai,i10,12/25/2023,12/27/2023,1583862,Le Van Binh,0
RENT_HCM_08253,40E-606.38,Vinfast,Lux A2.0,7/14/2026,7/16/2026,1471238,Hoang Van An,0
RENT_HCM_08254,16K-690.45,Vinfast,Lux A2.0,9/25/2022,9/26/2022,1172800,Do Thi Oanh,2
RENT_HCM_08255,94E-578.12,Hyundai,i10,6/2/2024,6/9/2024,4281655,Tran Thi Oanh,0
RENT_HCM_08256,12E-196.98,Ford,EcoSport,6/14/2025,6/19/2025,2844880,Dang Thi Phong,2
RENT_HCM_08257,63A-217.47,Hyundai,i10,4/22/2025,4/28/2025,5553876,Le Van Hoa,2
RENT_HCM_08258,83F-155.85,Vinfast,Fadil,4/5/2026,4/9/2026,4417520,Hoang Van Hoa,0
RENT_HCM_08259,63E-560.78,Kia,Morning,1/22/2021,1/25/2021,1660014,Do Thi Dung,0
RENT_HCM_08260,63A-217.47,Hyundai,i10,10/26/2023,10/31/2023,5671980,Dang Thi Giang,1
RENT_HCM_08261,69F-764.42,Mazda,CX-5,9/30/2021,10/7/2021,5350023,Ngo Van Oanh,2
RENT_HCM_08262,25A-321.29,Toyota,Innova,8/29/2024,8/31/2024,1742474,Do Thi Giang,0
RENT_HCM_08263,11G-731.54,Honda,City,7/15/2023,7/21/2023,5706474,Pham Thi Oanh,0
RENT_HCM_08264,39B-248.98,Hyundai,Grand i10,1/18/2021,1/22/2021,4740484,Do Thi Giang,0
RENT_HCM_08265,63A-217.47,Hyundai,i10,3/30/2026,4/1/2026,1328922,Le Van Minh,1
RENT_HCM_08266,85C-925.94,Hyundai,Grand i10,2/14/2025,2/17/2025,1605075,Dang Thi Linh,1
RENT_HCM_08267,77B-234.63,Mazda,3,12/9/2023,12/15/2023,4028118,Nguyen Van Em,3
RENT_HCM_08268,11G-399.40,Kia,Morning,11/19/2024,11/20/2024,573332,Le Van Phong,0
RENT_HCM_08269,91G-764.50,Toyota,Vios,7/23/2022,7/24/2022,779699,Dang Thi Nam,0
RENT_HCM_08270,91B-105.47,Toyota,Innova,5/1/2022,5/8/2022,3638131,Hoang Van Cuong,0
RENT_HCM_08271,59C-409.49,Honda,CR-V,7/24/2026,7/25/2026,863319,Bui Thi Phuc,1
RENT_HCM_08272,39H-896.77,Toyota,Vios,12/3/2024,12/9/2024,5628480,Ngo Van Binh,2
RENT_HCM_08273,45C-524.00,Toyota,Camry,12/27/2022,12/30/2022,2160267,Bui Thi Linh,1
RENT_HCM_08274,15F-595.30,Honda,City,5/22/2021,5/29/2021,7422779,Hoang Van Em,0
RENT_HCM_08275,95E-747.86,Mazda,CX-5,4/21/2023,4/27/2023,3924012,Nguyen Van Quyen,1
RENT_HCM_08276,25A-321.29,Toyota,Innova,4/8/2024,4/12/2024,3918056,Dang Thi Dung,1
RENT_HCM_08277,81A-639.94,Honda,City,6/15/2023,6/16/2023,715274,Bui Thi Em,1
RENT_HCM_08278,37B-826.15,Kia,Soluto,5/12/2023,5/19/2023,3500350,Tran Thi Em,1
RENT_HCM_08279,86E-413.23,Toyota,Vios,4/19/2021,4/26/2021,8309595,Le Van Cuong,3
RENT_HCM_08280,72C-183.23,Ford,Ranger,6/8/2026,6/13/2026,4769455,Ngo Van Quyen,3
RENT_HCM_08281,95C-492.50,Toyota,Innova,12/13/2022,12/20/2022,2921324,Tran Thi Hoa,0
RENT_HCM_08282,71D-707.45,Mazda,3,7/23/2026,7/25/2026,2001554,Vu Van Nam,0
RENT_HCM_08283,68K-951.28,Hyundai,i10,1/12/2023,1/14/2023,1682878,Do Thi Khoa,1
RENT_HCM_08284,63A-217.47,Hyundai,i10,9/30/2023,10/1/2023,862832,Bui Thi Dung,3
RENT_HCM_08285,71D-707.45,Mazda,3,9/12/2026,9/16/2026,3812668,Dang Thi Giang,2
RENT_HCM_08286,97D-214.30,Honda,CR-V,5/3/2023,5/6/2023,2471787,Bui Thi Em,0
RENT_HCM_08287,87C-525.97,Ford,Ranger,5/29/2025,6/2/2025,4446712,Ngo Van Phuc,0
RENT_HCM_08288,24E-955.46,Toyota,Vios,9/29/2025,10/6/2025,3670737,Le Van Dung,0
RENT_HCM_08289,92D-335.06,Toyota,Camry,6/25/2026,7/1/2026,4628100,Ngo Van Phong,2
RENT_HCM_08290,78B-364.49,Toyota,Camry,7/24/2021,7/31/2021,4103491,Vu Van Quyen,2
RENT_HCM_08291,38E-944.15,Mazda,3,5/11/2022,5/13/2022,1996436,Bui Thi Minh,2
RENT_HCM_08292,38C-383.91,Ford,Ranger,3/5/2024,3/10/2024,4637185,Bui Thi Minh,0
RENT_HCM_08293,72K-221.19,Toyota,Innova,3/12/2023,3/16/2023,4694072,Tran Thi An,1
RENT_HCM_08294,36K-772.94,Ford,EcoSport,9/24/2023,9/28/2023,3271892,Bui Thi Hoa,2
RENT_HCM_08295,11C-738.22,Vinfast,Fadil,2/10/2025,2/13/2025,2870712,Ngo Van Nam,1
RENT_HCM_08296,92F-931.00,Vinfast,Lux A2.0,5/14/2023,5/16/2023,1277750,Dang Thi Quyen,0
RENT_HCM_08297,45F-232.07,Vinfast,Lux A2.0,2/16/2023,2/20/2023,4512124,Bui Thi Khoa,0
RENT_HCM_08298,49E-348.68,Kia,Soluto,8/27/2021,9/1/2021,2981980,Pham Thi Cuong,1
RENT_HCM_08299,82K-625.14,Honda,City,2/27/2024,2/29/2024,1250848,Ngo Van Binh,0
RENT_HCM_08300,98B-587.88,Vinfast,Fadil,3/10/2025,3/11/2025,1188773,Vu Van Minh,2
RENT_HCM_08301,81A-639.94,Honda,City,2/3/2022,2/9/2022,7100508,Bui Thi An,1
RENT_HCM_08302,63E-560.78,Kia,Morning,1/6/2023,1/7/2023,629572,Vu Van Binh,0
RENT_HCM_08303,47B-414.62,Honda,City,10/9/2022,10/14/2022,2770950,Ngo Van Phong,0
RENT_HCM_08304,77C-616.68,Toyota,Camry,7/19/2025,7/25/2025,6505392,Pham Thi Quyen,0
RENT_HCM_08305,30F-808.46,Toyota,Camry,10/7/2021,10/13/2021,5072022,Ngo Van An,0
RENT_HCM_08306,25A-321.29,Toyota,Innova,1/1/2022,1/2/2022,679839,Vu Van Oanh,2
RENT_HCM_08307,22E-888.71,Honda,CR-V,8/24/2022,8/25/2022,728687,Pham Thi An,3
RENT_HCM_08308,89C-852.67,Vinfast,Fadil,2/10/2025,2/11/2025,774727,Le Van Dung,1
RENT_HCM_08309,91A-212.00,Hyundai,Grand i10,4/9/2022,4/13/2022,3493292,Bui Thi Binh,0
RENT_HCM_08310,23C-148.49,Hyundai,i10,8/13/2025,8/17/2025,3999020,Hoang Van Em,1
RENT_HCM_08311,96H-976.38,Hyundai,i10,5/9/2025,5/15/2025,4320936,Le Van Cuong,1
RENT_HCM_08312,52B-953.14,Kia,Soluto,12/14/2021,12/20/2021,5317446,Vu Van An,0
RENT_HCM_08313,40A-169.95,Toyota,Vios,7/7/2024,7/10/2024,1746849,Vu Van An,2
RENT_HCM_08314,27B-423.19,Hyundai,Grand i10,12/5/2025,12/8/2025,3413784,Nguyen Van Binh,1
RENT_HCM_08315,24A-237.02,Hyundai,Accent,8/1/2024,8/5/2024,2308884,Tran Thi Em,2
RENT_HCM_08316,38G-497.95,Kia,Soluto,5/10/2022,5/12/2022,1647796,Vu Van Oanh,0
RENT_HCM_08317,90B-179.51,Vinfast,Fadil,7/6/2026,7/10/2026,3574336,Vu Van An,0
RENT_HCM_08318,94D-176.27,Ford,Ranger,4/27/2021,4/30/2021,2541144,Tran Thi Dung,0
RENT_HCM_08319,13C-595.73,Vinfast,Lux A2.0,2/22/2026,2/26/2026,2961864,Hoang Van Em,2
RENT_HCM_08320,87B-650.29,Toyota,Camry,4/15/2023,4/17/2023,1692508,Vu Van Linh,1
RENT_HCM_08321,19K-348.27,Hyundai,i10,10/27/2023,11/3/2023,6286777,Nguyen Van Phong,0
RENT_HCM_08322,27H-701.29,Toyota,Camry,2/3/2023,2/9/2023,5114208,Dang Thi Binh,0
RENT_HCM_08323,11C-493.44,Mazda,3,9/23/2023,9/26/2023,2571879,Nguyen Van Quyen,1
RENT_HCM_08324,19K-348.27,Hyundai,i10,3/29/2022,4/5/2022,8057665,Hoang Van Minh,3
RENT_HCM_08325,83F-155.85,Vinfast,Fadil,4/6/2022,4/7/2022,1023425,Ngo Van An,0
RENT_HCM_08326,13E-299.60,Honda,CR-V,6/9/2025,6/15/2025,4788036,Tran Thi Nam,1
RENT_HCM_08327,91G-764.50,Toyota,Vios,6/16/2024,6/18/2024,983960,Bui Thi Phong,1
RENT_HCM_08328,96H-976.38,Hyundai,i10,3/6/2023,3/7/2023,813776,Dang Thi Linh,2
RENT_HCM_08329,84G-796.42,Kia,Morning,10/2/2024,10/3/2024,885855,Bui Thi Cuong,1
RENT_HCM_08330,15A-216.83,Honda,City,3/10/2021,3/16/2021,2782080,Bui Thi Oanh,0
RENT_HCM_08331,90F-168.01,Toyota,Vios,7/28/2021,7/29/2021,714412,Pham Thi Binh,1
RENT_HCM_08332,76H-418.80,Hyundai,Accent,6/28/2025,6/29/2025,876065,Bui Thi Giang,2
RENT_HCM_08333,37E-977.04,Mazda,3,12/9/2024,12/12/2024,1550541,Le Van Quyen,1
RENT_HCM_08334,87B-650.29,Toyota,Camry,7/31/2024,8/2/2024,1596628,Vu Van Em,1
RENT_HCM_08335,62K-469.95,Vinfast,Fadil,6/8/2023,6/12/2023,4172912,Vu Van Linh,0
RENT_HCM_08336,90F-168.01,Toyota,Vios,9/3/2021,9/4/2021,1168976,Ngo Van Oanh,0
RENT_HCM_08337,91G-764.50,Toyota,Vios,7/11/2024,7/15/2024,1605788,Dang Thi Nam,0
RENT_HCM_08338,99E-453.66,Kia,Soluto,7/8/2025,7/15/2025,3122056,Do Thi Binh,1
RENT_HCM_08339,57C-660.60,Toyota,Vios,5/7/2024,5/12/2024,5709975,Vu Van Khoa,0
RENT_HCM_08340,14G-415.24,Hyundai,i10,1/14/2024,1/17/2024,1626387,Nguyen Van Hoa,1
RENT_HCM_08341,78B-364.49,Toyota,Camry,12/7/2022,12/14/2022,4105423,Hoang Van Minh,0
RENT_HCM_08342,20K-624.55,Mazda,3,9/7/2021,9/11/2021,4424596,Dang Thi Binh,0
RENT_HCM_08343,33C-941.96,Kia,Morning,4/8/2022,4/9/2022,1194277,Le Van Phuc,1
RENT_HCM_08344,92D-335.06,Toyota,Camry,2/1/2026,2/8/2026,7750897,Ngo Van Binh,0
RENT_HCM_08345,85E-378.37,Ford,Ranger,8/11/2023,8/17/2023,6129084,Pham Thi Dung,1
RENT_HCM_08346,78B-364.49,Toyota,Camry,10/25/2021,10/28/2021,3513489,Vu Van Minh,0
RENT_HCM_08347,37B-826.15,Kia,Soluto,10/13/2021,10/16/2021,1622166,Bui Thi Linh,0
RENT_HCM_08348,18H-105.04,Hyundai,i10,11/28/2021,12/1/2021,3037608,Vu Van Linh,3
RENT_HCM_08349,43G-993.34,Kia,Soluto,9/24/2021,10/1/2021,4679192,Dang Thi Giang,2
RENT_HCM_08350,90A-463.29,Hyundai,i10,1/6/2026,1/11/2026,2843490,Dang Thi An,0
RENT_HCM_08351,30F-808.46,Toyota,Camry,2/8/2023,2/10/2023,1907142,Le Van Hoa,1
RENT_HCM_08352,28B-378.39,Toyota,Innova,7/20/2024,7/23/2024,1225440,Le Van Phong,2
RENT_HCM_08353,45C-524.00,Toyota,Camry,9/25/2024,10/2/2024,8099595,Hoang Van Binh,0
RENT_HCM_08354,49C-168.30,Vinfast,Fadil,7/7/2023,7/14/2023,6512380,Dang Thi Nam,0
RENT_HCM_08355,82E-939.56,Hyundai,Accent,11/6/2024,11/8/2024,1502166,Ngo Van Minh,2
RENT_HCM_08356,25D-575.36,Hyundai,Accent,2/1/2023,2/4/2023,2944245,Pham Thi Nam,0
RENT_HCM_08357,77B-234.63,Mazda,3,5/10/2025,5/17/2025,6644869,Nguyen Van Oanh,1
RENT_HCM_08358,23C-148.49,Hyundai,i10,7/11/2022,7/16/2022,5462390,Ngo Van Dung,1
RENT_HCM_08359,59A-901.69,Kia,Soluto,10/13/2025,10/19/2025,6883782,Tran Thi Cuong,2
RENT_HCM_08360,43G-993.34,Kia,Soluto,9/26/2021,10/3/2021,6405826,Do Thi Phong,0
RENT_HCM_08361,62B-172.41,Kia,Soluto,7/17/2023,7/18/2023,544127,Hoang Van Nam,0
RENT_HCM_08362,83F-155.85,Vinfast,Fadil,9/14/2026,9/20/2026,5347962,Hoang Van Linh,0
RENT_HCM_08363,82E-939.56,Hyundai,Accent,8/20/2024,8/22/2024,2205046,Hoang Van Binh,1
RENT_HCM_08364,90A-485.48,Mazda,CX-5,4/1/2022,4/6/2022,2945625,Bui Thi Hoa,1
RENT_HCM_08365,25D-575.36,Hyundai,Accent,4/10/2026,4/17/2026,8102570,Dang Thi Quyen,0
RENT_HCM_08366,12G-744.89,Mazda,CX-5,7/13/2024,7/14/2024,652501,Bui Thi Linh,0
RENT_HCM_08367,12E-196.98,Ford,EcoSport,9/28/2025,10/4/2025,5983170,Ngo Van Phuc,0
RENT_HCM_08368,87B-373.03,Honda,City,3/2/2021,3/4/2021,977054,Vu Van Binh,0
RENT_HCM_08369,40E-511.08,Honda,CR-V,9/2/2022,9/5/2022,2819157,Ngo Van Linh,0
RENT_HCM_08370,68A-105.33,Toyota,Innova,9/1/2022,9/3/2022,1253794,Vu Van Phuc,1
RENT_HCM_08371,71D-707.45,Mazda,3,11/14/2023,11/15/2023,933883,Tran Thi Khoa,1
RENT_HCM_08372,22G-155.46,Hyundai,i10,7/17/2022,7/19/2022,1814320,Vu Van Quyen,3
RENT_HCM_08373,50G-877.98,Hyundai,i10,3/29/2024,4/4/2024,2712630,Pham Thi Dung,2
RENT_HCM_08374,64F-676.74,Hyundai,Accent,7/13/2023,7/19/2023,3612762,Ngo Van Em,0
RENT_HCM_08375,49C-168.30,Vinfast,Fadil,6/21/2021,6/27/2021,7055250,Nguyen Van Phong,0
RENT_HCM_08376,78B-364.49,Toyota,Camry,11/3/2024,11/10/2024,5388453,Vu Van Dung,1
RENT_HCM_08377,87B-430.99,Honda,City,6/5/2024,6/7/2024,1352578,Dang Thi Giang,0
RENT_HCM_08378,49C-168.30,Vinfast,Fadil,10/5/2023,10/11/2023,4906038,Pham Thi Linh,0
RENT_HCM_08379,62H-628.28,Toyota,Camry,9/20/2024,9/23/2024,2467512,Do Thi Phong,0
RENT_HCM_08380,13H-835.85,Ford,EcoSport,2/7/2021,2/11/2021,3955544,Vu Van Em,0
RENT_HCM_08381,98B-587.88,Vinfast,Fadil,1/12/2025,1/18/2025,6206136,Do Thi Hoa,1
RENT_HCM_08382,70D-192.58,Kia,Morning,1/3/2024,1/5/2024,1356368,Le Van Phong,0
RENT_HCM_08383,78B-364.49,Toyota,Camry,5/2/2023,5/8/2023,3441672,Pham Thi Linh,1
RENT_HCM_08384,96E-688.41,Toyota,Innova,9/28/2022,10/5/2022,8202796,Hoang Van Quyen,0
RENT_HCM_08385,92D-335.06,Toyota,Camry,10/16/2024,10/17/2024,1078492,Bui Thi Khoa,0
RENT_HCM_08386,30K-166.87,Hyundai,Accent,12/20/2022,12/23/2022,3403290,Vu Van Oanh,0
RENT_HCM_08387,35G-898.00,Vinfast,Fadil,12/12/2023,12/14/2023,1353032,Le Van Nam,0
RENT_HCM_08388,90A-485.48,Mazda,CX-5,3/12/2022,3/15/2022,3196926,Vu Van Phong,1
RENT_HCM_08389,11C-738.22,Vinfast,Fadil,5/26/2026,5/27/2026,1049698,Tran Thi Giang,0
RENT_HCM_08390,82K-625.14,Honda,City,6/15/2021,6/21/2021,6667896,Vu Van Minh,2
RENT_HCM_08391,77C-211.72,Kia,Seltos,4/20/2024,4/22/2024,1002082,Pham Thi Cuong,2
RENT_HCM_08392,76H-418.80,Hyundai,Accent,11/10/2022,11/12/2022,1164756,Ngo Van Quyen,0
RENT_HCM_08393,92D-335.06,Toyota,Camry,9/16/2026,9/20/2026,2017820,Bui Thi Binh,2
RENT_HCM_08394,33B-472.24,Kia,Seltos,10/9/2025,10/16/2025,5077429,Pham Thi Giang,0
RENT_HCM_08395,40E-606.38,Vinfast,Lux A2.0,11/7/2023,11/8/2023,1095496,Vu Van Hoa,0
RENT_HCM_08396,91B-105.47,Toyota,Innova,4/13/2024,4/16/2024,3393669,Tran Thi Oanh,1
RENT_HCM_08397,62K-469.95,Vinfast,Fadil,10/12/2022,10/18/2022,5628672,Do Thi Hoa,0
RENT_HCM_08398,77C-616.68,Toyota,Camry,4/19/2026,4/25/2026,6475668,Tran Thi Binh,1
RENT_HCM_08399,11C-738.22,Vinfast,Fadil,4/8/2023,4/12/2023,4637452,Ngo Van Dung,1
RENT_HCM_08400,95E-747.86,Mazda,CX-5,2/7/2022,2/11/2022,4037892,Ngo Van Quyen,1
RENT_HCM_08401,87B-430.99,Honda,City,2/16/2022,2/19/2022,2692698,Pham Thi Phuc,0
RENT_HCM_08402,32K-304.31,Kia,Morning,2/4/2021,2/10/2021,2900754,Dang Thi Hoa,0
RENT_HCM_08403,87B-650.29,Toyota,Camry,12/15/2025,12/17/2025,1395688,Hoang Van Dung,0
RENT_HCM_08404,40A-169.95,Toyota,Vios,6/29/2023,7/4/2023,5641085,Dang Thi Phong,1
RENT_HCM_08405,77F-485.44,Hyundai,i10,7/2/2026,7/6/2026,2853152,Le Van Phuc,0
RENT_HCM_08406,99C-732.83,Ford,EcoSport,2/9/2021,2/13/2021,4309568,Nguyen Van Linh,0
RENT_HCM_08407,28B-288.64,Hyundai,Accent,3/6/2022,3/11/2022,3997645,Bui Thi Hoa,0
RENT_HCM_08408,99C-732.83,Ford,EcoSport,10/9/2022,10/16/2022,7588861,Pham Thi An,0
RENT_HCM_08409,32D-394.35,Toyota,Vios,4/3/2025,4/6/2025,2035044,Do Thi Oanh,0
RENT_HCM_08410,53K-126.49,Toyota,Innova,8/20/2022,8/27/2022,5965190,Dang Thi Linh,0
RENT_HCM_08411,72K-221.19,Toyota,Innova,6/26/2023,6/27/2023,726398,Nguyen Van Khoa,1
RENT_HCM_08412,35G-898.00,Vinfast,Fadil,7/30/2021,8/6/2021,5304124,Dang Thi Minh,0
RENT_HCM_08413,13C-595.73,Vinfast,Lux A2.0,5/30/2025,6/4/2025,2833805,Do Thi Khoa,0
RENT_HCM_08414,38C-383.91,Ford,Ranger,1/14/2024,1/17/2024,2193450,Bui Thi Dung,0
RENT_HCM_08415,16K-690.45,Vinfast,Lux A2.0,5/25/2026,5/31/2026,5326578,Tran Thi Linh,1
RENT_HCM_08416,52B-953.14,Kia,Soluto,1/7/2021,1/14/2021,3369485,Do Thi Minh,0
RENT_HCM_08417,70D-192.58,Kia,Morning,7/16/2025,7/17/2025,878500,Nguyen Van Hoa,3
RENT_HCM_08418,62A-523.15,Honda,CR-V,1/16/2022,1/17/2022,1042278,Ngo Van Phong,0
RENT_HCM_08419,95B-546.55,Hyundai,Accent,1/1/2025,1/7/2025,6142362,Bui Thi Linh,1
RENT_HCM_08420,66F-164.86,Kia,Soluto,4/6/2024,4/7/2024,1010671,Ngo Van Minh,0
RENT_HCM_08421,45C-536.55,Ford,EcoSport,5/15/2021,5/22/2021,3050831,Nguyen Van Binh,0
RENT_HCM_08422,80G-716.32,Kia,Soluto,5/8/2025,5/15/2025,2832228,Dang Thi Minh,0
RENT_HCM_08423,82K-625.14,Honda,City,9/30/2025,10/4/2025,4563348,Vu Van Giang,0
RENT_HCM_08424,30D-278.73,Hyundai,Accent,6/17/2023,6/21/2023,4697992,Do Thi An,2
RENT_HCM_08425,33F-566.78,Toyota,Vios,10/26/2024,11/1/2024,4897710,Pham Thi Binh,0
RENT_HCM_08426,69F-764.42,Mazda,CX-5,10/9/2023,10/16/2023,7554883,Nguyen Van Giang,0
RENT_HCM_08427,38C-142.53,Hyundai,i10,5/8/2022,5/13/2022,4959465,Pham Thi Binh,0
RENT_HCM_08428,95C-492.50,Toyota,Innova,2/15/2022,2/19/2022,2573044,Le Van Nam,1
RENT_HCM_08429,16B-618.82,Hyundai,Grand i10,9/13/2022,9/14/2022,846792,Pham Thi Phong,0
RENT_HCM_08430,56B-609.78,Honda,CR-V,4/1/2022,4/5/2022,3712232,Nguyen Van Phong,0
RENT_HCM_08431,50G-877.98,Hyundai,i10,9/17/2023,9/22/2023,5702230,Hoang Van Binh,2
RENT_HCM_08432,32F-733.46,Toyota,Vios,11/29/2021,12/1/2021,1920958,Ngo Van Cuong,0
RENT_HCM_08433,11G-731.54,Honda,City,1/23/2023,1/28/2023,5546170,Pham Thi Quyen,0
RENT_HCM_08434,94E-578.12,Hyundai,i10,3/18/2024,3/24/2024,5635164,Ngo Van Quyen,1
RENT_HCM_08435,87B-430.99,Honda,City,7/13/2025,7/14/2025,769080,Dang Thi Khoa,1
RENT_HCM_08436,81H-361.56,Vinfast,Lux A2.0,1/28/2023,2/1/2023,3328500,Pham Thi Oanh,0
RENT_HCM_08437,72G-919.68,Toyota,Vios,6/5/2024,6/10/2024,4426195,Bui Thi Khoa,0
RENT_HCM_08438,40A-169.95,Toyota,Vios,5/1/2023,5/7/2023,6732678,Le Van Minh,1
RENT_HCM_08439,13E-299.60,Honda,CR-V,10/19/2023,10/25/2023,4772250,Le Van Khoa,1
RENT_HCM_08440,49E-348.68,Kia,Soluto,10/2/2024,10/6/2024,2110968,Do Thi Phuc,0
RENT_HCM_08441,63E-560.78,Kia,Morning,6/26/2022,6/30/2022,2301104,Nguyen Van An,1
RENT_HCM_08442,18C-484.21,Ford,Ranger,2/1/2021,2/3/2021,982650,Do Thi An,0
RENT_HCM_08443,69D-543.35,Honda,City,12/13/2022,12/15/2022,1636226,Le Van Phuc,0
RENT_HCM_08444,15A-216.83,Honda,City,2/6/2026,2/9/2026,3374619,Ngo Van Giang,1
RENT_HCM_08445,76B-763.75,Honda,City,9/9/2023,9/16/2023,6842738,Tran Thi Phuc,1
RENT_HCM_08446,72D-907.40,Hyundai,i10,6/29/2026,7/4/2026,3404490,Hoang Van Nam,1
RENT_HCM_08447,23G-543.44,Hyundai,i10,5/29/2026,6/4/2026,6710454,Hoang Van Phong,1
RENT_HCM_08448,25D-448.59,Vinfast,Lux A2.0,2/13/2021,2/15/2021,2392470,Nguyen Van Phong,1
RENT_HCM_08449,94G-517.12,Mazda,CX-5,4/14/2025,4/20/2025,3694908,Bui Thi Binh,2
RENT_HCM_08450,42D-602.47,Honda,City,1/8/2021,1/12/2021,2361808,Tran Thi Nam,1
RENT_HCM_08451,86B-468.95,Toyota,Camry,10/26/2021,10/28/2021,894694,Dang Thi Hoa,0
RENT_HCM_08452,91B-105.47,Toyota,Innova,3/31/2026,4/3/2026,2649909,Tran Thi Minh,3
RENT_HCM_08453,76K-194.55,Toyota,Innova,10/27/2023,11/3/2023,7707070,Dang Thi Binh,2
RENT_HCM_08454,45C-524.00,Toyota,Camry,3/28/2022,4/1/2022,2038700,Do Thi Phuc,1
RENT_HCM_08455,59A-901.69,Kia,Soluto,1/17/2026,1/18/2026,783193,Tran Thi Minh,0
RENT_HCM_08456,11C-319.16,Toyota,Innova,12/10/2022,12/13/2022,3157725,Hoang Van Nam,2
RENT_HCM_08457,24A-237.02,Hyundai,Accent,6/12/2021,6/17/2021,2084440,Nguyen Van Phong,0
RENT_HCM_08458,90D-598.73,Toyota,Innova,3/29/2026,4/5/2026,3082695,Vu Van Oanh,0
RENT_HCM_08459,11H-964.02,Ford,Ranger,7/7/2021,7/8/2021,953425,Pham Thi Phong,1
RENT_HCM_08460,36F-989.46,Mazda,3,12/25/2023,1/1/2024,4327701,Nguyen Van Quyen,0
RENT_HCM_08461,39B-248.98,Hyundai,Grand i10,12/27/2022,12/29/2022,1843632,Dang Thi Khoa,1
RENT_HCM_08462,45C-536.55,Ford,EcoSport,9/24/2022,9/30/2022,5089512,Hoang Van Cuong,0
RENT_HCM_08463,72K-221.19,Toyota,Innova,12/20/2022,12/23/2022,3365385,Bui Thi Phuc,0
RENT_HCM_08464,94D-176.27,Ford,Ranger,7/17/2024,7/24/2024,7711256,Pham Thi Giang,3
RENT_HCM_08465,46E-807.16,Honda,City,10/21/2022,10/24/2022,2799363,Vu Van Dung,1
RENT_HCM_08466,83B-797.49,Mazda,3,10/19/2025,10/25/2025,4904064,Pham Thi Binh,0
RENT_HCM_08467,81A-639.94,Honda,City,1/14/2023,1/17/2023,2175600,Le Van Cuong,1
RENT_HCM_08468,66G-320.55,Kia,Soluto,8/30/2024,9/2/2024,1670178,Dang Thi Em,2
RENT_HCM_08469,63E-560.78,Kia,Morning,5/1/2023,5/7/2023,4996368,Ngo Van Dung,0
RENT_HCM_08470,39K-469.95,Mazda,CX-5,4/29/2024,5/6/2024,7924875,Do Thi Linh,0
RENT_HCM_08471,40A-169.95,Toyota,Vios,4/28/2022,5/2/2022,3191612,Bui Thi Quyen,3
RENT_HCM_08472,42D-602.47,Honda,City,3/17/2022,3/23/2022,3940896,Nguyen Van Hoa,1
RENT_HCM_08473,62G-115.18,Ford,Ranger,5/2/2022,5/4/2022,1113928,Ngo Van Giang,0
RENT_HCM_08474,39K-469.95,Mazda,CX-5,11/17/2024,11/23/2024,4517514,Hoang Van Nam,1
RENT_HCM_08475,32D-394.35,Toyota,Vios,1/29/2023,1/30/2023,1172273,Vu Van Linh,0
RENT_HCM_08476,30K-166.87,Hyundai,Accent,3/21/2024,3/28/2024,3087742,Dang Thi Hoa,0
RENT_HCM_08477,86E-413.23,Toyota,Vios,4/22/2025,4/26/2025,2878596,Vu Van Phong,0
RENT_HCM_08478,18H-105.04,Hyundai,i10,7/31/2025,8/7/2025,5901637,Bui Thi Nam,1
RENT_HCM_08479,35C-671.07,Hyundai,i10,8/9/2024,8/16/2024,4896885,Do Thi Dung,3
RENT_HCM_08480,90A-485.48,Mazda,CX-5,1/1/2025,1/4/2025,2287650,Dang Thi Dung,1
RENT_HCM_08481,51G-626.30,Vinfast,Lux A2.0,9/16/2023,9/21/2023,4075075,Do Thi Oanh,0
RENT_HCM_08482,11C-493.44,Mazda,3,6/6/2024,6/13/2024,6992440,Nguyen Van Linh,0
RENT_HCM_08483,40A-169.95,Toyota,Vios,10/21/2024,10/28/2024,5794656,Do Thi Minh,1
RENT_HCM_08484,53E-229.68,Vinfast,Fadil,6/21/2026,6/28/2026,7830256,Ngo Van Phong,1
RENT_HCM_08485,13E-299.60,Honda,CR-V,8/20/2024,8/27/2024,6724655,Le Van Hoa,2
RENT_HCM_08486,31G-307.19,Honda,City,4/6/2024,4/7/2024,520803,Hoang Van Em,0
RENT_HCM_08487,93A-482.11,Toyota,Camry,3/15/2026,3/16/2026,1079225,Do Thi Phuc,0
RENT_HCM_08488,53K-126.49,Toyota,Innova,9/4/2024,9/9/2024,2368560,Pham Thi Linh,0
RENT_HCM_08489,85E-378.37,Ford,Ranger,12/2/2024,12/6/2024,1703528,Dang Thi Cuong,0
RENT_HCM_08490,83B-797.49,Mazda,3,2/16/2024,2/17/2024,880929,Vu Van Phuc,0
RENT_HCM_08491,66E-447.50,Mazda,CX-5,6/6/2022,6/11/2022,2179360,Ngo Van Dung,3
RENT_HCM_08492,98B-587.88,Vinfast,Fadil,11/4/2021,11/11/2021,3251192,Hoang Van An,0
RENT_HCM_08493,64C-859.87,Toyota,Vios,1/13/2021,1/20/2021,8044715,Vu Van Linh,1
RENT_HCM_08494,62B-172.41,Kia,Soluto,10/8/2023,10/15/2023,7313271,Hoang Van Binh,1
RENT_HCM_08495,85H-903.18,Kia,Morning,3/4/2021,3/5/2021,534731,Dang Thi Oanh,2
RENT_HCM_08496,26D-656.30,Honda,City,9/11/2026,9/15/2026,3351316,Ngo Van Hoa,1
RENT_HCM_08497,76H-418.80,Hyundai,Accent,6/7/2025,6/10/2025,1439754,Nguyen Van Linh,0
RENT_HCM_08498,63E-560.78,Kia,Morning,9/7/2021,9/11/2021,2870456,Tran Thi Phuc,0
RENT_HCM_08499,19K-348.27,Hyundai,i10,7/30/2021,7/31/2021,992641,Bui Thi Quyen,0
RENT_HCM_08500,30K-166.87,Hyundai,Accent,10/8/2023,10/10/2023,1949696,Bui Thi Hoa,0
RENT_HCM_08501,37B-826.15,Kia,Soluto,3/8/2024,3/10/2024,2326770,Pham Thi Minh,0
RENT_HCM_08502,95H-477.98,Kia,Seltos,3/2/2023,3/7/2023,3220925,Dang Thi Minh,0
RENT_HCM_08503,18H-105.04,Hyundai,i10,10/21/2022,10/22/2022,1032689,Le Van Phong,1
RENT_HCM_08504,72D-907.40,Hyundai,i10,3/31/2025,4/6/2025,5060178,Vu Van Phong,1
RENT_HCM_08505,13E-299.60,Honda,CR-V,7/7/2025,7/8/2025,924396,Bui Thi Cuong,0
RENT_HCM_08506,33B-472.24,Kia,Seltos,8/8/2023,8/9/2023,652066,Bui Thi Dung,0
RENT_HCM_08507,88K-102.81,Hyundai,Accent,11/26/2024,11/29/2024,1930671,Do Thi Dung,0
RENT_HCM_08508,42H-912.12,Toyota,Innova,11/29/2022,12/6/2022,4972856,Bui Thi Giang,1
RENT_HCM_08509,27B-423.19,Hyundai,Grand i10,2/18/2024,2/22/2024,3283744,Le Van Quyen,0
RENT_HCM_08510,39A-767.06,Honda,CR-V,10/28/2021,11/4/2021,4072201,Ngo Van Khoa,0
RENT_HCM_08511,38G-667.86,Mazda,3,5/18/2022,5/24/2022,7020060,Le Van Cuong,1
RENT_HCM_08512,59A-901.69,Kia,Soluto,8/12/2023,8/14/2023,1977590,Ngo Van Khoa,1
RENT_HCM_08513,72K-707.72,Toyota,Camry,9/9/2026,9/15/2026,3460584,Hoang Van Dung,1
RENT_HCM_08514,74D-805.08,Hyundai,Accent,9/3/2024,9/4/2024,722396,Tran Thi Nam,3
RENT_HCM_08515,50D-378.78,Vinfast,Lux A2.0,1/11/2022,1/12/2022,532235,Bui Thi Khoa,2
RENT_HCM_08516,14B-920.02,Toyota,Vios,3/13/2024,3/18/2024,4722980,Le Van Phuc,0
RENT_HCM_08517,47E-150.60,Kia,Seltos,10/8/2024,10/9/2024,599761,Nguyen Van Dung,0
RENT_HCM_08518,99E-453.66,Kia,Soluto,3/29/2024,3/31/2024,1504306,Pham Thi Phong,2
RENT_HCM_08519,89G-388.88,Hyundai,Accent,12/16/2023,12/21/2023,3464825,Nguyen Van Phuc,1
RENT_HCM_08520,95E-747.86,Mazda,CX-5,6/11/2024,6/15/2024,2231248,Nguyen Van Cuong,0
RENT_HCM_08521,30F-808.46,Toyota,Camry,6/5/2021,6/12/2021,8384285,Vu Van Khoa,1
RENT_HCM_08522,84A-192.77,Toyota,Camry,3/26/2023,3/27/2023,540044,Nguyen Van Linh,0
RENT_HCM_08523,85E-378.37,Ford,Ranger,4/2/2025,4/9/2025,4683392,Ngo Van Binh,2
RENT_HCM_08524,80H-858.85,Ford,Ranger,9/30/2021,10/4/2021,3177120,Ngo Van Khoa,2
RENT_HCM_08525,24E-955.46,Toyota,Vios,11/12/2022,11/14/2022,1256892,Bui Thi Hoa,1
RENT_HCM_08526,96B-415.49,Mazda,3,1/9/2024,1/13/2024,2443820,Hoang Van Nam,0
RENT_HCM_08527,14G-415.24,Hyundai,i10,10/26/2021,10/30/2021,3035352,Do Thi An,0
RENT_HCM_08528,39H-457.60,Hyundai,Grand i10,3/23/2026,3/26/2026,1577916,Ngo Van Giang,0
RENT_HCM_08529,97D-214.30,Honda,CR-V,6/12/2022,6/19/2022,6334209,Pham Thi An,1
RENT_HCM_08530,71D-707.45,Mazda,3,10/16/2022,10/17/2022,807135,Bui Thi Quyen,0
RENT_HCM_08531,25D-448.59,Vinfast,Lux A2.0,5/31/2025,6/4/2025,3484336,Dang Thi Quyen,0
RENT_HCM_08532,18H-105.04,Hyundai,i10,6/18/2022,6/23/2022,5004120,Le Van Phong,1
RENT_HCM_08533,28D-108.89,Hyundai,i10,12/18/2025,12/23/2025,3856995,Hoang Van Cuong,3
RENT_HCM_08534,91H-439.88,Mazda,CX-5,2/13/2021,2/19/2021,5581866,Vu Van Hoa,0
RENT_HCM_08535,31A-995.79,Mazda,3,6/18/2023,6/22/2023,3882544,Do Thi Giang,1
RENT_HCM_08536,16K-535.88,Kia,Soluto,2/3/2026,2/6/2026,2817438,Nguyen Van Binh,0
RENT_HCM_08537,62G-115.18,Ford,Ranger,7/7/2022,7/10/2022,1225917,Do Thi Phong,0
RENT_HCM_08538,62K-469.95,Vinfast,Fadil,3/23/2026,3/27/2026,2339568,Bui Thi Cuong,1
RENT_HCM_08539,56B-609.78,Honda,CR-V,3/5/2025,3/6/2025,615954,Tran Thi Em,2
RENT_HCM_08540,34K-392.12,Kia,Morning,3/18/2026,3/19/2026,768395,Le Van Linh,0
RENT_HCM_08541,26D-656.30,Honda,City,6/9/2026,6/16/2026,5639312,Bui Thi Phong,0
RENT_HCM_08542,68C-733.66,Hyundai,Accent,4/21/2023,4/22/2023,473552,Do Thi Phong,2
RENT_HCM_08543,51G-626.30,Vinfast,Lux A2.0,1/19/2026,1/23/2026,4370728,Pham Thi Binh,0
RENT_HCM_08544,47B-414.62,Honda,City,9/28/2024,10/1/2024,2413377,Pham Thi Em,1
RENT_HCM_08545,13E-299.60,Honda,CR-V,4/28/2023,4/30/2023,2135466,Hoang Van Minh,2
RENT_HCM_08546,62A-523.15,Honda,CR-V,12/29/2024,12/31/2024,1801992,Pham Thi Phuc,0
RENT_HCM_08547,30K-166.87,Hyundai,Accent,7/10/2025,7/11/2025,1089795,Tran Thi Phuc,2
RENT_HCM_08548,24E-955.46,Toyota,Vios,10/16/2024,10/23/2024,8287433,Le Van Binh,0
RENT_HCM_08549,66G-887.42,Vinfast,Lux A2.0,11/28/2025,11/29/2025,457697,Pham Thi An,3
RENT_HCM_08550,72G-919.68,Toyota,Vios,5/1/2026,5/8/2026,4267466,Dang Thi Khoa,1
RENT_HCM_08551,38C-142.53,Hyundai,i10,5/1/2022,5/2/2022,1041176,Ngo Van Minh,0
RENT_HCM_08552,24E-955.46,Toyota,Vios,4/5/2023,4/7/2023,2289806,Vu Van Cuong,0
RENT_HCM_08553,16K-690.45,Vinfast,Lux A2.0,4/1/2022,4/5/2022,4130068,Ngo Van Khoa,1
RENT_HCM_08554,39B-248.98,Hyundai,Grand i10,6/11/2025,6/12/2025,784850,Ngo Van Khoa,3
RENT_HCM_08555,28A-321.73,Hyundai,Accent,7/2/2022,7/3/2022,976386,Le Van Quyen,1
RENT_HCM_08556,46C-855.60,Vinfast,Fadil,2/10/2024,2/15/2024,5986845,Hoang Van Phong,0
RENT_HCM_08557,66G-320.55,Kia,Soluto,8/11/2026,8/17/2026,3528714,Pham Thi Hoa,0
RENT_HCM_08558,28B-288.64,Hyundai,Accent,5/18/2025,5/22/2025,2274460,Vu Van Linh,0
RENT_HCM_08559,56B-609.78,Honda,CR-V,3/18/2023,3/23/2023,3605185,Bui Thi Hoa,1
RENT_HCM_08560,73D-927.45,Mazda,CX-5,3/21/2021,3/24/2021,2556546,Dang Thi Linh,2
RENT_HCM_08561,71D-707.45,Mazda,3,6/20/2022,6/23/2022,1603500,Tran Thi Oanh,1
RENT_HCM_08562,30K-166.87,Hyundai,Accent,12/17/2023,12/18/2023,1002451,Pham Thi Phong,2
RENT_HCM_08563,11G-399.40,Kia,Morning,3/5/2024,3/7/2024,1432698,Bui Thi Khoa,1
RENT_HCM_08564,81A-639.94,Honda,City,4/24/2022,4/26/2022,1869076,Pham Thi Hoa,1
RENT_HCM_08565,35G-898.00,Vinfast,Fadil,10/7/2022,10/12/2022,4193695,Le Van Minh,0
RENT_HCM_08566,18H-105.04,Hyundai,i10,10/14/2024,10/16/2024,2112360,Vu Van Giang,0
RENT_HCM_08567,90D-598.73,Toyota,Innova,3/22/2023,3/29/2023,7348733,Dang Thi Linh,0
RENT_HCM_08568,36E-560.60,Toyota,Vios,5/7/2023,5/9/2023,1842512,Pham Thi Phong,1
RENT_HCM_08569,13H-835.85,Ford,EcoSport,7/22/2023,7/24/2023,2358296,Do Thi Quyen,0
RENT_HCM_08570,75C-107.61,Vinfast,Fadil,12/31/2023,1/2/2024,2021908,Vu Van Linh,1
RENT_HCM_08571,38E-944.15,Mazda,3,9/5/2025,9/9/2025,3598884,Do Thi Giang,0
RENT_HCM_08572,23G-543.44,Hyundai,i10,11/19/2024,11/20/2024,927325,Pham Thi Nam,2
RENT_HCM_08573,32D-394.35,Toyota,Vios,2/3/2023,2/9/2023,5785284,Ngo Van Minh,1
RENT_HCM_08574,12E-196.98,Ford,EcoSport,1/26/2025,2/2/2025,4825534,Vu Van Quyen,2
RENT_HCM_08575,62A-523.15,Honda,CR-V,1/25/2024,1/30/2024,5344980,Pham Thi Nam,2
RENT_HCM_08576,84G-796.42,Kia,Morning,1/26/2026,1/31/2026,3374130,Tran Thi Giang,0
RENT_HCM_08577,65B-452.82,Toyota,Innova,8/25/2026,8/26/2026,685436,Pham Thi Nam,0
RENT_HCM_08578,45F-232.07,Vinfast,Lux A2.0,1/2/2025,1/3/2025,723001,Bui Thi Giang,3
RENT_HCM_08579,82E-939.56,Hyundai,Accent,11/2/2024,11/8/2024,5058012,Nguyen Van Binh,0
RENT_HCM_08580,71D-707.45,Mazda,3,10/15/2024,10/21/2024,3134898,Ngo Van Cuong,0
RENT_HCM_08581,48B-706.17,Toyota,Camry,3/19/2023,3/26/2023,7727146,Ngo Van Nam,0
RENT_HCM_08582,75C-107.61,Vinfast,Fadil,6/13/2026,6/15/2026,822098,Tran Thi Cuong,3
RENT_HCM_08583,68A-105.33,Toyota,Innova,3/26/2023,3/27/2023,989859,Le Van Linh,2
RENT_HCM_08584,54G-335.06,Honda,CR-V,3/30/2022,4/1/2022,901116,Nguyen Van Linh,1
RENT_HCM_08585,38C-142.53,Hyundai,i10,11/3/2021,11/6/2021,1828380,Tran Thi Phuc,1
RENT_HCM_08586,45C-536.55,Ford,EcoSport,11/27/2021,12/3/2021,6134688,Nguyen Van Linh,1
RENT_HCM_08587,40B-456.25,Hyundai,i10,1/6/2021,1/7/2021,1046936,Pham Thi Em,0
RENT_HCM_08588,23G-543.44,Hyundai,i10,8/5/2023,8/8/2023,2867640,Ngo Van Nam,1
RENT_HCM_08589,53E-229.68,Vinfast,Fadil,2/9/2021,2/15/2021,7067760,Hoang Van Cuong,0
RENT_HCM_08590,39C-734.09,Ford,EcoSport,6/27/2021,7/4/2021,8241814,Bui Thi Dung,0
RENT_HCM_08591,92F-931.00,Vinfast,Lux A2.0,2/6/2023,2/7/2023,688010,Dang Thi Hoa,0
RENT_HCM_08592,83B-797.49,Mazda,3,3/1/2023,3/7/2023,2482488,Vu Van Oanh,0
RENT_HCM_08593,86E-413.23,Toyota,Vios,5/27/2021,6/1/2021,5796345,Vu Van Giang,1
RENT_HCM_08594,80G-716.32,Kia,Soluto,11/19/2025,11/22/2025,3244749,Ngo Van Quyen,1
RENT_HCM_08595,87B-373.03,Honda,City,8/8/2024,8/14/2024,4395096,Hoang Van Hoa,1
RENT_HCM_08596,60A-977.72,Hyundai,Grand i10,3/26/2025,4/2/2025,3917242,Hoang Van Phong,0
RENT_HCM_08597,33B-472.24,Kia,Seltos,7/1/2023,7/8/2023,3381763,Pham Thi Minh,0
RENT_HCM_08598,48B-706.17,Toyota,Camry,11/15/2024,11/22/2024,7589827,Nguyen Van Quyen,1
RENT_HCM_08599,96B-415.49,Mazda,3,9/8/2021,9/9/2021,639886,Do Thi An,0
RENT_HCM_08600,84A-192.77,Toyota,Camry,1/14/2024,1/18/2024,3543412,Ngo Van Linh,1
RENT_HCM_08601,72C-183.23,Ford,Ranger,8/23/2025,8/24/2025,951984,Hoang Van Cuong,2
RENT_HCM_08602,91A-212.00,Hyundai,Grand i10,10/7/2022,10/10/2022,3053085,Ngo Van Minh,0
RENT_HCM_08603,86E-413.23,Toyota,Vios,5/26/2022,5/29/2022,1382070,Ngo Van Quyen,0
RENT_HCM_08604,93D-583.18,Hyundai,Accent,1/5/2025,1/7/2025,1224456,Ngo Van Oanh,0
RENT_HCM_08605,50G-118.24,Honda,CR-V,5/10/2026,5/11/2026,948916,Nguyen Van Em,0
RENT_HCM_08606,50G-877.98,Hyundai,i10,5/3/2022,5/6/2022,1492947,Dang Thi An,2
RENT_HCM_08607,72C-183.23,Ford,Ranger,12/30/2025,1/5/2026,2669100,Tran Thi Phong,1
RENT_HCM_08608,91G-764.50,Toyota,Vios,1/3/2026,1/4/2026,830744,Nguyen Van Minh,1
RENT_HCM_08609,95E-747.86,Mazda,CX-5,1/26/2025,1/27/2025,443747,Tran Thi Khoa,0
RENT_HCM_08610,45F-232.07,Vinfast,Lux A2.0,10/8/2024,10/10/2024,1925476,Hoang Van Nam,2
RENT_HCM_08611,91A-212.00,Hyundai,Grand i10,4/3/2024,4/5/2024,2151464,Le Van Phong,0
RENT_HCM_08612,33C-941.96,Kia,Morning,8/30/2023,9/5/2023,6998544,Bui Thi Phong,0
RENT_HCM_08613,47B-414.62,Honda,City,11/2/2025,11/5/2025,2646195,Ngo Van Nam,1
RENT_HCM_08614,39K-469.95,Mazda,CX-5,8/5/2023,8/10/2023,3041425,Do Thi Phuc,1
RENT_HCM_08615,24A-243.28,Hyundai,Grand i10,11/3/2024,11/8/2024,3556255,Dang Thi Linh,1
RENT_HCM_08616,63A-217.47,Hyundai,i10,2/11/2026,2/15/2026,4443948,Vu Van An,0
RENT_HCM_08617,39H-457.60,Hyundai,Grand i10,11/2/2024,11/4/2024,2139062,Pham Thi Oanh,0
RENT_HCM_08618,71C-946.67,Ford,EcoSport,8/29/2022,9/1/2022,1259241,Bui Thi Nam,0
RENT_HCM_08619,36K-772.94,Ford,EcoSport,6/16/2021,6/19/2021,1955850,Nguyen Van Khoa,1
RENT_HCM_08620,21A-335.92,Vinfast,Fadil,4/22/2026,4/27/2026,4243145,Hoang Van Dung,1
RENT_HCM_08621,76G-211.58,Hyundai,Accent,4/29/2022,5/2/2022,3505896,Ngo Van An,0
RENT_HCM_08622,14G-415.24,Hyundai,i10,1/4/2026,1/8/2026,1994584,Dang Thi Khoa,1
RENT_HCM_08623,35G-898.00,Vinfast,Fadil,12/5/2022,12/12/2022,6919619,Bui Thi Binh,2
RENT_HCM_08624,20A-146.45,Honda,City,12/1/2023,12/3/2023,1786368,Le Van An,0
RENT_HCM_08625,78C-146.78,Ford,Ranger,12/9/2024,12/14/2024,5161810,Bui Thi Cuong,0
RENT_HCM_08626,28B-288.64,Hyundai,Accent,6/6/2026,6/7/2026,593253,Dang Thi An,1
RENT_HCM_08627,37K-262.20,Mazda,3,10/27/2022,10/29/2022,2346418,Hoang Van Dung,0
RENT_HCM_08628,24A-243.28,Hyundai,Grand i10,2/18/2024,2/21/2024,1976604,Tran Thi Minh,0
RENT_HCM_08629,45C-536.55,Ford,EcoSport,9/17/2026,9/21/2026,2763072,Do Thi Linh,0
RENT_HCM_08630,31F-834.71,Hyundai,Grand i10,5/15/2022,5/16/2022,1184929,Pham Thi Nam,0
RENT_HCM_08631,35G-898.00,Vinfast,Fadil,4/25/2025,4/30/2025,5086865,Bui Thi Linh,0
RENT_HCM_08632,36D-337.43,Vinfast,Lux A2.0,6/21/2024,6/25/2024,3958912,Hoang Van Khoa,0
RENT_HCM_08633,90A-485.48,Mazda,CX-5,8/25/2024,9/1/2024,7934647,Do Thi Quyen,2
RENT_HCM_08634,25B-454.15,Toyota,Innova,12/17/2025,12/24/2025,2934435,Dang Thi Khoa,3
RENT_HCM_08635,39B-248.98,Hyundai,Grand i10,2/14/2023,2/19/2023,3844095,Ngo Van Giang,0
RENT_HCM_08636,72D-907.40,Hyundai,i10,4/29/2023,5/4/2023,5786405,Ngo Van Dung,0
RENT_HCM_08637,49C-168.30,Vinfast,Fadil,10/15/2022,10/16/2022,855929,Hoang Van Cuong,0
RENT_HCM_08638,78B-364.49,Toyota,Camry,6/9/2022,6/12/2022,1819377,Bui Thi An,2
RENT_HCM_08639,84G-796.42,Kia,Morning,6/28/2024,6/30/2024,1380268,Bui Thi Binh,2
RENT_HCM_08640,88K-102.81,Hyundai,Accent,7/6/2024,7/13/2024,8285417,Le Van Giang,0
RENT_HCM_08641,20A-146.45,Honda,City,7/25/2021,7/29/2021,3577012,Hoang Van Linh,0
RENT_HCM_08642,72G-969.58,Toyota,Vios,9/30/2025,10/2/2025,2204456,Bui Thi Hoa,0
RENT_HCM_08643,71D-707.45,Mazda,3,3/2/2025,3/8/2025,3185772,Hoang Van Giang,1
RENT_HCM_08644,38G-667.86,Mazda,3,3/6/2021,3/9/2021,2288199,Ngo Van Oanh,1
RENT_HCM_08645,90A-463.29,Hyundai,i10,2/7/2021,2/14/2021,5672625,Bui Thi Giang,1
RENT_HCM_08646,18A-563.17,Toyota,Innova,12/25/2025,12/29/2025,4015052,Tran Thi Linh,3
RENT_HCM_08647,72H-414.63,Ford,Ranger,8/26/2023,8/28/2023,998758,Vu Van Oanh,0
RENT_HCM_08648,22G-155.46,Hyundai,i10,7/2/2026,7/9/2026,2992108,Do Thi Minh,1
RENT_HCM_08649,38C-383.91,Ford,Ranger,3/23/2025,3/28/2025,4324375,Do Thi Hoa,1
RENT_HCM_08650,82E-939.56,Hyundai,Accent,3/10/2025,3/11/2025,766491,Ngo Van Minh,0
RENT_HCM_08651,14C-459.98,Ford,EcoSport,6/28/2022,7/5/2022,3121566,Vu Van Khoa,1
RENT_HCM_08652,22B-585.78,Ford,EcoSport,5/14/2025,5/17/2025,2070312,Dang Thi Hoa,1
RENT_HCM_08653,96B-415.49,Mazda,3,4/18/2023,4/24/2023,4266360,Dang Thi Khoa,0
RENT_HCM_08654,77C-211.72,Kia,Seltos,10/18/2023,10/22/2023,3349380,Tran Thi Linh,1
RENT_HCM_08655,30D-278.73,Hyundai,Accent,7/15/2025,7/16/2025,486660,Bui Thi Oanh,0
RENT_HCM_08656,83F-155.85,Vinfast,Fadil,11/7/2022,11/8/2022,937979,Bui Thi Khoa,3
RENT_HCM_08657,33B-472.24,Kia,Seltos,5/22/2021,5/28/2021,4496376,Do Thi Quyen,0
RENT_HCM_08658,86C-265.81,Ford,Ranger,2/7/2022,2/10/2022,1855914,Tran Thi Nam,1
RENT_HCM_08659,90B-179.51,Vinfast,Fadil,5/12/2021,5/15/2021,1629099,Le Van Cuong,1
RENT_HCM_08660,28B-288.64,Hyundai,Accent,8/23/2024,8/25/2024,1558276,Ngo Van Hoa,1
RENT_HCM_08661,92F-931.00,Vinfast,Lux A2.0,2/1/2025,2/3/2025,1832754,Do Thi Giang,1
RENT_HCM_08662,33C-941.96,Kia,Morning,2/19/2021,2/26/2021,7123823,Vu Van Oanh,3
RENT_HCM_08663,63A-217.47,Hyundai,i10,6/30/2024,7/2/2024,1059718,Nguyen Van Cuong,0
RENT_HCM_08664,48B-706.17,Toyota,Camry,12/2/2021,12/9/2021,4480098,Hoang Van Binh,0
RENT_HCM_08665,40E-606.38,Vinfast,Lux A2.0,10/11/2022,10/16/2022,5564295,Vu Van Phuc,2
RENT_HCM_08666,96E-688.41,Toyota,Innova,6/6/2025,6/7/2025,1081311,Dang Thi Linh,0
RENT_HCM_08667,36E-560.60,Toyota,Vios,4/23/2022,4/26/2022,1323981,Hoang Van Em,0
RENT_HCM_08668,82K-162.58,Mazda,CX-5,7/18/2021,7/23/2021,4158880,Pham Thi Cuong,2
RENT_HCM_08669,13H-835.85,Ford,EcoSport,1/17/2023,1/21/2023,4475024,Tran Thi Phuc,0
RENT_HCM_08670,77C-680.84,Honda,City,3/26/2026,4/2/2026,7276724,Nguyen Van Dung,1
RENT_HCM_08671,43K-499.70,Kia,Seltos,10/6/2021,10/8/2021,2019246,Tran Thi Quyen,1
RENT_HCM_08672,62B-172.41,Kia,Soluto,1/4/2021,1/7/2021,2258469,Nguyen Van Hoa,0
RENT_HCM_08673,90B-179.51,Vinfast,Fadil,10/18/2021,10/22/2021,4401732,Vu Van Binh,1
RENT_HCM_08674,36D-337.43,Vinfast,Lux A2.0,4/28/2026,5/1/2026,2004333,Nguyen Van Binh,2
RENT_HCM_08675,41C-516.21,Hyundai,i10,7/6/2021,7/7/2021,451724,Pham Thi Oanh,0
RENT_HCM_08676,72G-919.68,Toyota,Vios,3/30/2023,3/31/2023,504936,Tran Thi Oanh,1
RENT_HCM_08677,43G-993.34,Kia,Soluto,8/30/2025,9/5/2025,2601066,Dang Thi Oanh,1
RENT_HCM_08678,77F-485.44,Hyundai,i10,8/26/2025,8/28/2025,1990178,Nguyen Van Cuong,0
RENT_HCM_08679,32K-304.31,Kia,Morning,2/22/2024,2/24/2024,2007914,Do Thi Oanh,0
RENT_HCM_08680,67C-665.78,Hyundai,i10,10/20/2025,10/23/2025,1961355,Dang Thi An,1
RENT_HCM_08681,76G-211.58,Hyundai,Accent,6/11/2023,6/12/2023,1100912,Le Van Giang,0
RENT_HCM_08682,13C-595.73,Vinfast,Lux A2.0,2/21/2026,2/27/2026,4495578,Ngo Van Em,0
RENT_HCM_08683,33B-472.24,Kia,Seltos,8/6/2025,8/10/2025,2743500,Do Thi Minh,2
RENT_HCM_08684,27H-701.29,Toyota,Camry,12/26/2022,12/29/2022,1586013,Pham Thi Nam,1
RENT_HCM_08685,39C-734.09,Ford,EcoSport,7/14/2026,7/20/2026,5876838,Ngo Van Cuong,0
RENT_HCM_08686,76B-763.75,Honda,City,7/12/2024,7/14/2024,1437988,Do Thi Phuc,3
RENT_HCM_08687,12G-744.89,Mazda,CX-5,12/3/2022,12/4/2022,726725,Bui Thi Dung,1
RENT_HCM_08688,87K-428.26,Honda,CR-V,5/13/2021,5/18/2021,4115380,Tran Thi Dung,3
RENT_HCM_08689,39H-896.77,Toyota,Vios,10/1/2021,10/7/2021,5531130,Vu Van Quyen,0
RENT_HCM_08690,93D-583.18,Hyundai,Accent,7/10/2022,7/11/2022,508878,Tran Thi Phong,0
RENT_HCM_08691,57C-660.60,Toyota,Vios,7/31/2026,8/1/2026,434551,Do Thi Minh,0
RENT_HCM_08692,30F-808.46,Toyota,Camry,3/27/2026,4/2/2026,7063110,Do Thi Minh,1
RENT_HCM_08693,36K-772.94,Ford,EcoSport,7/26/2025,7/31/2025,5812500,Le Van Minh,0
RENT_HCM_08694,63A-217.47,Hyundai,i10,7/19/2026,7/25/2026,6960120,Le Van Khoa,2
RENT_HCM_08695,45F-232.07,Vinfast,Lux A2.0,3/21/2023,3/25/2023,4330488,Do Thi Dung,0
RENT_HCM_08696,59B-706.42,Toyota,Vios,12/19/2021,12/25/2021,5292162,Le Van Giang,0
RENT_HCM_08697,40G-744.81,Honda,City,6/28/2025,7/5/2025,5604116,Tran Thi Phong,0
RENT_HCM_08698,14B-920.02,Toyota,Vios,8/12/2023,8/19/2023,6298572,Pham Thi Oanh,0
RENT_HCM_08699,74A-942.98,Hyundai,Accent,7/11/2024,7/13/2024,831970,Tran Thi Hoa,2
RENT_HCM_08700,56B-609.78,Honda,CR-V,2/18/2023,2/20/2023,1512404,Do Thi Quyen,1
RENT_HCM_08701,92F-931.00,Vinfast,Lux A2.0,12/10/2022,12/13/2022,3148755,Do Thi Binh,1
RENT_HCM_08702,15F-595.30,Honda,City,8/20/2021,8/27/2021,6585957,Tran Thi Em,0
RENT_HCM_08703,11G-399.40,Kia,Morning,4/14/2023,4/16/2023,1029102,Hoang Van Cuong,1
RENT_HCM_08704,82E-939.56,Hyundai,Accent,6/2/2026,6/8/2026,3370626,Bui Thi Dung,0
RENT_HCM_08705,69D-543.35,Honda,City,5/23/2024,5/27/2024,2213768,Tran Thi Cuong,2
RENT_HCM_08706,27G-984.07,Ford,Ranger,4/22/2022,4/25/2022,1711014,Le Van Phuc,2
RENT_HCM_08707,46C-855.60,Vinfast,Fadil,11/5/2023,11/10/2023,4171105,Bui Thi Phuc,0
RENT_HCM_08708,38C-142.53,Hyundai,i10,3/18/2024,3/19/2024,951295,Dang Thi Khoa,2
RENT_HCM_08709,32F-733.46,Toyota,Vios,12/31/2023,1/7/2024,6952505,Do Thi Khoa,1
RENT_HCM_08710,69F-764.42,Mazda,CX-5,1/18/2025,1/23/2025,4949880,Vu Van Hoa,1
RENT_HCM_08711,67C-665.78,Hyundai,i10,6/6/2025,6/7/2025,980974,Do Thi Khoa,1
RENT_HCM_08712,43K-499.70,Kia,Seltos,9/18/2025,9/24/2025,4450602,Pham Thi Giang,1
RENT_HCM_08713,66E-447.50,Mazda,CX-5,6/14/2021,6/19/2021,4535790,Hoang Van Phong,0
RENT_HCM_08714,64K-177.33,Vinfast,Lux A2.0,7/31/2023,8/3/2023,2633286,Do Thi Giang,0
RENT_HCM_08715,39C-734.09,Ford,EcoSport,9/23/2025,9/24/2025,1138641,Do Thi Minh,0
RENT_HCM_08716,21G-202.34,Honda,City,5/29/2026,6/2/2026,3797572,Tran Thi Oanh,0
RENT_HCM_08717,28A-321.73,Hyundai,Accent,4/27/2022,5/4/2022,5454981,Dang Thi Hoa,1
RENT_HCM_08718,37B-826.15,Kia,Soluto,1/17/2022,1/21/2022,3850080,Do Thi Em,0
RENT_HCM_08719,18H-105.04,Hyundai,i10,8/31/2022,9/7/2022,5958792,Vu Van Linh,0
RENT_HCM_08720,53K-126.49,Toyota,Innova,9/13/2024,9/15/2024,849746,Pham Thi Dung,2
RENT_HCM_08721,82E-939.56,Hyundai,Accent,2/16/2022,2/18/2022,873142,Bui Thi Quyen,2
RENT_HCM_08722,24A-243.28,Hyundai,Grand i10,11/11/2025,11/14/2025,1359648,Vu Van Hoa,0
RENT_HCM_08723,39A-767.06,Honda,CR-V,4/14/2022,4/15/2022,567172,Do Thi Dung,0
RENT_HCM_08724,55K-383.25,Mazda,3,8/22/2026,8/28/2026,5328894,Le Van Em,2
RENT_HCM_08725,57C-660.60,Toyota,Vios,1/27/2023,1/31/2023,3848796,Nguyen Van Giang,3
RENT_HCM_08726,31E-660.71,Toyota,Camry,12/28/2021,1/2/2022,2421205,Bui Thi Quyen,0
RENT_HCM_08727,36K-772.94,Ford,EcoSport,1/14/2023,1/15/2023,644894,Bui Thi Phong,0
RENT_HCM_08728,11G-731.54,Honda,City,6/24/2023,6/27/2023,1447251,Hoang Van Phuc,1
RENT_HCM_08729,53K-126.49,Toyota,Innova,3/27/2026,4/1/2026,3570230,Vu Van Em,0
RENT_HCM_08730,31A-995.79,Mazda,3,2/14/2023,2/21/2023,2941589,Le Van Binh,1
RENT_HCM_08731,76K-194.55,Toyota,Innova,6/10/2023,6/16/2023,4830630,Pham Thi Cuong,2
RENT_HCM_08732,71D-707.45,Mazda,3,11/14/2022,11/21/2022,4458755,Hoang Van Binh,0
RENT_HCM_08733,32C-510.80,Hyundai,Grand i10,2/23/2022,2/27/2022,4758612,Hoang Van Hoa,0
RENT_HCM_08734,64C-859.87,Toyota,Vios,1/31/2021,2/3/2021,3200088,Dang Thi Giang,1
RENT_HCM_08735,93A-482.11,Toyota,Camry,10/23/2023,10/25/2023,1223012,Nguyen Van Linh,0
RENT_HCM_08736,86C-265.81,Ford,Ranger,8/17/2025,8/19/2025,1898962,Pham Thi Em,1
RENT_HCM_08737,92F-931.00,Vinfast,Lux A2.0,9/17/2021,9/20/2021,2444502,Le Van Binh,1
RENT_HCM_08738,69F-764.42,Mazda,CX-5,11/12/2023,11/13/2023,645266,Pham Thi Khoa,0
RENT_HCM_08739,25A-321.29,Toyota,Innova,11/22/2022,11/25/2022,2576742,Hoang Van Cuong,2
RENT_HCM_08740,75C-107.61,Vinfast,Fadil,2/13/2024,2/19/2024,2896074,Ngo Van Linh,1
RENT_HCM_08741,77B-234.63,Mazda,3,4/6/2026,4/12/2026,6315228,Vu Van Minh,0
RENT_HCM_08742,45F-232.07,Vinfast,Lux A2.0,8/13/2022,8/18/2022,5145550,Hoang Van Minh,1
RENT_HCM_08743,67C-665.78,Hyundai,i10,9/21/2021,9/22/2021,1193424,Le Van Oanh,1
RENT_HCM_08744,77B-234.63,Mazda,3,4/11/2025,4/17/2025,5049414,Hoang Van Khoa,2
RENT_HCM_08745,72G-969.58,Toyota,Vios,10/2/2025,10/5/2025,1260819,Dang Thi Em,3
RENT_HCM_08746,38C-383.91,Ford,Ranger,11/27/2022,12/1/2022,2751976,Le Van Dung,1
RENT_HCM_08747,39K-469.95,Mazda,CX-5,5/11/2022,5/12/2022,730027,Bui Thi An,2
RENT_HCM_08748,38C-142.53,Hyundai,i10,5/24/2024,5/30/2024,5737950,Ngo Van Phuc,1
RENT_HCM_08749,18C-484.21,Ford,Ranger,5/4/2025,5/9/2025,2496315,Nguyen Van An,1
RENT_HCM_08750,37K-262.20,Mazda,3,12/29/2023,1/3/2024,2364505,Dang Thi Quyen,0
RENT_HCM_08751,75C-107.61,Vinfast,Fadil,7/28/2023,7/31/2023,1203489,Dang Thi Khoa,1
RENT_HCM_08752,96D-838.67,Vinfast,Lux A2.0,4/8/2022,4/13/2022,2910835,Le Van Dung,1
RENT_HCM_08753,24A-237.02,Hyundai,Accent,1/21/2024,1/22/2024,1154474,Ngo Van Phong,0
RENT_HCM_08754,63A-217.47,Hyundai,i10,10/13/2024,10/15/2024,1525728,Tran Thi Em,3
RENT_HCM_08755,18H-105.04,Hyundai,i10,12/22/2025,12/26/2025,4638980,Do Thi Nam,1
RENT_HCM_08756,43G-780.01,Kia,Morning,1/19/2022,1/24/2022,2326150,Bui Thi Linh,0
RENT_HCM_08757,88K-102.81,Hyundai,Accent,10/10/2023,10/11/2023,731235,Bui Thi Binh,0
RENT_HCM_08758,62K-469.95,Vinfast,Fadil,3/15/2021,3/20/2021,3012400,Le Van Quyen,1
RENT_HCM_08759,23D-400.10,Kia,Morning,3/13/2021,3/17/2021,4699964,Bui Thi Phong,0
RENT_HCM_08760,25A-321.29,Toyota,Innova,7/11/2023,7/16/2023,4074280,Ngo Van Khoa,0
RENT_HCM_08761,53E-229.68,Vinfast,Fadil,1/31/2021,2/1/2021,1007069,Do Thi Binh,1
RENT_HCM_08762,66G-887.42,Vinfast,Lux A2.0,3/11/2023,3/16/2023,4286140,Pham Thi Khoa,2
RENT_HCM_08763,87B-373.03,Honda,City,6/23/2024,6/30/2024,4041408,Tran Thi An,2
RENT_HCM_08764,96E-688.41,Toyota,Innova,12/13/2021,12/20/2021,5024936,Nguyen Van An,0
RENT_HCM_08765,39H-562.25,Ford,EcoSport,7/2/2021,7/9/2021,8171779,Dang Thi Em,0
RENT_HCM_08766,33F-566.78,Toyota,Vios,8/9/2025,8/13/2025,2464760,Nguyen Van Khoa,1
RENT_HCM_08767,27G-984.07,Ford,Ranger,12/3/2021,12/9/2021,6938832,Do Thi Cuong,0
RENT_HCM_08768,59B-706.42,Toyota,Vios,10/10/2023,10/17/2023,8354227,Vu Van Phuc,0
RENT_HCM_08769,18H-105.04,Hyundai,i10,6/18/2025,6/22/2025,3712780,Bui Thi Minh,1
RENT_HCM_08770,42D-602.47,Honda,City,4/8/2022,4/11/2022,1288860,Dang Thi Giang,2
RENT_HCM_08771,66G-887.42,Vinfast,Lux A2.0,2/20/2026,2/27/2026,2808288,Bui Thi Quyen,0
RENT_HCM_08772,11H-964.02,Ford,Ranger,6/16/2025,6/18/2025,1614986,Dang Thi Linh,1
RENT_HCM_08773,90D-598.73,Toyota,Innova,3/13/2022,3/15/2022,1474856,Le Van Khoa,1
RENT_HCM_08774,42H-912.12,Toyota,Innova,11/26/2023,11/30/2023,2391780,Ngo Van Giang,2
RENT_HCM_08775,30F-808.46,Toyota,Camry,7/3/2024,7/10/2024,5639900,Le Van Cuong,0
RENT_HCM_08776,74D-805.08,Hyundai,Accent,11/24/2021,11/27/2021,1938036,Vu Van Phong,1
RENT_HCM_08777,15F-595.30,Honda,City,9/29/2025,10/4/2025,4917780,Nguyen Van Hoa,0
RENT_HCM_08778,74A-942.98,Hyundai,Accent,6/21/2026,6/23/2026,1377340,Nguyen Van Em,0
RENT_HCM_08779,54G-335.06,Honda,CR-V,7/4/2026,7/5/2026,557754,Hoang Van Linh,1
RENT_HCM_08780,72K-707.72,Toyota,Camry,2/12/2024,2/16/2024,2249212,Pham Thi Giang,0
RENT_HCM_08781,32K-304.31,Kia,Morning,2/25/2025,3/1/2025,2288628,Tran Thi Khoa,3
RENT_HCM_08782,89G-388.88,Hyundai,Accent,9/16/2026,9/22/2026,3932592,Dang Thi Phuc,0
RENT_HCM_08783,32D-394.35,Toyota,Vios,4/7/2023,4/13/2023,6994338,Hoang Van Phong,1
RENT_HCM_08784,14G-415.24,Hyundai,i10,1/16/2021,1/22/2021,5720382,Le Van Khoa,2
RENT_HCM_08785,39K-469.95,Mazda,CX-5,7/28/2025,8/3/2025,4447116,Do Thi Giang,1
RENT_HCM_08786,94G-517.12,Mazda,CX-5,3/21/2022,3/27/2022,6341400,Ngo Van Em,0
RENT_HCM_08787,11C-738.22,Vinfast,Fadil,8/18/2025,8/20/2025,1964408,Hoang Van Giang,0
RENT_HCM_08788,32D-394.35,Toyota,Vios,9/20/2024,9/27/2024,7485114,Dang Thi Phuc,0
RENT_HCM_08789,20K-624.55,Mazda,3,12/27/2024,12/30/2024,2214045,Dang Thi An,0
RENT_HCM_08790,11C-319.16,Toyota,Innova,4/25/2024,4/29/2024,2766376,Le Van Phong,0
RENT_HCM_08791,40E-511.08,Honda,CR-V,12/26/2024,12/27/2024,805659,Ngo Van Cuong,3
RENT_HCM_08792,11C-738.22,Vinfast,Fadil,11/3/2021,11/4/2021,417625,Do Thi An,3
RENT_HCM_08793,69D-543.35,Honda,City,11/14/2025,11/18/2025,4293532,Hoang Van Oanh,0
RENT_HCM_08794,71C-946.67,Ford,EcoSport,3/11/2026,3/16/2026,4110185,Nguyen Van An,0
RENT_HCM_08795,32K-304.31,Kia,Morning,3/21/2021,3/27/2021,4468368,Ngo Van Hoa,0
RENT_HCM_08796,12G-744.89,Mazda,CX-5,5/26/2024,5/29/2024,3186600,Vu Van Linh,2
RENT_HCM_08797,13C-595.73,Vinfast,Lux A2.0,10/31/2021,11/2/2021,2169060,Nguyen Van Linh,0
RENT_HCM_08798,70D-192.58,Kia,Morning,6/27/2022,6/29/2022,1580436,Tran Thi Giang,0
RENT_HCM_08799,28A-321.73,Hyundai,Accent,1/11/2022,1/16/2022,2866565,Le Van Quyen,0
RENT_HCM_08800,55B-647.43,Mazda,3,12/18/2022,12/23/2022,3900230,Tran Thi Hoa,0
RENT_HCM_08801,35C-671.07,Hyundai,i10,5/9/2025,5/16/2025,5513284,Tran Thi Linh,0
RENT_HCM_08802,64C-859.87,Toyota,Vios,4/26/2024,5/2/2024,2942580,Nguyen Van Dung,0
RENT_HCM_08803,80H-858.85,Ford,Ranger,1/15/2022,1/16/2022,849764,Vu Van Hoa,0
RENT_HCM_08804,95B-546.55,Hyundai,Accent,5/25/2021,5/30/2021,5774145,Do Thi Minh,1
RENT_HCM_08805,65B-452.82,Toyota,Innova,9/6/2026,9/8/2026,2000426,Le Van An,0
RENT_HCM_08806,68A-588.72,Ford,EcoSport,2/2/2024,2/4/2024,2234814,Hoang Van Nam,1
RENT_HCM_08807,88K-102.81,Hyundai,Accent,11/29/2021,12/2/2021,3365325,Nguyen Van Hoa,1
RENT_HCM_08808,68A-588.72,Ford,EcoSport,8/29/2025,9/1/2025,2299923,Tran Thi Khoa,1
RENT_HCM_08809,76G-211.58,Hyundai,Accent,5/18/2026,5/21/2026,3182250,Hoang Van Cuong,1
RENT_HCM_08810,72K-221.19,Toyota,Innova,12/23/2023,12/24/2023,457490,Tran Thi Khoa,2
RENT_HCM_08811,95H-477.98,Kia,Seltos,12/9/2022,12/11/2022,2256634,Le Van Nam,0
RENT_HCM_08812,30F-808.46,Toyota,Camry,4/24/2024,5/1/2024,5239311,Pham Thi Dung,2
RENT_HCM_08813,52B-953.14,Kia,Soluto,3/4/2024,3/8/2024,3541996,Bui Thi Cuong,0
RENT_HCM_08814,95H-477.98,Kia,Seltos,5/11/2025,5/18/2025,5667550,Tran Thi An,0
RENT_HCM_08815,62G-115.18,Ford,Ranger,12/8/2021,12/14/2021,7118970,Nguyen Van Nam,0
RENT_HCM_08816,66E-447.50,Mazda,CX-5,2/12/2024,2/16/2024,2411140,Dang Thi Cuong,2
RENT_HCM_08817,46C-855.60,Vinfast,Fadil,8/25/2026,8/31/2026,5548458,Dang Thi An,0
RENT_HCM_08818,21G-202.34,Honda,City,12/30/2022,1/4/2023,2531455,Le Van Cuong,1
RENT_HCM_08819,80H-858.85,Ford,Ranger,1/27/2021,1/28/2021,947021,Le Van Hoa,2
RENT_HCM_08820,91G-764.50,Toyota,Vios,3/29/2025,4/4/2025,6194514,Vu Van Nam,1
RENT_HCM_08821,91G-764.50,Toyota,Vios,1/21/2023,1/22/2023,1192711,Nguyen Van Linh,1
RENT_HCM_08822,23C-148.49,Hyundai,i10,1/18/2022,1/22/2022,3968076,Nguyen Van Minh,0
RENT_HCM_08823,31G-307.19,Honda,City,11/30/2025,12/4/2025,3339736,Do Thi Binh,0
RENT_HCM_08824,59B-706.42,Toyota,Vios,9/1/2026,9/4/2026,2106768,Ngo Van Phuc,0
RENT_HCM_08825,35C-671.07,Hyundai,i10,9/1/2024,9/2/2024,1003457,Hoang Van Cuong,1
RENT_HCM_08826,52B-953.14,Kia,Soluto,2/18/2024,2/21/2024,2136789,Bui Thi Cuong,2
RENT_HCM_08827,84A-192.77,Toyota,Camry,8/23/2021,8/26/2021,2926044,Nguyen Van Phuc,1
RENT_HCM_08828,36F-989.46,Mazda,3,3/20/2025,3/22/2025,2152340,Bui Thi Giang,0
RENT_HCM_08829,39K-469.95,Mazda,CX-5,7/21/2021,7/23/2021,1658682,Vu Van Khoa,0
RENT_HCM_08830,66G-320.55,Kia,Soluto,6/14/2022,6/18/2022,3179988,Bui Thi Phong,0
RENT_HCM_08831,40B-456.25,Hyundai,i10,7/20/2025,7/24/2025,4668628,Dang Thi Cuong,2
RENT_HCM_08832,96B-415.49,Mazda,3,8/25/2024,8/26/2024,742638,Bui Thi Binh,0
RENT_HCM_08833,77A-503.91,Mazda,3,9/22/2021,9/23/2021,670461,Dang Thi Giang,0
RENT_HCM_08834,92F-931.00,Vinfast,Lux A2.0,3/17/2024,3/19/2024,1856304,Dang Thi Giang,1
RENT_HCM_08835,38C-142.53,Hyundai,i10,4/20/2021,4/24/2021,2710348,Dang Thi Em,0
RENT_HCM_08836,11H-964.02,Ford,Ranger,8/6/2024,8/12/2024,3314094,Do Thi Binh,1
RENT_HCM_08837,21G-202.34,Honda,City,7/2/2021,7/5/2021,1416804,Le Van Linh,0
RENT_HCM_08838,47B-414.62,Honda,City,6/5/2022,6/12/2022,6672260,Dang Thi Em,1
RENT_HCM_08839,25B-454.15,Toyota,Innova,6/13/2025,6/20/2025,7795942,Tran Thi Binh,1
RENT_HCM_08840,96D-838.67,Vinfast,Lux A2.0,9/17/2023,9/23/2023,3819384,Do Thi Dung,1
RENT_HCM_08841,68A-105.33,Toyota,Innova,11/20/2022,11/23/2022,2710311,Dang Thi Dung,0
RENT_HCM_08842,69D-543.35,Honda,City,11/26/2021,12/3/2021,3872897,Tran Thi Cuong,2
RENT_HCM_08843,39H-896.77,Toyota,Vios,12/10/2021,12/16/2021,4784424,Dang Thi Cuong,1
RENT_HCM_08844,89G-388.88,Hyundai,Accent,8/30/2021,8/31/2021,468096,Do Thi Minh,1
RENT_HCM_08845,87C-525.97,Ford,Ranger,3/14/2022,3/20/2022,3958362,Hoang Van Linh,2
RENT_HCM_08846,84A-192.77,Toyota,Camry,5/30/2023,6/1/2023,2191468,Do Thi Giang,1
RENT_HCM_08847,76H-418.80,Hyundai,Accent,6/27/2026,7/2/2026,3806290,Ngo Van Oanh,2
RENT_HCM_08848,32F-733.46,Toyota,Vios,8/2/2026,8/7/2026,2409455,Nguyen Van Phong,1
RENT_HCM_08849,43G-993.34,Kia,Soluto,11/8/2023,11/14/2023,5251338,Pham Thi An,1
RENT_HCM_08850,38G-497.95,Kia,Soluto,11/22/2023,11/23/2023,599426,Do Thi Giang,0
RENT_HCM_08851,40G-744.81,Honda,City,7/7/2024,7/12/2024,4496050,Do Thi Binh,1
RENT_HCM_08852,93A-482.11,Toyota,Camry,10/12/2021,10/14/2021,1804762,Hoang Van Giang,0
RENT_HCM_08853,30E-325.25,Kia,Morning,2/2/2022,2/8/2022,3435726,Ngo Van Binh,1
RENT_HCM_08854,96H-976.38,Hyundai,i10,4/28/2023,4/29/2023,1123149,Pham Thi Phuc,2
RENT_HCM_08855,43G-993.34,Kia,Soluto,1/20/2026,1/25/2026,5185800,Nguyen Van Binh,1
RENT_HCM_08856,94E-578.12,Hyundai,i10,4/17/2026,4/24/2026,6681339,Nguyen Van Nam,0
RENT_HCM_08857,33B-472.24,Kia,Seltos,6/16/2021,6/22/2021,4347936,Dang Thi Cuong,2
RENT_HCM_08858,63E-560.78,Kia,Morning,11/23/2021,11/24/2021,505976,Tran Thi Binh,2
RENT_HCM_08859,72G-919.68,Toyota,Vios,9/18/2026,9/21/2026,3553119,Do Thi Phong,1
RENT_HCM_08860,94E-578.12,Hyundai,i10,6/9/2021,6/13/2021,2698436,Tran Thi Khoa,0
RENT_HCM_08861,39H-896.77,Toyota,Vios,2/24/2025,2/27/2025,3041361,Hoang Van Phong,3
RENT_HCM_08862,36K-772.94,Ford,EcoSport,11/30/2022,12/1/2022,565746,Tran Thi An,1
RENT_HCM_08863,80G-716.32,Kia,Soluto,3/30/2026,4/2/2026,2868450,Dang Thi Em,1
RENT_HCM_08864,11C-738.22,Vinfast,Fadil,5/9/2026,5/10/2026,733442,Tran Thi An,0
RENT_HCM_08865,26D-656.30,Honda,City,5/13/2022,5/14/2022,1139798,Pham Thi Phong,0
RENT_HCM_08866,94E-578.12,Hyundai,i10,7/31/2022,8/5/2022,4708490,Nguyen Van Cuong,2
RENT_HCM_08867,50G-118.24,Honda,CR-V,3/26/2023,4/1/2023,2900568,Do Thi Linh,3
RENT_HCM_08868,59B-706.42,Toyota,Vios,1/26/2024,2/1/2024,4487778,Do Thi Oanh,3
RENT_HCM_08869,14B-920.02,Toyota,Vios,3/21/2022,3/24/2022,1640415,Bui Thi Em,2
RENT_HCM_08870,93F-865.25,Mazda,3,1/4/2022,1/5/2022,534450,Ngo Van An,1
RENT_HCM_08871,94E-578.12,Hyundai,i10,10/13/2024,10/16/2024,3477717,Bui Thi An,0
RENT_HCM_08872,13E-299.60,Honda,CR-V,1/14/2023,1/16/2023,910062,Do Thi Cuong,0
RENT_HCM_08873,47B-414.62,Honda,City,3/24/2025,3/25/2025,642214,Tran Thi Phuc,2
RENT_HCM_08874,37E-977.04,Mazda,3,1/4/2025,1/8/2025,1845052,Tran Thi Nam,3
RENT_HCM_08875,28B-378.39,Toyota,Innova,7/1/2025,7/4/2025,2599281,Nguyen Van Phuc,2
RENT_HCM_08876,16B-618.82,Hyundai,Grand i10,2/5/2023,2/9/2023,3614312,Bui Thi Em,0
RENT_HCM_08877,30K-166.87,Hyundai,Accent,3/19/2021,3/26/2021,3661868,Bui Thi Quyen,0
RENT_HCM_08878,36F-989.46,Mazda,3,3/5/2024,3/9/2024,3802792,Dang Thi Khoa,2
RENT_HCM_08879,64F-676.74,Hyundai,Accent,8/11/2022,8/13/2022,1015038,Vu Van Minh,0
RENT_HCM_08880,82K-625.14,Honda,City,3/24/2025,3/30/2025,6681090,Ngo Van Phuc,1
RENT_HCM_08881,86B-468.95,Toyota,Camry,2/1/2026,2/5/2026,2435092,Dang Thi Minh,0
RENT_HCM_08882,68C-733.66,Hyundai,Accent,4/2/2026,4/8/2026,4036206,Do Thi Binh,2
RENT_HCM_08883,64K-177.33,Vinfast,Lux A2.0,1/19/2025,1/22/2025,3213690,Bui Thi Cuong,0
RENT_HCM_08884,81A-639.94,Honda,City,12/20/2024,12/22/2024,2350948,Hoang Van Linh,0
RENT_HCM_08885,11G-731.54,Honda,City,12/28/2023,12/30/2023,1937550,Do Thi Cuong,1
RENT_HCM_08886,66F-164.86,Kia,Soluto,3/22/2023,3/24/2023,1224674,Tran Thi Dung,1
RENT_HCM_08887,33F-566.78,Toyota,Vios,5/1/2025,5/2/2025,1025604,Ngo Van Binh,0
RENT_HCM_08888,22E-897.25,Mazda,CX-5,8/1/2021,8/8/2021,6764884,Ngo Van Giang,2
RENT_HCM_08889,74H-842.20,Kia,Morning,9/2/2024,9/7/2024,3509895,Le Van Oanh,0
RENT_HCM_08890,16K-535.88,Kia,Soluto,5/7/2024,5/9/2024,837436,Vu Van Giang,0
RENT_HCM_08891,68C-733.66,Hyundai,Accent,8/5/2023,8/7/2023,1332172,Do Thi Linh,1
RENT_HCM_08892,37B-826.15,Kia,Soluto,5/19/2026,5/20/2026,1187819,Bui Thi Binh,1
RENT_HCM_08893,27G-984.07,Ford,Ranger,8/24/2024,8/30/2024,4649562,Vu Van Cuong,0
RENT_HCM_08894,83F-155.85,Vinfast,Fadil,9/4/2022,9/6/2022,1233828,Tran Thi Giang,0
RENT_HCM_08895,95E-747.86,Mazda,CX-5,12/3/2025,12/4/2025,1163687,Pham Thi Phuc,1
RENT_HCM_08896,92A-672.48,Ford,EcoSport,9/16/2022,9/18/2022,1456364,Le Van Giang,2
RENT_HCM_08897,30E-325.25,Kia,Morning,1/16/2022,1/17/2022,749511,Nguyen Van Oanh,0
RENT_HCM_08898,39K-469.95,Mazda,CX-5,6/29/2024,7/5/2024,6120864,Pham Thi Giang,0
RENT_HCM_08899,12B-182.67,Toyota,Vios,8/17/2021,8/22/2021,4758830,Dang Thi Phong,1
RENT_HCM_08900,92A-672.48,Ford,EcoSport,2/10/2021,2/14/2021,1927864,Ngo Van Cuong,0
RENT_HCM_08901,51G-626.30,Vinfast,Lux A2.0,5/14/2024,5/16/2024,1355422,Nguyen Van Linh,0
RENT_HCM_08902,92F-931.00,Vinfast,Lux A2.0,3/27/2024,3/31/2024,3188276,Pham Thi Minh,0
RENT_HCM_08903,30E-325.25,Kia,Morning,3/4/2024,3/8/2024,1974492,Le Van Hoa,0
RENT_HCM_08904,59A-901.69,Kia,Soluto,6/6/2021,6/12/2021,3043788,Nguyen Van Quyen,1
RENT_HCM_08905,22E-888.71,Honda,CR-V,10/15/2024,10/22/2024,5778486,Pham Thi Minh,0
RENT_HCM_08906,43K-499.70,Kia,Seltos,8/6/2026,8/7/2026,1173152,Dang Thi Nam,3
RENT_HCM_08907,86G-330.15,Toyota,Vios,1/5/2024,1/11/2024,5033190,Hoang Van Linh,1
RENT_HCM_08908,76H-418.80,Hyundai,Accent,12/20/2021,12/26/2021,3426624,Ngo Van Binh,2
RENT_HCM_08909,50G-877.98,Hyundai,i10,7/20/2023,7/22/2023,2399188,Ngo Van Hoa,0
RENT_HCM_08910,72C-183.23,Ford,Ranger,6/11/2024,6/12/2024,805662,Pham Thi Oanh,1
RENT_HCM_08911,28A-321.73,Hyundai,Accent,6/18/2022,6/23/2022,2050835,Pham Thi Oanh,1
RENT_HCM_08912,64C-859.87,Toyota,Vios,2/16/2023,2/18/2023,1253078,Bui Thi Linh,2
RENT_HCM_08913,28A-321.73,Hyundai,Accent,12/27/2025,12/28/2025,784538,Tran Thi Phong,1
RENT_HCM_08914,60A-977.72,Hyundai,Grand i10,6/29/2021,6/30/2021,803293,Vu Van Giang,0
RENT_HCM_08915,37G-231.27,Toyota,Camry,4/11/2025,4/12/2025,856848,Tran Thi Quyen,0
RENT_HCM_08916,62B-172.41,Kia,Soluto,6/25/2024,6/29/2024,4626632,Pham Thi Phuc,0
RENT_HCM_08917,23D-400.10,Kia,Morning,5/17/2024,5/18/2024,455851,Dang Thi Minh,0
RENT_HCM_08918,77F-485.44,Hyundai,i10,2/12/2024,2/14/2024,2308210,Bui Thi Hoa,1
RENT_HCM_08919,49E-348.68,Kia,Soluto,8/31/2022,9/5/2022,5201780,Tran Thi Phong,0
RENT_HCM_08920,39H-562.25,Ford,EcoSport,5/24/2026,5/27/2026,1597593,Tran Thi Linh,0
RENT_HCM_08921,26E-180.53,Hyundai,Accent,2/25/2026,3/1/2026,1961600,Tran Thi Nam,1
RENT_HCM_08922,70D-192.58,Kia,Morning,2/28/2021,3/2/2021,1601334,Le Van Binh,0
RENT_HCM_08923,81H-361.56,Vinfast,Lux A2.0,6/20/2021,6/25/2021,2769645,Vu Van An,1
RENT_HCM_08924,39C-734.09,Ford,EcoSport,6/18/2021,6/24/2021,5619738,Vu Van Khoa,1
RENT_HCM_08925,78C-146.78,Ford,Ranger,7/2/2025,7/6/2025,3878316,Do Thi Oanh,0
RENT_HCM_08926,33B-472.24,Kia,Seltos,1/21/2025,1/22/2025,460158,Hoang Van Hoa,0
RENT_HCM_08927,63E-560.78,Kia,Morning,11/14/2023,11/18/2023,4581196,Do Thi Em,0
RENT_HCM_08928,11G-731.54,Honda,City,7/19/2025,7/21/2025,1517334,Tran Thi Em,1
RENT_HCM_08929,40G-744.81,Honda,City,10/22/2025,10/29/2025,6518148,Pham Thi Em,0
RENT_HCM_08930,72D-907.40,Hyundai,i10,11/11/2025,11/15/2025,2892676,Tran Thi Phuc,0
RENT_HCM_08931,68A-105.33,Toyota,Innova,6/17/2026,6/21/2026,4745388,Bui Thi Quyen,0
RENT_HCM_08932,39H-896.77,Toyota,Vios,10/11/2022,10/16/2022,3176855,Le Van Binh,1
RENT_HCM_08933,90A-463.29,Hyundai,i10,9/27/2022,10/1/2022,1814764,Bui Thi An,0
RENT_HCM_08934,13C-595.73,Vinfast,Lux A2.0,11/16/2022,11/20/2022,4005452,Pham Thi Minh,0
RENT_HCM_08935,66F-164.86,Kia,Soluto,11/7/2022,11/12/2022,5911365,Do Thi Phuc,0
RENT_HCM_08936,37F-841.13,Kia,Morning,2/15/2025,2/20/2025,2592975,Ngo Van Phong,1
RENT_HCM_08937,37K-262.20,Mazda,3,7/4/2024,7/11/2024,7337428,Le Van Minh,1
RENT_HCM_08938,85E-378.37,Ford,Ranger,6/10/2026,6/14/2026,4102316,Le Van Phuc,0
RENT_HCM_08939,33B-472.24,Kia,Seltos,5/18/2025,5/22/2025,4397452,Nguyen Van Nam,2
RENT_HCM_08940,15F-595.30,Honda,City,7/6/2026,7/8/2026,1766056,Nguyen Van An,2
RENT_HCM_08941,47E-150.60,Kia,Seltos,7/27/2023,8/1/2023,2470750,Tran Thi Oanh,0
RENT_HCM_08942,39C-734.09,Ford,EcoSport,10/19/2023,10/20/2023,1175217,Nguyen Van Linh,0
RENT_HCM_08943,47E-150.60,Kia,Seltos,10/14/2021,10/18/2021,2677244,Hoang Van Nam,1
RENT_HCM_08944,94D-176.27,Ford,Ranger,6/5/2025,6/12/2025,5260843,Tran Thi Khoa,1
RENT_HCM_08945,25D-575.36,Hyundai,Accent,12/1/2024,12/2/2024,1156834,Do Thi An,2
RENT_HCM_08946,69F-764.42,Mazda,CX-5,5/12/2021,5/16/2021,3248864,Le Van Binh,2
RENT_HCM_08947,20K-624.55,Mazda,3,1/26/2022,1/29/2022,2597568,Ngo Van An,0
RENT_HCM_08948,62K-469.95,Vinfast,Fadil,3/14/2023,3/21/2023,6924652,Le Van Quyen,2
RENT_HCM_08949,23D-400.10,Kia,Morning,2/20/2021,2/21/2021,507401,Do Thi Phuc,1
RENT_HCM_08950,68C-733.66,Hyundai,Accent,6/13/2022,6/14/2022,775308,Vu Van Nam,1
RENT_HCM_08951,33F-566.78,Toyota,Vios,2/20/2025,2/27/2025,6571334,Ngo Van Nam,0
RENT_HCM_08952,13H-835.85,Ford,EcoSport,2/6/2025,2/11/2025,2247965,Do Thi Giang,1
RENT_HCM_08953,77C-616.68,Toyota,Camry,10/12/2022,10/14/2022,2316486,Tran Thi Em,0
RENT_HCM_08954,49D-328.28,Kia,Morning,11/6/2024,11/7/2024,1056960,Pham Thi Cuong,1
RENT_HCM_08955,85C-925.94,Hyundai,Grand i10,3/21/2026,3/28/2026,3443006,Dang Thi Khoa,0
RENT_HCM_08956,80G-716.32,Kia,Soluto,8/19/2025,8/26/2025,5600770,Hoang Van Cuong,1
RENT_HCM_08957,50G-877.98,Hyundai,i10,7/28/2024,7/29/2024,1104060,Nguyen Van Oanh,0
RENT_HCM_08958,36E-560.60,Toyota,Vios,7/26/2026,7/30/2026,2723632,Hoang Van Linh,0
RENT_HCM_08959,78C-146.78,Ford,Ranger,3/21/2026,3/22/2026,715265,Tran Thi Oanh,1
RENT_HCM_08960,90F-168.01,Toyota,Vios,2/24/2022,2/26/2022,1813450,Dang Thi Binh,0
RENT_HCM_08961,90F-168.01,Toyota,Vios,3/31/2023,4/1/2023,952390,Vu Van Cuong,0
RENT_HCM_08962,40G-744.81,Honda,City,9/6/2026,9/8/2026,1059876,Nguyen Van Dung,2
RENT_HCM_08963,87B-650.29,Toyota,Camry,2/11/2026,2/18/2026,3657976,Dang Thi Linh,0
RENT_HCM_08964,68C-733.66,Hyundai,Accent,9/22/2026,9/23/2026,447565,Vu Van Linh,2
RENT_HCM_08965,36E-560.60,Toyota,Vios,2/10/2026,2/16/2026,7063746,Le Van Oanh,1
RENT_HCM_08966,28B-378.39,Toyota,Innova,3/2/2024,3/7/2024,3417705,Bui Thi Cuong,0
RENT_HCM_08967,49C-168.30,Vinfast,Fadil,7/13/2024,7/17/2024,4438960,Bui Thi Nam,2
RENT_HCM_08968,85C-925.94,Hyundai,Grand i10,5/21/2021,5/28/2021,6329834,Ngo Van Khoa,0
RENT_HCM_08969,18E-187.25,Mazda,3,7/11/2021,7/18/2021,4596872,Hoang Van Linh,2
RENT_HCM_08970,83B-797.49,Mazda,3,5/24/2026,5/26/2026,1350174,Do Thi Em,0
RENT_HCM_08971,87B-430.99,Honda,City,8/12/2023,8/13/2023,504824,Bui Thi Dung,1
RENT_HCM_08972,92A-672.48,Ford,EcoSport,8/16/2024,8/22/2024,5443992,Dang Thi Linh,1
RENT_HCM_08973,41C-516.21,Hyundai,i10,11/15/2025,11/18/2025,2631408,Do Thi Phuc,2
RENT_HCM_08974,25A-321.29,Toyota,Innova,3/5/2024,3/9/2024,2821860,Dang Thi Khoa,1
RENT_HCM_08975,86C-265.81,Ford,Ranger,8/14/2021,8/17/2021,3048477,Do Thi Linh,2
RENT_HCM_08976,22K-526.15,Hyundai,Accent,1/7/2021,1/13/2021,4292334,Tran Thi Binh,0
RENT_HCM_08977,28D-108.89,Hyundai,i10,12/30/2024,1/3/2025,1720324,Vu Van Binh,1
RENT_HCM_08978,87B-650.29,Toyota,Camry,7/6/2023,7/11/2023,2155775,Vu Van Hoa,0
RENT_HCM_08979,62K-469.95,Vinfast,Fadil,5/14/2023,5/20/2023,3087528,Nguyen Van An,0
RENT_HCM_08980,25D-448.59,Vinfast,Lux A2.0,8/2/2025,8/7/2025,3866415,Ngo Van Linh,0
RENT_HCM_08981,25D-448.59,Vinfast,Lux A2.0,5/9/2024,5/12/2024,2290221,Vu Van Nam,0
RENT_HCM_08982,68K-951.28,Hyundai,i10,11/8/2021,11/11/2021,3361905,Hoang Van Giang,0
RENT_HCM_08983,40G-744.81,Honda,City,3/24/2021,3/27/2021,1944696,Tran Thi Hoa,2
RENT_HCM_08984,35C-671.07,Hyundai,i10,6/22/2026,6/27/2026,4032810,Nguyen Van Minh,0
RENT_HCM_08985,78C-146.78,Ford,Ranger,11/25/2023,12/1/2023,4544928,Le Van Cuong,0
RENT_HCM_08986,68A-588.72,Ford,EcoSport,3/13/2025,3/17/2025,3536364,Hoang Van Phong,3
RENT_HCM_08987,26E-180.53,Hyundai,Accent,12/31/2021,1/4/2022,1988804,Hoang Van An,1
RENT_HCM_08988,32C-510.80,Hyundai,Grand i10,7/3/2023,7/10/2023,6073879,Bui Thi Binh,0
RENT_HCM_08989,13E-299.60,Honda,CR-V,6/3/2022,6/8/2022,4806005,Tran Thi Hoa,0
RENT_HCM_08990,27H-701.29,Toyota,Camry,3/29/2021,4/4/2021,5645952,Pham Thi Em,0
RENT_HCM_08991,35G-898.00,Vinfast,Fadil,6/8/2026,6/9/2026,961695,Nguyen Van Quyen,0
RENT_HCM_08992,69F-764.42,Mazda,CX-5,10/28/2024,11/4/2024,4704210,Pham Thi Phong,0
RENT_HCM_08993,16K-690.45,Vinfast,Lux A2.0,3/18/2024,3/19/2024,747636,Tran Thi Oanh,0
RENT_HCM_08994,83B-797.49,Mazda,3,4/6/2024,4/9/2024,2740998,Vu Van Oanh,0
RENT_HCM_08995,23D-400.10,Kia,Morning,11/4/2024,11/6/2024,1673910,Nguyen Van Khoa,3
RENT_HCM_08996,39H-896.77,Toyota,Vios,2/22/2021,2/27/2021,2729160,Bui Thi Linh,0
RENT_HCM_08997,88K-102.81,Hyundai,Accent,6/17/2023,6/23/2023,5707638,Bui Thi Cuong,1
RENT_HCM_08998,22K-526.15,Hyundai,Accent,9/29/2022,9/30/2022,1051479,Le Van Phong,0
RENT_HCM_08999,87K-428.26,Honda,CR-V,4/8/2026,4/13/2026,4552560,Nguyen Van Giang,1
RENT_HCM_09000,39C-734.09,Ford,EcoSport,1/6/2023,1/7/2023,1012779,Le Van Cuong,0
RENT_HCM_09001,12G-744.89,Mazda,CX-5,7/18/2023,7/22/2023,2315700,Dang Thi An,0
RENT_HCM_09002,67C-665.78,Hyundai,i10,5/1/2023,5/3/2023,1290644,Nguyen Van Nam,0
RENT_HCM_09003,70D-192.58,Kia,Morning,7/27/2024,8/3/2024,5452993,Do Thi Quyen,2
RENT_HCM_09004,45D-330.83,Mazda,CX-5,7/26/2022,7/30/2022,2745688,Bui Thi Giang,0
RENT_HCM_09005,27B-423.19,Hyundai,Grand i10,8/17/2025,8/22/2025,2747635,Dang Thi Binh,2
RENT_HCM_09006,65B-452.82,Toyota,Innova,4/25/2023,4/26/2023,1178074,Pham Thi Phuc,1
RENT_HCM_09007,87B-650.29,Toyota,Camry,9/15/2024,9/20/2024,4256010,Ngo Van Oanh,0
RENT_HCM_09008,95E-747.86,Mazda,CX-5,8/24/2023,8/27/2023,2712126,Vu Van Quyen,3
RENT_HCM_09009,35G-898.00,Vinfast,Fadil,9/3/2023,9/10/2023,4499278,Dang Thi Minh,0
RENT_HCM_09010,94D-176.27,Ford,Ranger,10/28/2024,11/1/2024,3003832,Do Thi Giang,2
RENT_HCM_09011,78B-364.49,Toyota,Camry,2/21/2021,2/26/2021,3038670,Tran Thi Giang,2
RENT_HCM_09012,42H-912.12,Toyota,Innova,8/31/2023,9/3/2023,2200818,Nguyen Van Phuc,1
RENT_HCM_09013,18A-563.17,Toyota,Innova,5/16/2022,5/17/2022,738299,Nguyen Van An,2
RENT_HCM_09014,49C-168.30,Vinfast,Fadil,12/18/2022,12/19/2022,814877,Pham Thi Dung,2
RENT_HCM_09015,85H-903.18,Kia,Morning,4/20/2023,4/22/2023,1627338,Vu Van Em,1
RENT_HCM_09016,87B-373.03,Honda,City,9/22/2023,9/28/2023,6758922,Bui Thi Binh,2
RENT_HCM_09017,72K-221.19,Toyota,Innova,7/13/2024,7/20/2024,7138649,Nguyen Van Oanh,2
RENT_HCM_09018,92A-672.48,Ford,EcoSport,10/12/2023,10/14/2023,1951388,Pham Thi Linh,2
RENT_HCM_09019,40A-169.95,Toyota,Vios,3/31/2021,4/4/2021,4032332,Pham Thi Binh,0
RENT_HCM_09020,74D-805.08,Hyundai,Accent,1/24/2022,1/26/2022,1120352,Dang Thi An,0
RENT_HCM_09021,53E-229.68,Vinfast,Fadil,7/7/2026,7/9/2026,1593048,Ngo Van Cuong,2
RENT_HCM_09022,45C-536.55,Ford,EcoSport,6/8/2024,6/15/2024,8135568,Hoang Van Phong,1
RENT_HCM_09023,43K-499.70,Kia,Seltos,3/3/2024,3/10/2024,5948376,Do Thi Hoa,2
RENT_HCM_09024,47E-150.60,Kia,Seltos,6/2/2022,6/6/2022,3096756,Nguyen Van Giang,0
RENT_HCM_09025,74A-942.98,Hyundai,Accent,10/13/2021,10/17/2021,3166756,Pham Thi Phuc,1
RENT_HCM_09026,13H-835.85,Ford,EcoSport,9/16/2026,9/19/2026,3404421,Ngo Van Cuong,0
RENT_HCM_09027,68K-951.28,Hyundai,i10,10/4/2021,10/7/2021,2580543,Bui Thi Phuc,1
RENT_HCM_09028,39H-562.25,Ford,EcoSport,10/20/2024,10/21/2024,998365,Vu Van Oanh,2
RENT_HCM_09029,35C-671.07,Hyundai,i10,12/2/2024,12/7/2024,2722930,Nguyen Van Khoa,0
RENT_HCM_09030,39H-896.77,Toyota,Vios,11/5/2023,11/12/2023,5360838,Do Thi Minh,2
RENT_HCM_09031,96E-688.41,Toyota,Innova,5/19/2026,5/26/2026,8217573,Do Thi Minh,3
RENT_HCM_09032,86G-330.15,Toyota,Vios,10/26/2021,10/31/2021,2825125,Hoang Van Minh,2
RENT_HCM_09033,23C-148.49,Hyundai,i10,9/9/2023,9/15/2023,6627264,Bui Thi Hoa,0
RENT_HCM_09034,72G-969.58,Toyota,Vios,3/11/2024,3/18/2024,4209429,Hoang Van Phuc,0
RENT_HCM_09035,86E-413.23,Toyota,Vios,12/19/2024,12/20/2024,1108816,Do Thi Em,1
RENT_HCM_09036,14H-574.13,Kia,Morning,12/6/2023,12/12/2023,5049768,Pham Thi Phong,1
RENT_HCM_09037,40A-169.95,Toyota,Vios,1/15/2022,1/21/2022,4047150,Le Van Quyen,0
RENT_HCM_09038,39K-469.95,Mazda,CX-5,8/31/2023,9/3/2023,1824330,Nguyen Van Linh,0
RENT_HCM_09039,55B-647.43,Mazda,3,4/13/2026,4/15/2026,2299384,Nguyen Van Em,2
RENT_HCM_09040,47E-150.60,Kia,Seltos,2/14/2021,2/15/2021,581907,Do Thi Nam,2
RENT_HCM_09041,62G-115.18,Ford,Ranger,3/8/2022,3/13/2022,3925545,Le Van Nam,0
RENT_HCM_09042,83F-155.85,Vinfast,Fadil,1/14/2023,1/21/2023,5681319,Pham Thi Minh,0
RENT_HCM_09043,22E-888.71,Honda,CR-V,9/29/2025,10/6/2025,6421478,Ngo Van Khoa,2
RENT_HCM_09044,96H-976.38,Hyundai,i10,2/15/2023,2/17/2023,2204118,Do Thi Cuong,0
RENT_HCM_09045,68A-588.72,Ford,EcoSport,9/30/2024,10/5/2024,2739560,Do Thi Oanh,1
RENT_HCM_09046,14C-459.98,Ford,EcoSport,10/9/2025,10/14/2025,5859465,Do Thi Nam,0
RENT_HCM_09047,28D-108.89,Hyundai,i10,8/31/2025,9/3/2025,2188476,Do Thi An,0
RENT_HCM_09048,40B-456.25,Hyundai,i10,8/25/2023,8/26/2023,1071756,Hoang Van Phuc,1
RENT_HCM_09049,45D-330.83,Mazda,CX-5,10/26/2023,10/30/2023,4192816,Bui Thi An,0
RENT_HCM_09050,56B-609.78,Honda,CR-V,8/8/2024,8/12/2024,4437412,Nguyen Van Giang,2
RENT_HCM_09051,38E-944.15,Mazda,3,8/16/2021,8/17/2021,445153,Vu Van Em,0
RENT_HCM_09052,90A-485.48,Mazda,CX-5,3/19/2025,3/24/2025,4454840,Dang Thi Nam,0
RENT_HCM_09053,76H-418.80,Hyundai,Accent,5/27/2021,5/29/2021,2027006,Le Van Phong,0
RENT_HCM_09054,18H-105.04,Hyundai,i10,7/17/2023,7/19/2023,1131956,Pham Thi Khoa,0
RENT_HCM_09055,89C-852.67,Vinfast,Fadil,10/9/2022,10/10/2022,1102045,Tran Thi Hoa,2
RENT_HCM_09056,50G-118.24,Honda,CR-V,4/25/2024,5/2/2024,8150492,Ngo Van Binh,1
RENT_HCM_09057,84A-192.77,Toyota,Camry,6/18/2024,6/19/2024,699660,Dang Thi Oanh,1
RENT_HCM_09058,86B-468.95,Toyota,Camry,3/18/2024,3/23/2024,3484125,Do Thi Oanh,0
RENT_HCM_09059,48B-706.17,Toyota,Camry,8/3/2025,8/8/2025,5109515,Hoang Van Quyen,0
RENT_HCM_09060,66F-164.86,Kia,Soluto,5/23/2025,5/25/2025,926128,Bui Thi An,0
RENT_HCM_09061,11C-738.22,Vinfast,Fadil,5/30/2025,5/31/2025,944494,Ngo Van Quyen,2
RENT_HCM_09062,22E-897.25,Mazda,CX-5,5/13/2021,5/18/2021,4421575,Le Van Quyen,0
RENT_HCM_09063,72C-183.23,Ford,Ranger,6/15/2022,6/18/2022,3439464,Bui Thi An,1
RENT_HCM_09064,99C-732.83,Ford,EcoSport,8/26/2026,8/30/2026,3824084,Nguyen Van Cuong,1
RENT_HCM_09065,68K-951.28,Hyundai,i10,2/15/2021,2/17/2021,2291998,Pham Thi Dung,1
RENT_HCM_09066,37K-262.20,Mazda,3,8/23/2024,8/26/2024,3356118,Vu Van Linh,0
RENT_HCM_09067,24A-237.02,Hyundai,Accent,2/25/2023,3/4/2023,7929362,Tran Thi Linh,0
RENT_HCM_09068,25A-321.29,Toyota,Innova,4/9/2023,4/11/2023,1709740,Hoang Van Oanh,2
RENT_HCM_09069,51G-626.30,Vinfast,Lux A2.0,10/20/2023,10/26/2023,4370958,Nguyen Van Quyen,3
RENT_HCM_09070,96D-838.67,Vinfast,Lux A2.0,12/22/2025,12/24/2025,1320426,Le Van Em,1
RENT_HCM_09071,64C-859.87,Toyota,Vios,3/19/2025,3/21/2025,1458954,Le Van Phong,1
RENT_HCM_09072,23C-148.49,Hyundai,i10,11/17/2025,11/19/2025,1997026,Hoang Van Phong,1
RENT_HCM_09073,23D-400.10,Kia,Morning,3/12/2023,3/13/2023,410631,Bui Thi Nam,0
RENT_HCM_09074,66G-887.42,Vinfast,Lux A2.0,9/27/2025,10/4/2025,8389507,Pham Thi Linh,1
RENT_HCM_09075,23G-543.44,Hyundai,i10,1/16/2023,1/18/2023,1471234,Hoang Van Phuc,1
RENT_HCM_09076,59C-409.49,Honda,CR-V,12/1/2023,12/5/2023,3612400,Tran Thi Hoa,0
RENT_HCM_09077,31F-834.71,Hyundai,Grand i10,5/9/2021,5/14/2021,4047340,Vu Van Phuc,1
RENT_HCM_09078,93F-865.25,Mazda,3,7/30/2023,8/6/2023,4661020,Tran Thi Phong,2
RENT_HCM_09079,60A-977.72,Hyundai,Grand i10,4/3/2021,4/8/2021,3938340,Le Van An,0
RENT_HCM_09080,82E-939.56,Hyundai,Accent,8/15/2021,8/17/2021,2060460,Vu Van Minh,0
RENT_HCM_09081,27G-984.07,Ford,Ranger,3/27/2026,3/29/2026,1568916,Ngo Van Binh,0
RENT_HCM_09082,69D-543.35,Honda,City,2/12/2021,2/16/2021,2057628,Hoang Van Quyen,1
RENT_HCM_09083,30F-808.46,Toyota,Camry,11/9/2021,11/13/2021,2505500,Pham Thi Dung,1
RENT_HCM_09084,55K-383.25,Mazda,3,12/3/2025,12/6/2025,1778682,Nguyen Van Khoa,1
RENT_HCM_09085,24E-955.46,Toyota,Vios,9/26/2025,9/29/2025,2720304,Le Van Linh,1
RENT_HCM_09086,89C-852.67,Vinfast,Fadil,4/1/2021,4/7/2021,5749440,Nguyen Van Phuc,0
RENT_HCM_09087,66E-447.50,Mazda,CX-5,10/6/2023,10/9/2023,2315280,Pham Thi Cuong,1
RENT_HCM_09088,15A-216.83,Honda,City,9/27/2024,9/30/2024,1830966,Hoang Van Minh,0
RENT_HCM_09089,55B-647.43,Mazda,3,9/5/2026,9/9/2026,2430944,Ngo Van Cuong,0
RENT_HCM_09090,72K-221.19,Toyota,Innova,12/23/2021,12/28/2021,5711420,Hoang Van Cuong,0
RENT_HCM_09091,39C-734.09,Ford,EcoSport,6/30/2022,7/7/2022,3110961,Vu Van Giang,1
RENT_HCM_09092,13E-299.60,Honda,CR-V,1/13/2023,1/18/2023,2168580,Do Thi Nam,1
RENT_HCM_09093,28A-321.73,Hyundai,Accent,9/10/2024,9/11/2024,675110,Pham Thi Minh,0
RENT_HCM_09094,87K-428.26,Honda,CR-V,11/19/2022,11/25/2022,6569004,Bui Thi Nam,0
RENT_HCM_09095,62B-172.41,Kia,Soluto,6/9/2021,6/12/2021,1977636,Vu Van Hoa,2
RENT_HCM_09096,36E-560.60,Toyota,Vios,7/5/2022,7/7/2022,1597486,Pham Thi Khoa,0
RENT_HCM_09097,94D-176.27,Ford,Ranger,2/21/2022,2/26/2022,4453605,Ngo Van Minh,3
RENT_HCM_09098,90A-485.48,Mazda,CX-5,8/20/2026,8/25/2026,2415180,Do Thi Em,1
RENT_HCM_09099,68A-588.72,Ford,EcoSport,1/23/2023,1/26/2023,1699407,Tran Thi Phong,0
RENT_HCM_09100,73D-927.45,Mazda,CX-5,11/29/2022,12/6/2022,8116192,Vu Van Minh,1
RENT_HCM_09101,38G-667.86,Mazda,3,2/1/2023,2/2/2023,822738,Le Van Khoa,0
RENT_HCM_09102,98B-587.88,Vinfast,Fadil,9/25/2026,9/26/2026,720913,Tran Thi Dung,2
RENT_HCM_09103,42D-602.47,Honda,City,9/17/2024,9/20/2024,1714224,Nguyen Van An,1
RENT_HCM_09104,64C-859.87,Toyota,Vios,4/29/2021,5/6/2021,5141605,Ngo Van Cuong,0
RENT_HCM_09105,34H-793.09,Mazda,CX-5,5/7/2026,5/9/2026,1897726,Nguyen Van An,2
RENT_HCM_09106,82K-162.58,Mazda,CX-5,11/2/2022,11/8/2022,4076112,Hoang Van An,1
RENT_HCM_09107,13E-299.60,Honda,CR-V,10/21/2024,10/25/2024,4413792,Vu Van Khoa,0
RENT_HCM_09108,67C-665.78,Hyundai,i10,6/18/2026,6/21/2026,2586453,Pham Thi Giang,0
RENT_HCM_09109,32F-733.46,Toyota,Vios,8/2/2022,8/9/2022,4681446,Nguyen Van Khoa,0
RENT_HCM_09110,72C-183.23,Ford,Ranger,12/4/2024,12/6/2024,1285136,Dang Thi Nam,0
RENT_HCM_09111,92F-931.00,Vinfast,Lux A2.0,9/29/2024,10/2/2024,2282601,Dang Thi Khoa,0
RENT_HCM_09112,62H-628.28,Toyota,Camry,7/14/2026,7/20/2026,6222372,Tran Thi An,1
RENT_HCM_09113,93F-865.25,Mazda,3,10/26/2021,10/28/2021,925138,Tran Thi An,0
RENT_HCM_09114,66E-447.50,Mazda,CX-5,9/8/2022,9/12/2022,4570564,Ngo Van Nam,1
RENT_HCM_09115,40E-606.38,Vinfast,Lux A2.0,8/6/2023,8/13/2023,4347287,Do Thi Dung,0
RENT_HCM_09116,96H-976.38,Hyundai,i10,8/24/2021,8/29/2021,2981540,Le Van Hoa,1
RENT_HCM_09117,22E-897.25,Mazda,CX-5,2/17/2021,2/23/2021,6487152,Bui Thi Linh,0
RENT_HCM_09118,76H-418.80,Hyundai,Accent,12/30/2025,1/4/2026,2737125,Hoang Van An,1
RENT_HCM_09119,55K-383.25,Mazda,3,8/17/2023,8/19/2023,823938,Pham Thi Em,1
RENT_HCM_09120,25A-321.29,Toyota,Innova,10/12/2023,10/14/2023,1815882,Dang Thi Dung,0
RENT_HCM_09121,50G-118.24,Honda,CR-V,5/8/2026,5/15/2026,7934395,Bui Thi Hoa,2
RENT_HCM_09122,35G-898.00,Vinfast,Fadil,9/18/2021,9/23/2021,3349755,Nguyen Van Minh,1
RENT_HCM_09123,52B-953.14,Kia,Soluto,11/27/2023,12/1/2023,3335544,Tran Thi Em,0
RENT_HCM_09124,13E-299.60,Honda,CR-V,10/13/2025,10/16/2025,1540365,Tran Thi Em,2
RENT_HCM_09125,45F-232.07,Vinfast,Lux A2.0,1/12/2023,1/17/2023,2130005,Dang Thi Hoa,1
RENT_HCM_09126,39B-248.98,Hyundai,Grand i10,10/22/2022,10/24/2022,1742970,Pham Thi Hoa,2
RENT_HCM_09127,49E-348.68,Kia,Soluto,6/28/2023,7/2/2023,2074524,Hoang Van Phong,0
RENT_HCM_09128,38C-142.53,Hyundai,i10,7/3/2021,7/9/2021,4397448,Le Van Hoa,3
RENT_HCM_09129,38G-497.95,Kia,Soluto,3/21/2023,3/27/2023,3838014,Tran Thi Linh,1
RENT_HCM_09130,16K-690.45,Vinfast,Lux A2.0,7/5/2024,7/12/2024,6758486,Dang Thi Linh,1
RENT_HCM_09131,78B-364.49,Toyota,Camry,8/18/2022,8/19/2022,1093565,Hoang Van Minh,3
RENT_HCM_09132,73D-927.45,Mazda,CX-5,7/30/2021,8/5/2021,5679612,Pham Thi Binh,0
RENT_HCM_09133,71C-946.67,Ford,EcoSport,1/28/2025,2/1/2025,4556732,Tran Thi An,0
RENT_HCM_09134,33F-566.78,Toyota,Vios,6/15/2025,6/17/2025,1985078,Do Thi Khoa,0
RENT_HCM_09135,33C-941.96,Kia,Morning,1/4/2025,1/6/2025,1990054,Bui Thi An,0
RENT_HCM_09136,21A-335.92,Vinfast,Fadil,7/7/2021,7/9/2021,1955666,Dang Thi Quyen,1
RENT_HCM_09137,14H-574.13,Kia,Morning,10/9/2023,10/16/2023,5081832,Hoang Van Oanh,0
RENT_HCM_09138,14B-920.02,Toyota,Vios,12/22/2024,12/25/2024,1337691,Bui Thi Phong,0
RENT_HCM_09139,99E-453.66,Kia,Soluto,10/14/2022,10/20/2022,2657226,Do Thi Giang,1
RENT_HCM_09140,86B-468.95,Toyota,Camry,9/15/2022,9/22/2022,4015571,Do Thi Nam,0
RENT_HCM_09141,74H-842.20,Kia,Morning,8/25/2024,9/1/2024,7427518,Ngo Van Phong,1
RENT_HCM_09142,47B-414.62,Honda,City,8/27/2022,8/30/2022,2396391,Dang Thi An,0
RENT_HCM_09143,18C-484.21,Ford,Ranger,12/10/2025,12/11/2025,1095096,Le Van Khoa,2
RENT_HCM_09144,30D-278.73,Hyundai,Accent,9/23/2025,9/29/2025,6441564,Vu Van Quyen,1
RENT_HCM_09145,87B-373.03,Honda,City,2/26/2024,3/4/2024,6792478,Tran Thi Dung,2
RENT_HCM_09146,72D-907.40,Hyundai,i10,2/1/2025,2/2/2025,528806,Vu Van Cuong,1
RENT_HCM_09147,72K-221.19,Toyota,Innova,9/30/2022,10/7/2022,2809821,Hoang Van Phuc,0
RENT_HCM_09148,15F-595.30,Honda,City,4/17/2026,4/24/2026,3424897,Pham Thi An,0
RENT_HCM_09149,36E-560.60,Toyota,Vios,8/10/2023,8/15/2023,5629450,Nguyen Van Nam,0
RENT_HCM_09150,69D-543.35,Honda,City,11/9/2024,11/14/2024,5721890,Tran Thi Hoa,0
RENT_HCM_09151,53K-126.49,Toyota,Innova,9/14/2026,9/18/2026,2697400,Hoang Van Binh,3
RENT_HCM_09152,86C-265.81,Ford,Ranger,10/18/2021,10/25/2021,7120435,Nguyen Van Hoa,0
RENT_HCM_09153,28B-378.39,Toyota,Innova,11/3/2024,11/10/2024,4541642,Pham Thi Cuong,3
RENT_HCM_09154,19K-348.27,Hyundai,i10,4/4/2024,4/8/2024,2300552,Vu Van Dung,0
RENT_HCM_09155,40H-661.06,Mazda,3,5/24/2024,5/25/2024,760621,Hoang Van Binh,1
RENT_HCM_09156,33F-566.78,Toyota,Vios,7/25/2024,7/26/2024,701328,Le Van Giang,1
RENT_HCM_09157,15A-216.83,Honda,City,9/21/2025,9/26/2025,5208075,Vu Van Hoa,0
RENT_HCM_09158,92A-672.48,Ford,EcoSport,8/18/2024,8/24/2024,6206718,Bui Thi Dung,1
RENT_HCM_09159,24A-243.28,Hyundai,Grand i10,3/14/2022,3/16/2022,1444214,Le Van Dung,1
RENT_HCM_09160,75C-107.61,Vinfast,Fadil,5/3/2024,5/10/2024,7979258,Pham Thi Nam,0
RENT_HCM_09161,25A-321.29,Toyota,Innova,6/30/2022,7/4/2022,2717308,Nguyen Van Quyen,1
RENT_HCM_09162,94G-517.12,Mazda,CX-5,12/11/2025,12/15/2025,3613252,Ngo Van An,0
RENT_HCM_09163,25D-448.59,Vinfast,Lux A2.0,6/17/2024,6/19/2024,1242558,Tran Thi Linh,0
RENT_HCM_09164,34K-392.12,Kia,Morning,12/1/2021,12/4/2021,2368992,Vu Van Hoa,2
RENT_HCM_09165,77A-503.91,Mazda,3,10/19/2023,10/21/2023,1448812,Dang Thi Oanh,2
RENT_HCM_09166,31A-995.79,Mazda,3,1/16/2025,1/21/2025,3662965,Bui Thi Hoa,0
RENT_HCM_09167,53K-126.49,Toyota,Innova,8/21/2024,8/24/2024,1416603,Bui Thi Minh,3
RENT_HCM_09168,85H-903.18,Kia,Morning,9/10/2023,9/16/2023,6665094,Nguyen Van Em,1
RENT_HCM_09169,40E-606.38,Vinfast,Lux A2.0,7/5/2022,7/11/2022,3712242,Hoang Van Khoa,1
RENT_HCM_09170,32F-733.46,Toyota,Vios,8/5/2025,8/8/2025,2407782,Tran Thi Cuong,1
RENT_HCM_09171,14G-415.24,Hyundai,i10,1/30/2024,2/1/2024,2398326,Hoang Van Cuong,1
RENT_HCM_09172,42D-602.47,Honda,City,3/11/2021,3/12/2021,555906,Hoang Van Dung,1
RENT_HCM_09173,27H-701.29,Toyota,Camry,10/17/2023,10/19/2023,2203614,Dang Thi Hoa,0
RENT_HCM_09174,74A-942.98,Hyundai,Accent,4/3/2025,4/7/2025,1711092,Bui Thi Hoa,0
RENT_HCM_09175,66G-887.42,Vinfast,Lux A2.0,5/28/2026,6/3/2026,2689782,Dang Thi Khoa,2
RENT_HCM_09176,92D-335.06,Toyota,Camry,7/9/2023,7/13/2023,2294708,Le Van Oanh,0
RENT_HCM_09177,67C-665.78,Hyundai,i10,7/23/2021,7/28/2021,2449130,Pham Thi Cuong,1
RENT_HCM_09178,25B-454.15,Toyota,Innova,4/21/2023,4/26/2023,3105020,Hoang Van Cuong,1
RENT_HCM_09179,93A-482.11,Toyota,Camry,6/3/2026,6/8/2026,4303190,Ngo Van Minh,0
RENT_HCM_09180,92F-931.00,Vinfast,Lux A2.0,5/23/2021,5/26/2021,3383784,Bui Thi Giang,1
RENT_HCM_09181,91A-212.00,Hyundai,Grand i10,3/7/2024,3/13/2024,2471448,Bui Thi Hoa,1
RENT_HCM_09182,26E-180.53,Hyundai,Accent,10/25/2022,10/31/2022,2552574,Tran Thi Khoa,2
RENT_HCM_09183,35C-671.07,Hyundai,i10,6/7/2025,6/13/2025,5616168,Le Van Giang,1
RENT_HCM_09184,43G-780.01,Kia,Morning,1/4/2023,1/10/2023,2721714,Nguyen Van Linh,1
RENT_HCM_09185,73A-575.16,Ford,Ranger,6/28/2025,7/3/2025,5519570,Hoang Van Em,2
RENT_HCM_09186,39H-996.40,Honda,CR-V,5/20/2023,5/21/2023,1031104,Vu Van Phuc,0
RENT_HCM_09187,80H-858.85,Ford,Ranger,2/23/2023,3/1/2023,2962404,Do Thi Dung,0
RENT_HCM_09188,74D-805.08,Hyundai,Accent,10/14/2025,10/15/2025,1041592,Vu Van Quyen,0
RENT_HCM_09189,68A-105.33,Toyota,Innova,7/11/2022,7/13/2022,1177512,Hoang Van Em,1
RENT_HCM_09190,65B-452.82,Toyota,Innova,11/29/2021,11/30/2021,405527,Bui Thi Dung,1
RENT_HCM_09191,67C-665.78,Hyundai,i10,12/4/2025,12/11/2025,8051554,Dang Thi Nam,0
RENT_HCM_09192,36E-560.60,Toyota,Vios,1/6/2025,1/11/2025,3898390,Vu Van Linh,2
RENT_HCM_09193,18A-563.17,Toyota,Innova,10/31/2021,11/1/2021,731907,Pham Thi An,1
RENT_HCM_09194,90F-168.01,Toyota,Vios,11/11/2023,11/12/2023,681406,Bui Thi Giang,2
RENT_HCM_09195,40H-661.06,Mazda,3,5/27/2026,6/1/2026,5716700,Do Thi Phuc,1
RENT_HCM_09196,49F-678.30,Vinfast,Lux A2.0,6/4/2025,6/8/2025,2119004,Tran Thi Cuong,0
RENT_HCM_09197,29C-652.72,Mazda,3,6/10/2022,6/16/2022,3269382,Dang Thi Linh,2
RENT_HCM_09198,91B-105.47,Toyota,Innova,3/18/2023,3/24/2023,5129538,Dang Thi Oanh,1
RENT_HCM_09199,72K-221.19,Toyota,Innova,1/27/2021,2/2/2021,4285716,Nguyen Van Hoa,0
RENT_HCM_09200,39C-734.09,Ford,EcoSport,12/21/2021,12/23/2021,2370896,Do Thi Khoa,3
RENT_HCM_09201,95H-477.98,Kia,Seltos,8/12/2026,8/19/2026,4341736,Dang Thi Khoa,1
RENT_HCM_09202,80K-657.71,Toyota,Innova,4/12/2026,4/19/2026,5540976,Do Thi Em,1
RENT_HCM_09203,94D-176.27,Ford,Ranger,9/9/2022,9/11/2022,2238152,Le Van Minh,2
RENT_HCM_09204,95E-747.86,Mazda,CX-5,1/24/2024,1/25/2024,953316,Vu Van Phuc,0
RENT_HCM_09205,50G-877.98,Hyundai,i10,7/26/2022,8/2/2022,4364437,Vu Van Quyen,0
RENT_HCM_09206,76H-418.80,Hyundai,Accent,9/16/2026,9/22/2026,5701050,Bui Thi Oanh,0
RENT_HCM_09207,12B-182.67,Toyota,Vios,11/17/2025,11/20/2025,2169864,Dang Thi Binh,0
RENT_HCM_09208,11G-731.54,Honda,City,5/26/2025,5/31/2025,5817895,Pham Thi Quyen,0
RENT_HCM_09209,85E-378.37,Ford,Ranger,9/30/2023,10/1/2023,624907,Nguyen Van Giang,1
RENT_HCM_09210,72K-221.19,Toyota,Innova,1/18/2022,1/20/2022,2386008,Le Van Nam,0
RENT_HCM_09211,93F-865.25,Mazda,3,1/8/2021,1/15/2021,7247968,Ngo Van Giang,0
RENT_HCM_09212,20K-624.55,Mazda,3,4/1/2023,4/7/2023,7086474,Do Thi Binh,1
RENT_HCM_09213,50D-378.78,Vinfast,Lux A2.0,4/24/2022,4/25/2022,619631,Do Thi Hoa,1
RENT_HCM_09214,87B-373.03,Honda,City,8/20/2022,8/21/2022,592153,Tran Thi Minh,1
RENT_HCM_09215,72G-969.58,Toyota,Vios,5/6/2025,5/9/2025,2349993,Ngo Van Giang,0
RENT_HCM_09216,25D-448.59,Vinfast,Lux A2.0,3/4/2021,3/5/2021,793141,Dang Thi Phuc,1
RENT_HCM_09217,99C-732.83,Ford,EcoSport,4/1/2026,4/5/2026,2256620,Hoang Van Dung,0
RENT_HCM_09218,60A-977.72,Hyundai,Grand i10,6/7/2025,6/13/2025,2612394,Ngo Van Dung,1
RENT_HCM_09219,36K-772.94,Ford,EcoSport,4/1/2025,4/6/2025,5884870,Tran Thi Phong,1
RENT_HCM_09220,82E-939.56,Hyundai,Accent,4/1/2025,4/5/2025,4786536,Tran Thi Khoa,1
RENT_HCM_09221,93A-482.11,Toyota,Camry,3/17/2025,3/24/2025,4878790,Le Van Dung,0
RENT_HCM_09222,63E-560.78,Kia,Morning,10/23/2024,10/28/2024,2508365,Vu Van Phuc,3
RENT_HCM_09223,74D-805.08,Hyundai,Accent,12/8/2025,12/13/2025,2725830,Nguyen Van An,1
RENT_HCM_09224,25B-454.15,Toyota,Innova,9/13/2023,9/14/2023,839293,Tran Thi Cuong,0
RENT_HCM_09225,11H-964.02,Ford,Ranger,7/7/2024,7/10/2024,1805163,Le Van Giang,0
RENT_HCM_09226,64C-859.87,Toyota,Vios,6/11/2024,6/14/2024,2153475,Hoang Van Linh,2
RENT_HCM_09227,62A-523.15,Honda,CR-V,4/17/2022,4/22/2022,3687150,Le Van Linh,0
RENT_HCM_09228,53K-126.49,Toyota,Innova,2/23/2021,2/25/2021,2230548,Bui Thi Em,0
RENT_HCM_09229,66G-887.42,Vinfast,Lux A2.0,1/1/2023,1/3/2023,1437364,Nguyen Van Quyen,0
RENT_HCM_09230,68K-951.28,Hyundai,i10,11/9/2025,11/15/2025,2627208,Bui Thi Hoa,2
RENT_HCM_09231,42D-602.47,Honda,City,7/15/2025,7/19/2025,4417508,Le Van Minh,0
RENT_HCM_09232,95B-546.55,Hyundai,Accent,7/4/2022,7/6/2022,1988498,Bui Thi An,1
RENT_HCM_09233,22E-888.71,Honda,CR-V,8/10/2026,8/11/2026,1104233,Tran Thi Phuc,0
RENT_HCM_09234,15A-216.83,Honda,City,4/2/2023,4/7/2023,4815125,Do Thi Nam,2
RENT_HCM_09235,92F-931.00,Vinfast,Lux A2.0,5/27/2021,5/28/2021,1176681,Le Van Hoa,0
RENT_HCM_09236,49E-348.68,Kia,Soluto,12/4/2025,12/11/2025,6618374,Vu Van Binh,1
RENT_HCM_09237,65B-452.82,Toyota,Innova,2/21/2022,2/23/2022,2329106,Dang Thi Linh,2
RENT_HCM_09238,12G-744.89,Mazda,CX-5,11/24/2023,11/27/2023,2165298,Vu Van Em,0
RENT_HCM_09239,14G-415.24,Hyundai,i10,1/8/2023,1/12/2023,2653252,Do Thi Cuong,1
RENT_HCM_09240,72G-919.68,Toyota,Vios,12/6/2022,12/7/2022,1185124,Do Thi Hoa,1
RENT_HCM_09241,64K-177.33,Vinfast,Lux A2.0,2/20/2023,2/22/2023,1316470,Ngo Van Nam,0
RENT_HCM_09242,39H-896.77,Toyota,Vios,11/24/2024,11/26/2024,1043894,Tran Thi Dung,1
RENT_HCM_09243,45D-330.83,Mazda,CX-5,12/5/2025,12/10/2025,4213845,Dang Thi Oanh,0
RENT_HCM_09244,37G-231.27,Toyota,Camry,10/27/2023,10/31/2023,1904796,Tran Thi Phuc,0
RENT_HCM_09245,27H-701.29,Toyota,Camry,7/28/2025,7/30/2025,1353132,Bui Thi Quyen,1
RENT_HCM_09246,39H-996.40,Honda,CR-V,1/20/2022,1/22/2022,1487360,Do Thi Em,0
RENT_HCM_09247,24A-237.02,Hyundai,Accent,2/10/2021,2/16/2021,3459918,Nguyen Van Hoa,1
RENT_HCM_09248,62K-469.95,Vinfast,Fadil,1/20/2023,1/23/2023,2199111,Nguyen Van Binh,0
RENT_HCM_09249,96H-976.38,Hyundai,i10,12/28/2024,12/30/2024,1228924,Nguyen Van Minh,0
RENT_HCM_09250,67C-665.78,Hyundai,i10,12/29/2021,1/2/2022,3377080,Bui Thi Minh,0
RENT_HCM_09251,27H-701.29,Toyota,Camry,9/23/2021,9/30/2021,7123354,Bui Thi An,0
RENT_HCM_09252,41C-516.21,Hyundai,i10,11/24/2021,11/25/2021,602525,Bui Thi Giang,0
RENT_HCM_09253,76K-194.55,Toyota,Innova,1/16/2023,1/23/2023,8256479,Le Van Binh,0
RENT_HCM_09254,74D-805.08,Hyundai,Accent,5/3/2024,5/10/2024,5899341,Vu Van An,1
RENT_HCM_09255,49E-348.68,Kia,Soluto,11/6/2021,11/10/2021,4175596,Bui Thi An,0
RENT_HCM_09256,30D-278.73,Hyundai,Accent,3/21/2021,3/27/2021,4989294,Ngo Van Cuong,1
RENT_HCM_09257,30D-278.73,Hyundai,Accent,12/5/2021,12/10/2021,2548985,Pham Thi Khoa,2
RENT_HCM_09258,49C-168.30,Vinfast,Fadil,7/1/2021,7/3/2021,1492764,Dang Thi Phong,3
RENT_HCM_09259,49F-678.30,Vinfast,Lux A2.0,6/3/2026,6/10/2026,7401471,Tran Thi Quyen,2
RENT_HCM_09260,91A-212.00,Hyundai,Grand i10,6/8/2026,6/9/2026,740230,Nguyen Van Dung,1
RENT_HCM_09261,22K-526.15,Hyundai,Accent,1/14/2021,1/19/2021,5266035,Bui Thi Oanh,1
RENT_HCM_09262,99C-732.83,Ford,EcoSport,12/17/2021,12/19/2021,1344220,Dang Thi Khoa,1
RENT_HCM_09263,82E-939.56,Hyundai,Accent,1/1/2021,1/8/2021,3111878,Le Van Binh,2
RENT_HCM_09264,26D-656.30,Honda,City,11/20/2023,11/24/2023,2950864,Nguyen Van Minh,1
RENT_HCM_09265,20A-146.45,Honda,City,12/31/2024,1/4/2025,4588116,Hoang Van Binh,1
RENT_HCM_09266,24A-243.28,Hyundai,Grand i10,3/4/2021,3/11/2021,6576192,Do Thi Khoa,0
RENT_HCM_09267,25A-321.29,Toyota,Innova,7/9/2025,7/11/2025,1598084,Hoang Van Hoa,0
RENT_HCM_09268,28B-378.39,Toyota,Innova,7/18/2026,7/19/2026,974996,Dang Thi Dung,1
RENT_HCM_09269,55B-647.43,Mazda,3,7/31/2023,8/5/2023,5775505,Tran Thi Khoa,1
RENT_HCM_09270,19K-348.27,Hyundai,i10,5/30/2022,6/1/2022,2034506,Hoang Van Phong,0
RENT_HCM_09271,27H-701.29,Toyota,Camry,11/16/2022,11/22/2022,5279052,Nguyen Van Phuc,0
RENT_HCM_09272,30E-325.25,Kia,Morning,6/26/2025,6/29/2025,1628817,Nguyen Van An,0
RENT_HCM_09273,91A-212.00,Hyundai,Grand i10,6/18/2026,6/20/2026,1550178,Bui Thi Quyen,2
RENT_HCM_09274,39H-562.25,Ford,EcoSport,7/20/2022,7/24/2022,3919548,Nguyen Van Binh,1
RENT_HCM_09275,25A-321.29,Toyota,Innova,6/26/2026,6/29/2026,2815944,Tran Thi Em,0
RENT_HCM_09276,47E-150.60,Kia,Seltos,3/6/2022,3/10/2022,1804124,Pham Thi Oanh,3
RENT_HCM_09277,16K-690.45,Vinfast,Lux A2.0,5/13/2024,5/16/2024,1215159,Le Van Em,0
RENT_HCM_09278,31F-834.71,Hyundai,Grand i10,3/11/2025,3/15/2025,3278516,Le Van Binh,2
RENT_HCM_09279,72K-707.72,Toyota,Camry,7/9/2022,7/12/2022,1855992,Le Van Cuong,2
RENT_HCM_09280,12E-196.98,Ford,EcoSport,9/2/2021,9/5/2021,2620518,Do Thi Oanh,0
RENT_HCM_09281,76H-418.80,Hyundai,Accent,4/17/2024,4/22/2024,5149510,Tran Thi Nam,1
RENT_HCM_09282,49C-168.30,Vinfast,Fadil,12/22/2024,12/23/2024,918524,Tran Thi Binh,1
RENT_HCM_09283,23C-148.49,Hyundai,i10,6/9/2026,6/12/2026,3327270,Pham Thi Cuong,0
RENT_HCM_09284,45C-524.00,Toyota,Camry,1/7/2026,1/12/2026,4191440,Dang Thi Em,2
RENT_HCM_09285,40E-511.08,Honda,CR-V,8/21/2022,8/28/2022,4881009,Nguyen Van Nam,0
RENT_HCM_09286,25D-575.36,Hyundai,Accent,11/20/2025,11/23/2025,3506979,Nguyen Van Binh,2
RENT_HCM_09287,90A-485.48,Mazda,CX-5,9/14/2025,9/15/2025,584851,Ngo Van Nam,0
RENT_HCM_09288,57C-660.60,Toyota,Vios,5/5/2024,5/8/2024,1992336,Vu Van Linh,1
RENT_HCM_09289,22E-888.71,Honda,CR-V,6/30/2025,7/4/2025,3640772,Bui Thi Giang,0
RENT_HCM_09290,27B-423.19,Hyundai,Grand i10,7/4/2025,7/10/2025,4669752,Tran Thi Em,0
RENT_HCM_09291,50D-378.78,Vinfast,Lux A2.0,6/9/2023,6/15/2023,2958732,Bui Thi Quyen,0
RENT_HCM_09292,13C-595.73,Vinfast,Lux A2.0,10/25/2022,11/1/2022,6088908,Nguyen Van Linh,0
RENT_HCM_09293,49D-328.28,Kia,Morning,3/9/2026,3/14/2026,3838300,Pham Thi Phong,2
RENT_HCM_09294,50G-877.98,Hyundai,i10,1/19/2025,1/25/2025,5851266,Vu Van Nam,0
RENT_HCM_09295,94G-517.12,Mazda,CX-5,4/3/2024,4/4/2024,658644,Bui Thi Nam,3
RENT_HCM_09296,90A-485.48,Mazda,CX-5,3/10/2023,3/11/2023,1050986,Ngo Van Quyen,0
RENT_HCM_09297,27H-701.29,Toyota,Camry,8/21/2022,8/28/2022,6719125,Pham Thi Cuong,0
RENT_HCM_09298,25D-448.59,Vinfast,Lux A2.0,11/27/2021,11/30/2021,1302405,Ngo Van Phuc,0
RENT_HCM_09299,63A-217.47,Hyundai,i10,2/9/2024,2/12/2024,1693968,Vu Van Em,1
RENT_HCM_09300,36E-560.60,Toyota,Vios,11/25/2023,12/1/2023,6900024,Tran Thi Giang,1
RENT_HCM_09301,23C-148.49,Hyundai,i10,7/18/2026,7/24/2026,5242206,Le Van Minh,2
RENT_HCM_09302,40H-661.06,Mazda,3,3/20/2025,3/22/2025,2288944,Pham Thi Binh,1
RENT_HCM_09303,76H-418.80,Hyundai,Accent,9/27/2024,9/30/2024,2790558,Hoang Van Binh,1
RENT_HCM_09304,83F-155.85,Vinfast,Fadil,6/29/2023,7/5/2023,6383898,Hoang Van Quyen,0
RENT_HCM_09305,38C-142.53,Hyundai,i10,9/23/2024,9/29/2024,3439428,Le Van Phuc,1
RENT_HCM_09306,89C-852.67,Vinfast,Fadil,4/10/2023,4/16/2023,6004842,Do Thi Oanh,0
RENT_HCM_09307,21K-767.03,Hyundai,i10,12/1/2022,12/8/2022,7066682,Bui Thi Minh,0
RENT_HCM_09308,12B-182.67,Toyota,Vios,8/20/2022,8/23/2022,1502088,Nguyen Van Oanh,0
RENT_HCM_09309,68A-588.72,Ford,EcoSport,8/22/2025,8/26/2025,2844304,Do Thi Oanh,0
RENT_HCM_09310,26E-180.53,Hyundai,Accent,10/17/2023,10/20/2023,3177378,Vu Van Minh,2
RENT_HCM_09311,62G-115.18,Ford,Ranger,6/4/2022,6/9/2022,2281985,Dang Thi Em,1
RENT_HCM_09312,21A-335.92,Vinfast,Fadil,8/7/2021,8/13/2021,7126926,Vu Van Phong,1
RENT_HCM_09313,77C-616.68,Toyota,Camry,12/7/2022,12/10/2022,2264214,Le Van Phuc,1
RENT_HCM_09314,38E-944.15,Mazda,3,7/18/2021,7/22/2021,2069992,Vu Van Phuc,0
RENT_HCM_09315,62G-115.18,Ford,Ranger,9/13/2026,9/16/2026,1517388,Vu Van Hoa,1
RENT_HCM_09316,23G-543.44,Hyundai,i10,9/29/2023,10/3/2023,3043496,Vu Van Oanh,2
RENT_HCM_09317,34H-793.09,Mazda,CX-5,7/10/2021,7/12/2021,979064,Bui Thi Giang,0
RENT_HCM_09318,46E-807.16,Honda,City,9/7/2024,9/8/2024,617436,Pham Thi Nam,1
RENT_HCM_09319,77C-680.84,Honda,City,10/3/2024,10/10/2024,3992583,Dang Thi Binh,2
RENT_HCM_09320,80G-716.32,Kia,Soluto,9/30/2024,10/3/2024,3158511,Do Thi An,0
RENT_HCM_09321,28B-378.39,Toyota,Innova,9/6/2026,9/12/2026,5550978,Do Thi Giang,1
RENT_HCM_09322,35G-898.00,Vinfast,Fadil,5/6/2026,5/7/2026,683306,Do Thi Minh,0
RENT_HCM_09323,80G-716.32,Kia,Soluto,4/25/2021,5/2/2021,5590697,Nguyen Van Oanh,0
RENT_HCM_09324,49E-348.68,Kia,Soluto,2/6/2021,2/11/2021,2471995,Do Thi Cuong,3
RENT_HCM_09325,64F-676.74,Hyundai,Accent,8/8/2021,8/11/2021,1466589,Pham Thi Minh,0
RENT_HCM_09326,12G-744.89,Mazda,CX-5,1/28/2022,1/30/2022,1335346,Dang Thi Khoa,0
RENT_HCM_09327,98B-587.88,Vinfast,Fadil,9/6/2021,9/8/2021,996718,Ngo Van Dung,0
RENT_HCM_09328,43G-993.34,Kia,Soluto,1/9/2024,1/16/2024,2912035,Vu Van Em,0
RENT_HCM_09329,73D-927.45,Mazda,CX-5,9/28/2026,10/1/2026,3576882,Dang Thi Em,0
RENT_HCM_09330,36K-772.94,Ford,EcoSport,2/22/2021,2/26/2021,4090028,Tran Thi Linh,0
RENT_HCM_09331,84G-796.42,Kia,Morning,3/28/2022,4/1/2022,4177424,Bui Thi Khoa,1
RENT_HCM_09332,22E-897.25,Mazda,CX-5,8/11/2024,8/18/2024,5625263,Do Thi An,2
RENT_HCM_09333,77C-616.68,Toyota,Camry,2/28/2025,3/4/2025,2026144,Hoang Van Khoa,2
RENT_HCM_09334,62A-523.15,Honda,CR-V,4/12/2025,4/16/2025,4411712,Do Thi Quyen,2
RENT_HCM_09335,56B-609.78,Honda,CR-V,1/3/2022,1/4/2022,556439,Ngo Van Nam,2
RENT_HCM_09336,72C-183.23,Ford,Ranger,4/12/2023,4/15/2023,1754748,Pham Thi Nam,2
RENT_HCM_09337,83F-155.85,Vinfast,Fadil,3/8/2022,3/15/2022,6390769,Dang Thi Dung,1
RENT_HCM_09338,11C-738.22,Vinfast,Fadil,8/14/2021,8/20/2021,5328870,Dang Thi Khoa,0
RENT_HCM_09339,37G-231.27,Toyota,Camry,7/11/2025,7/16/2025,3471955,Ngo Van Hoa,2
RENT_HCM_09340,50D-378.78,Vinfast,Lux A2.0,7/30/2023,8/5/2023,2454558,Vu Van Oanh,0
RENT_HCM_09341,87B-650.29,Toyota,Camry,5/5/2022,5/8/2022,2992494,Bui Thi Minh,0
RENT_HCM_09342,91G-764.50,Toyota,Vios,11/24/2024,11/30/2024,2456280,Tran Thi Binh,0
RENT_HCM_09343,50G-877.98,Hyundai,i10,7/3/2024,7/4/2024,532846,Ngo Van Linh,0
RENT_HCM_09344,53E-229.68,Vinfast,Fadil,1/31/2023,2/3/2023,1281213,Ngo Van Phuc,2
RENT_HCM_09345,13H-835.85,Ford,EcoSport,11/7/2025,11/9/2025,1679274,Le Van Giang,1
RENT_HCM_09346,91A-212.00,Hyundai,Grand i10,5/22/2024,5/28/2024,6747930,Do Thi Nam,0
RENT_HCM_09347,78B-364.49,Toyota,Camry,11/15/2025,11/22/2025,6821542,Le Van Em,1
RENT_HCM_09348,35G-898.00,Vinfast,Fadil,8/25/2026,8/30/2026,3328930,Nguyen Van Giang,1
RENT_HCM_09349,66E-447.50,Mazda,CX-5,8/30/2024,9/2/2024,2529468,Vu Van Hoa,0
RENT_HCM_09350,21G-202.34,Honda,City,10/24/2022,10/25/2022,1072463,Nguyen Van Binh,0
RENT_HCM_09351,25B-454.15,Toyota,Innova,10/29/2025,11/3/2025,5821185,Hoang Van Binh,0
RENT_HCM_09352,62G-115.18,Ford,Ranger,1/23/2025,1/30/2025,4366215,Tran Thi Khoa,0
RENT_HCM_09353,50D-378.78,Vinfast,Lux A2.0,1/8/2022,1/11/2022,1547277,Nguyen Van Binh,0
RENT_HCM_09354,50D-378.78,Vinfast,Lux A2.0,7/11/2024,7/16/2024,3884290,Le Van Phong,0
RENT_HCM_09355,29C-652.72,Mazda,3,7/27/2024,7/28/2024,627573,Do Thi Minh,2
RENT_HCM_09356,77A-503.91,Mazda,3,9/23/2024,9/25/2024,1514550,Pham Thi Cuong,1
RENT_HCM_09357,27H-701.29,Toyota,Camry,1/26/2026,2/1/2026,5647104,Dang Thi Hoa,0
RENT_HCM_09358,28B-378.39,Toyota,Innova,6/17/2024,6/22/2024,5802000,Vu Van Cuong,1
RENT_HCM_09359,50D-378.78,Vinfast,Lux A2.0,12/27/2025,1/1/2026,3150370,Hoang Van Khoa,0
RENT_HCM_09360,72D-907.40,Hyundai,i10,4/6/2022,4/12/2022,6433008,Do Thi Phuc,1
RENT_HCM_09361,83F-155.85,Vinfast,Fadil,8/24/2022,8/30/2022,5251920,Pham Thi An,0
RENT_HCM_09362,21G-202.34,Honda,City,12/22/2024,12/29/2024,2893205,Ngo Van Em,0
RENT_HCM_09363,22E-888.71,Honda,CR-V,9/24/2024,9/28/2024,3239160,Vu Van Hoa,2
RENT_HCM_09364,91H-439.88,Mazda,CX-5,6/22/2026,6/28/2026,6912474,Le Van Khoa,0
RENT_HCM_09365,91G-764.50,Toyota,Vios,4/26/2024,4/27/2024,834790,Ngo Van Quyen,1
RENT_HCM_09366,59C-409.49,Honda,CR-V,7/5/2024,7/7/2024,980340,Dang Thi Phong,1
RENT_HCM_09367,93D-583.18,Hyundai,Accent,1/4/2023,1/9/2023,4590225,Hoang Van Khoa,0
RENT_HCM_09368,96H-976.38,Hyundai,i10,10/1/2024,10/2/2024,643436,Do Thi Phuc,0
RENT_HCM_09369,18A-563.17,Toyota,Innova,5/26/2021,6/1/2021,6911496,Pham Thi Khoa,1
RENT_HCM_09370,30D-278.73,Hyundai,Accent,8/12/2026,8/13/2026,763914,Pham Thi Hoa,1
RENT_HCM_09371,68A-105.33,Toyota,Innova,1/20/2022,1/22/2022,1843536,Hoang Van Phong,0
RENT_HCM_09372,25B-454.15,Toyota,Innova,3/27/2024,3/31/2024,4485232,Hoang Van Phong,0
RENT_HCM_09373,64F-676.74,Hyundai,Accent,6/17/2024,6/19/2024,2257868,Vu Van An,3
RENT_HCM_09374,45C-524.00,Toyota,Camry,1/17/2021,1/22/2021,4800470,Pham Thi Binh,0
RENT_HCM_09375,95H-477.98,Kia,Seltos,9/18/2024,9/22/2024,2555776,Le Van Em,2
RENT_HCM_09376,32C-510.80,Hyundai,Grand i10,1/26/2024,1/27/2024,466992,Pham Thi Em,1
RENT_HCM_09377,35G-898.00,Vinfast,Fadil,2/26/2024,2/29/2024,3288663,Dang Thi Em,1
RENT_HCM_09378,72K-221.19,Toyota,Innova,4/20/2021,4/26/2021,3106398,Pham Thi Khoa,1
RENT_HCM_09379,27G-984.07,Ford,Ranger,7/7/2025,7/14/2025,7705446,Le Van Binh,1
RENT_HCM_09380,18E-187.25,Mazda,3,5/7/2026,5/9/2026,2040962,Do Thi Dung,0
RENT_HCM_09381,66F-164.86,Kia,Soluto,5/6/2021,5/7/2021,628066,Hoang Van An,3
RENT_HCM_09382,36E-560.60,Toyota,Vios,11/25/2021,11/29/2021,3629128,Vu Van Cuong,0
RENT_HCM_09383,78C-146.78,Ford,Ranger,3/3/2021,3/5/2021,927724,Tran Thi Em,0
RENT_HCM_09384,66F-164.86,Kia,Soluto,3/15/2026,3/22/2026,7955332,Tran Thi Quyen,0
RENT_HCM_09385,25B-454.15,Toyota,Innova,7/2/2022,7/7/2022,3358295,Dang Thi An,1
RENT_HCM_09386,53E-229.68,Vinfast,Fadil,10/18/2025,10/22/2025,4615944,Hoang Van Linh,2
RENT_HCM_09387,95H-477.98,Kia,Seltos,4/22/2026,4/23/2026,1029690,Hoang Van Phong,2
RENT_HCM_09388,27B-423.19,Hyundai,Grand i10,3/3/2025,3/8/2025,5429310,Dang Thi Binh,3
RENT_HCM_09389,95C-492.50,Toyota,Innova,11/28/2024,11/29/2024,473304,Nguyen Van Cuong,0
RENT_HCM_09390,72K-221.19,Toyota,Innova,2/19/2022,2/20/2022,807408,Vu Van An,1
RENT_HCM_09391,76B-763.75,Honda,City,9/25/2024,9/28/2024,1231293,Tran Thi Binh,2
RENT_HCM_09392,90A-485.48,Mazda,CX-5,2/17/2025,2/23/2025,2566872,Ngo Van Quyen,0
RENT_HCM_09393,37F-841.13,Kia,Morning,3/13/2025,3/20/2025,5025909,Tran Thi Linh,0
RENT_HCM_09394,84A-192.77,Toyota,Camry,8/20/2021,8/27/2021,6205444,Do Thi Minh,0
RENT_HCM_09395,85C-925.94,Hyundai,Grand i10,3/31/2025,4/7/2025,5092864,Do Thi Linh,0
RENT_HCM_09396,12E-196.98,Ford,EcoSport,7/15/2024,7/17/2024,2013982,Tran Thi Linh,0
RENT_HCM_09397,45F-232.07,Vinfast,Lux A2.0,8/28/2021,9/2/2021,2153750,Ngo Van Phuc,0
RENT_HCM_09398,98B-587.88,Vinfast,Fadil,11/5/2023,11/12/2023,3165099,Ngo Van Oanh,0
RENT_HCM_09399,80H-858.85,Ford,Ranger,7/28/2021,7/31/2021,2924889,Vu Van Nam,1
RENT_HCM_09400,90D-598.73,Toyota,Innova,10/6/2022,10/9/2022,1434861,Nguyen Van An,0
RENT_HCM_09401,39B-248.98,Hyundai,Grand i10,7/8/2025,7/13/2025,3429615,Vu Van Giang,1
RENT_HCM_09402,54G-335.06,Honda,CR-V,8/28/2025,9/4/2025,7990108,Dang Thi Dung,0
RENT_HCM_09403,85C-925.94,Hyundai,Grand i10,2/24/2025,3/2/2025,4706286,Hoang Van Linh,2
RENT_HCM_09404,68D-390.90,Kia,Morning,5/27/2022,5/31/2022,2216360,Dang Thi Oanh,1
RENT_HCM_09405,89C-852.67,Vinfast,Fadil,2/14/2022,2/20/2022,5131194,Pham Thi Phong,2
RENT_HCM_09406,96B-415.49,Mazda,3,6/17/2025,6/22/2025,2677040,Hoang Van Quyen,0
RENT_HCM_09407,83F-155.85,Vinfast,Fadil,8/26/2022,8/30/2022,2247364,Hoang Van Nam,1
RENT_HCM_09408,86G-330.15,Toyota,Vios,5/7/2025,5/9/2025,1799368,Hoang Van Em,0
RENT_HCM_09409,14B-920.02,Toyota,Vios,8/19/2025,8/24/2025,2295260,Le Van Binh,0
RENT_HCM_09410,40E-511.08,Honda,CR-V,8/24/2026,8/28/2026,3748880,Vu Van Minh,2
RENT_HCM_09411,13H-835.85,Ford,EcoSport,8/21/2021,8/24/2021,3458895,Pham Thi An,0
RENT_HCM_09412,36D-337.43,Vinfast,Lux A2.0,1/4/2022,1/5/2022,850222,Ngo Van Binh,1
RENT_HCM_09413,88K-102.81,Hyundai,Accent,6/5/2023,6/7/2023,1499022,Le Van Minh,0
RENT_HCM_09414,13H-835.85,Ford,EcoSport,7/19/2025,7/22/2025,3288111,Tran Thi Phong,2
RENT_HCM_09415,40A-169.95,Toyota,Vios,3/23/2026,3/24/2026,516532,Le Van Oanh,0
RENT_HCM_09416,49E-348.68,Kia,Soluto,8/18/2021,8/23/2021,5000785,Do Thi Phuc,1
RENT_HCM_09417,64K-177.33,Vinfast,Lux A2.0,6/29/2021,7/5/2021,7098450,Le Van Em,0
RENT_HCM_09418,66F-164.86,Kia,Soluto,9/4/2023,9/8/2023,1931020,Pham Thi Nam,1
RENT_HCM_09419,15F-595.30,Honda,City,1/15/2026,1/19/2026,4582756,Ngo Van Dung,1
RENT_HCM_09420,16K-535.88,Kia,Soluto,5/12/2022,5/14/2022,2200392,Tran Thi Quyen,0
RENT_HCM_09421,75C-107.61,Vinfast,Fadil,9/25/2026,9/28/2026,1602987,Ngo Van Nam,1
RENT_HCM_09422,55B-647.43,Mazda,3,11/27/2021,12/3/2021,2859828,Dang Thi Binh,0
RENT_HCM_09423,27G-984.07,Ford,Ranger,8/24/2023,8/28/2023,1674652,Le Van Minh,1
RENT_HCM_09424,47D-840.33,Kia,Morning,6/14/2026,6/21/2026,7081144,Vu Van Giang,0
RENT_HCM_09425,91H-439.88,Mazda,CX-5,3/22/2021,3/29/2021,7544313,Bui Thi Phuc,2
RENT_HCM_09426,72K-221.19,Toyota,Innova,5/23/2026,5/28/2026,3332985,Hoang Van Hoa,0
RENT_HCM_09427,81A-639.94,Honda,City,5/2/2024,5/3/2024,981860,Bui Thi Cuong,2
RENT_HCM_09428,27B-423.19,Hyundai,Grand i10,7/22/2022,7/27/2022,5765170,Do Thi Oanh,3
RENT_HCM_09429,90A-485.48,Mazda,CX-5,7/26/2025,7/29/2025,2501040,Tran Thi Khoa,0
RENT_HCM_09430,77A-503.91,Mazda,3,4/14/2021,4/17/2021,2024565,Ngo Van Linh,1
RENT_HCM_09431,37K-262.20,Mazda,3,5/8/2024,5/13/2024,2485230,Nguyen Van Oanh,0
RENT_HCM_09432,11C-319.16,Toyota,Innova,9/11/2024,9/12/2024,457954,Vu Van Phuc,1
RENT_HCM_09433,38G-667.86,Mazda,3,4/10/2021,4/13/2021,1937073,Hoang Van Hoa,1
RENT_HCM_09434,40E-511.08,Honda,CR-V,8/29/2025,9/2/2025,2893044,Do Thi Giang,0
RENT_HCM_09435,47D-840.33,Kia,Morning,12/26/2024,1/2/2025,8069005,Le Van Dung,0
RENT_HCM_09436,27B-423.19,Hyundai,Grand i10,7/19/2021,7/22/2021,2461092,Pham Thi Dung,0
RENT_HCM_09437,73A-575.16,Ford,Ranger,10/10/2021,10/12/2021,2354506,Pham Thi Phong,1
RENT_HCM_09438,20K-624.55,Mazda,3,11/27/2025,11/30/2025,1539168,Ngo Van Khoa,0
RENT_HCM_09439,90A-463.29,Hyundai,i10,5/1/2022,5/3/2022,2198590,Hoang Van An,1
RENT_HCM_09440,63E-560.78,Kia,Morning,7/11/2024,7/16/2024,4587755,Do Thi Binh,0
RENT_HCM_09441,20A-146.45,Honda,City,1/3/2025,1/9/2025,5173002,Vu Van Minh,0
RENT_HCM_09442,49C-168.30,Vinfast,Fadil,5/25/2022,5/28/2022,1473429,Do Thi Nam,2
RENT_HCM_09443,91A-212.00,Hyundai,Grand i10,3/19/2026,3/26/2026,7920136,Pham Thi Linh,1
RENT_HCM_09444,50D-378.78,Vinfast,Lux A2.0,9/9/2024,9/16/2024,5160113,Le Van Phuc,1
RENT_HCM_09445,39A-767.06,Honda,CR-V,12/31/2023,1/7/2024,4085102,Le Van Binh,0
RENT_HCM_09446,96B-415.49,Mazda,3,4/9/2023,4/12/2023,2044839,Bui Thi Phuc,1
RENT_HCM_09447,72G-919.68,Toyota,Vios,7/19/2023,7/24/2023,2356380,Vu Van Dung,3
RENT_HCM_09448,28B-288.64,Hyundai,Accent,10/10/2024,10/12/2024,1531684,Do Thi Dung,1
RENT_HCM_09449,64C-859.87,Toyota,Vios,9/2/2023,9/6/2023,1729024,Dang Thi Quyen,3
RENT_HCM_09450,77F-485.44,Hyundai,i10,6/17/2025,6/24/2025,6539708,Dang Thi Minh,1
RENT_HCM_09451,28A-321.73,Hyundai,Accent,7/2/2024,7/3/2024,830287,Ngo Van Quyen,2
RENT_HCM_09452,65B-452.82,Toyota,Innova,5/4/2022,5/11/2022,6336582,Tran Thi Giang,0
RENT_HCM_09453,78C-146.78,Ford,Ranger,8/28/2022,9/2/2022,4544190,Bui Thi Nam,1
RENT_HCM_09454,34H-793.09,Mazda,CX-5,10/23/2023,10/28/2023,5168125,Bui Thi Phong,0
RENT_HCM_09455,26E-180.53,Hyundai,Accent,8/21/2023,8/22/2023,853818,Tran Thi Nam,1
RENT_HCM_09456,76G-211.58,Hyundai,Accent,7/3/2023,7/9/2023,4318668,Pham Thi Binh,0
RENT_HCM_09457,40A-169.95,Toyota,Vios,9/9/2023,9/13/2023,3003012,Le Van Minh,1
RENT_HCM_09458,38G-667.86,Mazda,3,2/15/2025,2/20/2025,3518185,Vu Van Phuc,1
RENT_HCM_09459,64C-859.87,Toyota,Vios,12/14/2022,12/21/2022,4084199,Vu Van Dung,0
RENT_HCM_09460,68C-733.66,Hyundai,Accent,7/3/2026,7/4/2026,836975,Do Thi Nam,0
RENT_HCM_09461,50F-310.34,Kia,Morning,11/4/2023,11/9/2023,4755920,Nguyen Van Em,2
RENT_HCM_09462,47E-150.60,Kia,Seltos,5/20/2024,5/26/2024,4835238,Vu Van Khoa,0
RENT_HCM_09463,35G-898.00,Vinfast,Fadil,7/21/2024,7/28/2024,3158386,Tran Thi Hoa,0
RENT_HCM_09464,91A-212.00,Hyundai,Grand i10,5/19/2022,5/23/2022,3066676,Do Thi Quyen,0
RENT_HCM_09465,23C-148.49,Hyundai,i10,3/28/2021,4/1/2021,3858248,Dang Thi Giang,0
RENT_HCM_09466,80G-716.32,Kia,Soluto,7/9/2024,7/14/2024,4739890,Do Thi Em,0
RENT_HCM_09467,39H-996.40,Honda,CR-V,7/13/2023,7/17/2023,4471464,Tran Thi Khoa,1
RENT_HCM_09468,90A-485.48,Mazda,CX-5,11/12/2025,11/16/2025,3495348,Le Van Dung,0
RENT_HCM_09469,40H-661.06,Mazda,3,6/13/2021,6/20/2021,7084588,Dang Thi Phuc,1
RENT_HCM_09470,87C-525.97,Ford,Ranger,6/4/2021,6/7/2021,1557501,Vu Van Hoa,0
RENT_HCM_09471,14C-459.98,Ford,EcoSport,5/11/2025,5/13/2025,1836748,Nguyen Van Phong,0
RENT_HCM_09472,63A-217.47,Hyundai,i10,6/5/2024,6/12/2024,7722533,Pham Thi Khoa,0
RENT_HCM_09473,64K-177.33,Vinfast,Lux A2.0,4/4/2025,4/5/2025,911117,Hoang Van Nam,0
RENT_HCM_09474,73A-575.16,Ford,Ranger,6/29/2026,7/5/2026,5714304,Le Van Nam,1
RENT_HCM_09475,99C-732.83,Ford,EcoSport,6/16/2021,6/21/2021,5956930,Ngo Van Oanh,1
RENT_HCM_09476,49F-678.30,Vinfast,Lux A2.0,8/12/2024,8/15/2024,2918730,Nguyen Van Oanh,0
RENT_HCM_09477,72G-969.58,Toyota,Vios,10/14/2023,10/20/2023,3217908,Do Thi Linh,0
RENT_HCM_09478,39K-469.95,Mazda,CX-5,3/15/2025,3/22/2025,7942424,Hoang Van Minh,0
RENT_HCM_09479,74A-942.98,Hyundai,Accent,10/13/2024,10/19/2024,5797122,Le Van Oanh,2
RENT_HCM_09480,49D-328.28,Kia,Morning,12/14/2022,12/16/2022,2386156,Nguyen Van Minh,1
RENT_HCM_09481,94G-517.12,Mazda,CX-5,7/27/2024,8/3/2024,5844958,Hoang Van An,1
RENT_HCM_09482,18A-563.17,Toyota,Innova,6/18/2025,6/23/2025,3224810,Bui Thi Quyen,1
RENT_HCM_09483,82K-162.58,Mazda,CX-5,2/9/2025,2/10/2025,684778,Vu Van Quyen,1
RENT_HCM_09484,89C-852.67,Vinfast,Fadil,3/29/2025,3/31/2025,874284,Ngo Van Dung,1
RENT_HCM_09485,39K-469.95,Mazda,CX-5,5/27/2021,5/30/2021,1602471,Bui Thi An,0
RENT_HCM_09486,87B-650.29,Toyota,Camry,11/20/2024,11/27/2024,6041833,Nguyen Van An,2
RENT_HCM_09487,66F-164.86,Kia,Soluto,11/29/2025,12/5/2025,6102522,Dang Thi Binh,1
RENT_HCM_09488,16K-535.88,Kia,Soluto,10/28/2023,11/2/2023,3809325,Dang Thi Giang,0
RENT_HCM_09489,87B-373.03,Honda,City,1/18/2026,1/20/2026,1285486,Do Thi Hoa,0
RENT_HCM_09490,55K-383.25,Mazda,3,10/7/2023,10/9/2023,1693260,Hoang Van Dung,1
RENT_HCM_09491,45C-536.55,Ford,EcoSport,1/24/2021,1/26/2021,1277934,Pham Thi An,3
RENT_HCM_09492,97D-214.30,Honda,CR-V,12/13/2023,12/19/2023,4999758,Ngo Van Phuc,0
RENT_HCM_09493,26D-656.30,Honda,City,3/1/2026,3/3/2026,2209180,Dang Thi Phuc,0
RENT_HCM_09494,26D-656.30,Honda,City,3/15/2024,3/16/2024,1103185,Vu Van Phong,0
RENT_HCM_09495,62G-115.18,Ford,Ranger,7/18/2022,7/20/2022,943292,Dang Thi Hoa,1
RENT_HCM_09496,18A-563.17,Toyota,Innova,5/18/2024,5/21/2024,2633046,Do Thi Linh,2
RENT_HCM_09497,94G-517.12,Mazda,CX-5,4/10/2024,4/12/2024,1715824,Vu Van Linh,0
RENT_HCM_09498,18H-105.04,Hyundai,i10,8/26/2025,9/1/2025,5111124,Vu Van Binh,2
RENT_HCM_09499,63E-560.78,Kia,Morning,7/21/2025,7/24/2025,2970954,Nguyen Van Oanh,0
RENT_HCM_09500,89G-388.88,Hyundai,Accent,9/2/2026,9/7/2026,4327465,Nguyen Van Dung,1
RENT_HCM_09501,68K-951.28,Hyundai,i10,3/5/2024,3/6/2024,840724,Dang Thi Hoa,0
RENT_HCM_09502,32K-304.31,Kia,Morning,6/1/2022,6/4/2022,3095208,Do Thi Nam,1
RENT_HCM_09503,21G-202.34,Honda,City,5/28/2021,5/29/2021,453493,Pham Thi Minh,0
RENT_HCM_09504,41C-516.21,Hyundai,i10,4/11/2023,4/17/2023,5569956,Pham Thi Nam,0
RENT_HCM_09505,72K-707.72,Toyota,Camry,6/12/2021,6/19/2021,6432335,Nguyen Van Binh,0
RENT_HCM_09506,23G-543.44,Hyundai,i10,7/12/2024,7/16/2024,2037464,Le Van Khoa,1
RENT_HCM_09507,86B-468.95,Toyota,Camry,8/26/2023,8/28/2023,1229308,Pham Thi Cuong,2
RENT_HCM_09508,57C-660.60,Toyota,Vios,6/13/2024,6/15/2024,1543894,Bui Thi Linh,1
RENT_HCM_09509,21K-767.03,Hyundai,i10,6/5/2025,6/8/2025,1610838,Pham Thi Nam,1
RENT_HCM_09510,46C-855.60,Vinfast,Fadil,5/4/2022,5/10/2022,5204262,Dang Thi Em,0
RENT_HCM_09511,88K-102.81,Hyundai,Accent,3/18/2026,3/19/2026,939520,Ngo Van Dung,1
RENT_HCM_09512,77C-211.72,Kia,Seltos,1/6/2022,1/12/2022,4992906,Ngo Van Oanh,2
RENT_HCM_09513,62K-469.95,Vinfast,Fadil,2/13/2025,2/15/2025,2037808,Nguyen Van Nam,0
RENT_HCM_09514,11C-319.16,Toyota,Innova,3/12/2021,3/19/2021,3244563,Pham Thi Em,0
RENT_HCM_09515,28D-108.89,Hyundai,i10,11/12/2024,11/15/2024,2337069,Vu Van Minh,0
RENT_HCM_09516,47D-840.33,Kia,Morning,8/31/2023,9/6/2023,3931746,Bui Thi Quyen,0
RENT_HCM_09517,43G-993.34,Kia,Soluto,5/7/2026,5/9/2026,2281974,Pham Thi Binh,1
RENT_HCM_09518,40G-744.81,Honda,City,4/17/2021,4/18/2021,438087,Tran Thi Oanh,3
RENT_HCM_09519,82K-625.14,Honda,City,3/12/2023,3/16/2023,2661628,Hoang Van Dung,0
RENT_HCM_09520,30K-166.87,Hyundai,Accent,12/30/2024,1/2/2025,3064473,Le Van Phuc,2
RENT_HCM_09521,65B-452.82,Toyota,Innova,5/24/2026,5/30/2026,7118202,Do Thi Hoa,0
RENT_HCM_09522,40B-456.25,Hyundai,i10,2/10/2026,2/16/2026,3205752,Tran Thi Cuong,0
RENT_HCM_09523,73A-575.16,Ford,Ranger,10/30/2021,11/2/2021,2363910,Dang Thi Nam,1
RENT_HCM_09524,87B-373.03,Honda,City,6/6/2023,6/9/2023,2514069,Pham Thi Minh,1
RENT_HCM_09525,85H-903.18,Kia,Morning,9/29/2021,10/2/2021,2330829,Hoang Van Cuong,1
RENT_HCM_09526,20A-146.45,Honda,City,8/8/2025,8/13/2025,3372775,Do Thi An,2
RENT_HCM_09527,11C-493.44,Mazda,3,10/1/2024,10/3/2024,1806912,Ngo Van Nam,1
RENT_HCM_09528,32F-733.46,Toyota,Vios,6/5/2025,6/10/2025,5188760,Tran Thi Linh,1
RENT_HCM_09529,47D-840.33,Kia,Morning,10/5/2024,10/7/2024,1831006,Hoang Van Khoa,1
RENT_HCM_09530,90D-598.73,Toyota,Innova,1/30/2025,2/6/2025,6130992,Hoang Van Khoa,0
RENT_HCM_09531,96E-688.41,Toyota,Innova,11/1/2024,11/3/2024,1654848,Bui Thi An,1
RENT_HCM_09532,53E-229.68,Vinfast,Fadil,2/14/2023,2/20/2023,3642576,Le Van Dung,0
RENT_HCM_09533,42D-602.47,Honda,City,8/6/2026,8/12/2026,6113736,Hoang Van Phuc,1
RENT_HCM_09534,21K-767.03,Hyundai,i10,5/31/2024,6/1/2024,461219,Do Thi An,0
RENT_HCM_09535,71D-707.45,Mazda,3,11/17/2025,11/23/2025,5917110,Le Van Phuc,2
RENT_HCM_09536,30K-166.87,Hyundai,Accent,3/9/2021,3/16/2021,6169723,Nguyen Van Phuc,0
RENT_HCM_09537,63A-217.47,Hyundai,i10,8/21/2021,8/24/2021,2041968,Bui Thi Dung,2
RENT_HCM_09538,85C-925.94,Hyundai,Grand i10,5/30/2023,6/6/2023,7390201,Le Van Minh,1
RENT_HCM_09539,49E-348.68,Kia,Soluto,4/25/2023,4/28/2023,1866084,Pham Thi Phuc,0
RENT_HCM_09540,37K-262.20,Mazda,3,12/19/2025,12/24/2025,2009485,Tran Thi Khoa,1
RENT_HCM_09541,37E-977.04,Mazda,3,8/14/2026,8/20/2026,6110964,Hoang Van Dung,0
RENT_HCM_09542,86E-413.23,Toyota,Vios,6/8/2022,6/10/2022,2145700,Pham Thi Hoa,0
RENT_HCM_09543,85H-903.18,Kia,Morning,8/30/2021,9/3/2021,3138772,Pham Thi An,0
RENT_HCM_09544,15F-595.30,Honda,City,12/24/2022,12/31/2022,6960534,Bui Thi Dung,1
RENT_HCM_09545,68C-733.66,Hyundai,Accent,5/18/2024,5/20/2024,2051660,Le Van Minh,0
RENT_HCM_09546,83F-155.85,Vinfast,Fadil,7/28/2026,8/2/2026,2598140,Tran Thi Linh,0
RENT_HCM_09547,22G-155.46,Hyundai,i10,10/20/2025,10/26/2025,4585878,Hoang Van An,1
RENT_HCM_09548,21G-202.34,Honda,City,9/21/2026,9/26/2026,2014685,Pham Thi Minh,0
RENT_HCM_09549,62K-469.95,Vinfast,Fadil,5/30/2023,6/3/2023,3069620,Pham Thi An,0
RENT_HCM_09550,86C-265.81,Ford,Ranger,4/26/2025,4/27/2025,443654,Pham Thi Cuong,0
RENT_HCM_09551,31G-307.19,Honda,City,6/4/2022,6/6/2022,2238652,Pham Thi Quyen,0
RENT_HCM_09552,76B-763.75,Honda,City,4/24/2026,4/26/2026,1870538,Nguyen Van Phuc,0
RENT_HCM_09553,80H-858.85,Ford,Ranger,5/25/2025,5/29/2025,1929116,Vu Van Linh,1
RENT_HCM_09554,27H-701.29,Toyota,Camry,9/5/2026,9/7/2026,1323992,Dang Thi Cuong,0
RENT_HCM_09555,59A-901.69,Kia,Soluto,2/19/2026,2/26/2026,3804668,Bui Thi Linh,1
RENT_HCM_09556,86E-413.23,Toyota,Vios,10/3/2023,10/8/2023,3828970,Tran Thi Nam,3
RENT_HCM_09557,32F-733.46,Toyota,Vios,10/31/2025,11/6/2025,4820214,Dang Thi Oanh,1
RENT_HCM_09558,39K-469.95,Mazda,CX-5,4/1/2024,4/7/2024,3744522,Bui Thi Hoa,0
RENT_HCM_09559,16K-535.88,Kia,Soluto,3/28/2022,4/3/2022,3883908,Do Thi Em,2
RENT_HCM_09560,29C-652.72,Mazda,3,12/26/2021,12/28/2021,996378,Tran Thi Phong,2
RENT_HCM_09561,11H-964.02,Ford,Ranger,9/19/2022,9/22/2022,3306597,Nguyen Van Oanh,2
RENT_HCM_09562,18E-187.25,Mazda,3,10/22/2021,10/27/2021,5540490,Vu Van Oanh,3
RENT_HCM_09563,22B-585.78,Ford,EcoSport,12/14/2021,12/18/2021,3288200,Tran Thi Nam,2
RENT_HCM_09564,72K-221.19,Toyota,Innova,3/15/2022,3/18/2022,3215202,Hoang Van Cuong,3
RENT_HCM_09565,45F-232.07,Vinfast,Lux A2.0,11/3/2022,11/4/2022,520236,Bui Thi An,0
RENT_HCM_09566,87C-525.97,Ford,Ranger,6/15/2026,6/19/2026,4047904,Dang Thi Khoa,0
RENT_HCM_09567,25D-448.59,Vinfast,Lux A2.0,4/13/2025,4/19/2025,3683376,Pham Thi Cuong,0
RENT_HCM_09568,59B-706.42,Toyota,Vios,5/27/2024,5/30/2024,2688282,Tran Thi Oanh,2
RENT_HCM_09569,35G-898.00,Vinfast,Fadil,2/7/2023,2/11/2023,4539276,Pham Thi Cuong,0
RENT_HCM_09570,38G-497.95,Kia,Soluto,10/20/2022,10/26/2022,6961308,Hoang Van Linh,1
RENT_HCM_09571,40A-169.95,Toyota,Vios,3/7/2026,3/11/2026,3676320,Ngo Van Phong,0
RENT_HCM_09572,74A-942.98,Hyundai,Accent,5/11/2021,5/15/2021,3811704,Ngo Van Dung,0
RENT_HCM_09573,90A-463.29,Hyundai,i10,10/23/2024,10/25/2024,1161590,Nguyen Van Giang,0
RENT_HCM_09574,81H-361.56,Vinfast,Lux A2.0,6/2/2021,6/9/2021,7196091,Vu Van Khoa,2
RENT_HCM_09575,78C-146.78,Ford,Ranger,7/12/2026,7/18/2026,4050468,Bui Thi Nam,0
RENT_HCM_09576,74A-942.98,Hyundai,Accent,9/10/2025,9/17/2025,2917782,Bui Thi Oanh,0
RENT_HCM_09577,86E-413.23,Toyota,Vios,4/14/2023,4/15/2023,986369,Tran Thi Nam,1
RENT_HCM_09578,14G-415.24,Hyundai,i10,8/13/2021,8/14/2021,679368,Nguyen Van Binh,0
RENT_HCM_09579,11C-493.44,Mazda,3,1/31/2024,2/4/2024,1997312,Ngo Van Phong,2
RENT_HCM_09580,53K-126.49,Toyota,Innova,6/27/2022,7/3/2022,2999340,Nguyen Van An,0
RENT_HCM_09581,89C-852.67,Vinfast,Fadil,9/24/2026,10/1/2026,5991391,Do Thi Nam,0
RENT_HCM_09582,12G-744.89,Mazda,CX-5,8/11/2024,8/12/2024,884438,Ngo Van Giang,1
RENT_HCM_09583,90A-463.29,Hyundai,i10,9/13/2024,9/14/2024,648697,Bui Thi Khoa,0
RENT_HCM_09584,37F-841.13,Kia,Morning,7/23/2024,7/26/2024,3183597,Nguyen Van An,2
RENT_HCM_09585,73A-575.16,Ford,Ranger,4/2/2023,4/8/2023,7062828,Nguyen Van Quyen,3
RENT_HCM_09586,38G-497.95,Kia,Soluto,5/23/2024,5/24/2024,519656,Pham Thi Nam,0
RENT_HCM_09587,95H-477.98,Kia,Seltos,3/21/2021,3/23/2021,1539862,Le Van Dung,1
RENT_HCM_09588,66E-447.50,Mazda,CX-5,2/8/2025,2/13/2025,2116740,Ngo Van Phong,0
RENT_HCM_09589,49C-168.30,Vinfast,Fadil,10/28/2023,11/2/2023,2706060,Dang Thi Cuong,1
RENT_HCM_09590,16K-690.45,Vinfast,Lux A2.0,7/12/2025,7/14/2025,1952222,Le Van Oanh,1
RENT_HCM_09591,95B-546.55,Hyundai,Accent,3/23/2026,3/30/2026,3976392,Ngo Van An,1
RENT_HCM_09592,25D-448.59,Vinfast,Lux A2.0,11/20/2021,11/26/2021,3274350,Tran Thi Dung,1
RENT_HCM_09593,95B-546.55,Hyundai,Accent,9/8/2023,9/12/2023,3730160,Do Thi Khoa,0
RENT_HCM_09594,94D-176.27,Ford,Ranger,9/25/2022,9/29/2022,4698752,Hoang Van Em,0
RENT_HCM_09595,98B-587.88,Vinfast,Fadil,9/29/2024,10/1/2024,1236912,Vu Van Hoa,0
RENT_HCM_09596,89C-852.67,Vinfast,Fadil,1/26/2025,1/27/2025,593759,Tran Thi Giang,0
RENT_HCM_09597,93A-482.11,Toyota,Camry,3/5/2025,3/11/2025,5637486,Vu Van Khoa,2
RENT_HCM_09598,90A-463.29,Hyundai,i10,10/12/2022,10/13/2022,642941,Tran Thi Oanh,1
RENT_HCM_09599,21G-202.34,Honda,City,7/23/2022,7/26/2022,2059497,Hoang Van Hoa,2
RENT_HCM_09600,21A-335.92,Vinfast,Fadil,3/30/2021,3/31/2021,812013,Le Van Cuong,0
RENT_HCM_09601,32K-304.31,Kia,Morning,4/30/2022,5/1/2022,1121291,Dang Thi Phong,0
RENT_HCM_09602,40E-511.08,Honda,CR-V,3/18/2021,3/25/2021,2972963,Nguyen Van Cuong,0
RENT_HCM_09603,39H-896.77,Toyota,Vios,11/29/2025,12/3/2025,2893320,Dang Thi Dung,0
RENT_HCM_09604,36K-772.94,Ford,EcoSport,2/28/2026,3/5/2026,2701535,Ngo Van Khoa,0
RENT_HCM_09605,63A-217.47,Hyundai,i10,5/27/2024,5/29/2024,1572198,Tran Thi Oanh,0
RENT_HCM_09606,35G-898.00,Vinfast,Fadil,6/4/2025,6/9/2025,5041665,Ngo Van Phuc,0
RENT_HCM_09607,18C-484.21,Ford,Ranger,10/14/2024,10/19/2024,3667880,Le Van An,1
RENT_HCM_09608,55B-647.43,Mazda,3,9/6/2022,9/7/2022,489773,Vu Van Khoa,0
RENT_HCM_09609,39C-734.09,Ford,EcoSport,3/27/2021,4/1/2021,2837240,Do Thi Em,2
RENT_HCM_09610,36D-337.43,Vinfast,Lux A2.0,11/23/2022,11/29/2022,6021936,Vu Van Oanh,2
RENT_HCM_09611,75C-107.61,Vinfast,Fadil,4/24/2024,5/1/2024,3779020,Do Thi Nam,0
RENT_HCM_09612,72G-919.68,Toyota,Vios,9/4/2023,9/8/2023,2972008,Pham Thi Phuc,0
RENT_HCM_09613,86G-330.15,Toyota,Vios,3/16/2024,3/21/2024,3508685,Ngo Van Phong,0
RENT_HCM_09614,34H-793.09,Mazda,CX-5,8/10/2022,8/17/2022,3992212,Nguyen Van Cuong,2
RENT_HCM_09615,56B-609.78,Honda,CR-V,6/22/2026,6/23/2026,835429,Le Van Cuong,0
RENT_HCM_09616,95H-477.98,Kia,Seltos,8/16/2021,8/21/2021,4408175,Hoang Van Hoa,0
RENT_HCM_09617,72D-907.40,Hyundai,i10,1/21/2024,1/24/2024,2655537,Vu Van Linh,2
RENT_HCM_09618,24A-243.28,Hyundai,Grand i10,12/25/2024,12/28/2024,2618811,Nguyen Van Nam,2
RENT_HCM_09619,40H-661.06,Mazda,3,7/5/2026,7/10/2026,3786545,Hoang Van An,0
RENT_HCM_09620,13E-299.60,Honda,CR-V,7/19/2026,7/24/2026,4735510,Le Van Cuong,0
RENT_HCM_09621,26D-656.30,Honda,City,11/3/2022,11/8/2022,3215950,Do Thi Phuc,1
RENT_HCM_09622,22G-155.46,Hyundai,i10,12/11/2022,12/16/2022,5894460,Ngo Van Giang,1
RENT_HCM_09623,94D-176.27,Ford,Ranger,1/6/2021,1/11/2021,4538590,Ngo Van Khoa,1
RENT_HCM_09624,76B-763.75,Honda,City,7/11/2025,7/16/2025,3810455,Pham Thi Giang,1
RENT_HCM_09625,74D-805.08,Hyundai,Accent,2/20/2021,2/27/2021,5969789,Le Van Phuc,0
RENT_HCM_09626,65B-452.82,Toyota,Innova,2/5/2023,2/9/2023,3761640,Dang Thi Phuc,1
RENT_HCM_09627,12E-196.98,Ford,EcoSport,3/27/2026,4/1/2026,3889325,Nguyen Van Giang,1
RENT_HCM_09628,64C-859.87,Toyota,Vios,1/1/2023,1/5/2023,3502508,Bui Thi An,1
RENT_HCM_09629,37F-841.13,Kia,Morning,5/11/2026,5/17/2026,4097544,Nguyen Van Phuc,0
RENT_HCM_09630,31F-834.71,Hyundai,Grand i10,7/14/2026,7/20/2026,6679770,Hoang Van Minh,0
RENT_HCM_09631,32D-394.35,Toyota,Vios,2/28/2025,3/1/2025,622461,Vu Van Nam,0
RENT_HCM_09632,36E-560.60,Toyota,Vios,7/13/2025,7/14/2025,622546,Bui Thi Phong,0
RENT_HCM_09633,87C-525.97,Ford,Ranger,3/13/2022,3/19/2022,3191628,Ngo Van Quyen,0
RENT_HCM_09634,40G-744.81,Honda,City,8/10/2023,8/12/2023,1141658,Nguyen Van Phong,1
RENT_HCM_09635,13C-595.73,Vinfast,Lux A2.0,12/24/2021,12/28/2021,2923420,Do Thi Minh,0
RENT_HCM_09636,25D-448.59,Vinfast,Lux A2.0,3/29/2023,4/1/2023,2246961,Ngo Van Khoa,0
RENT_HCM_09637,28B-378.39,Toyota,Innova,6/5/2022,6/7/2022,1633904,Dang Thi Quyen,0
RENT_HCM_09638,31G-307.19,Honda,City,10/19/2025,10/26/2025,4567955,Tran Thi Quyen,0
RENT_HCM_09639,14C-459.98,Ford,EcoSport,7/29/2026,8/4/2026,4864764,Bui Thi Binh,0
RENT_HCM_09640,63A-217.47,Hyundai,i10,4/18/2024,4/25/2024,6813142,Le Van Oanh,0
RENT_HCM_09641,48B-706.17,Toyota,Camry,9/21/2025,9/25/2025,1831656,Vu Van Phong,0
RENT_HCM_09642,11C-738.22,Vinfast,Fadil,4/15/2026,4/19/2026,2761176,Do Thi Cuong,2
RENT_HCM_09643,72H-414.63,Ford,Ranger,1/26/2021,2/2/2021,5525968,Vu Van Giang,0
RENT_HCM_09644,13C-595.73,Vinfast,Lux A2.0,5/21/2021,5/27/2021,4364712,Hoang Van Khoa,0
RENT_HCM_09645,20A-146.45,Honda,City,6/27/2022,7/3/2022,7039998,Pham Thi Nam,0
RENT_HCM_09646,18E-187.25,Mazda,3,8/26/2026,8/31/2026,5214210,Vu Van Phong,0
RENT_HCM_09647,76G-211.58,Hyundai,Accent,8/10/2021,8/13/2021,1883064,Dang Thi Giang,0
RENT_HCM_09648,13C-595.73,Vinfast,Lux A2.0,2/20/2023,2/21/2023,991043,Vu Van An,2
RENT_HCM_09649,32F-733.46,Toyota,Vios,1/30/2023,1/31/2023,1061662,Do Thi Em,0
RENT_HCM_09650,51G-626.30,Vinfast,Lux A2.0,11/5/2025,11/12/2025,5907251,Le Van Hoa,0
RENT_HCM_09651,95C-492.50,Toyota,Innova,1/14/2021,1/18/2021,2494432,Ngo Van Linh,3
RENT_HCM_09652,31G-307.19,Honda,City,1/13/2026,1/16/2026,1844277,Dang Thi Hoa,0
RENT_HCM_09653,59C-409.49,Honda,CR-V,12/5/2023,12/11/2023,3798600,Pham Thi Phong,1
RENT_HCM_09654,21A-335.92,Vinfast,Fadil,8/14/2025,8/16/2025,2354754,Tran Thi Giang,1
RENT_HCM_09655,90F-168.01,Toyota,Vios,4/27/2021,4/29/2021,1240092,Do Thi Giang,1
RENT_HCM_09656,35G-898.00,Vinfast,Fadil,7/9/2025,7/11/2025,1050128,Bui Thi Giang,1
RENT_HCM_09657,68A-105.33,Toyota,Innova,12/8/2022,12/14/2022,4308438,Nguyen Van Phuc,1
RENT_HCM_09658,85H-903.18,Kia,Morning,9/20/2025,9/24/2025,1608052,Vu Van Minh,1
RENT_HCM_09659,62K-469.95,Vinfast,Fadil,8/22/2023,8/26/2023,3438268,Do Thi Giang,0
RENT_HCM_09660,36F-989.46,Mazda,3,6/18/2025,6/19/2025,516448,Dang Thi Phong,0
RENT_HCM_09661,56B-609.78,Honda,CR-V,11/7/2024,11/8/2024,1073952,Vu Van Phong,1
RENT_HCM_09662,40B-456.25,Hyundai,i10,4/6/2023,4/11/2023,3161215,Hoang Van Nam,2
RENT_HCM_09663,77B-234.63,Mazda,3,10/21/2024,10/23/2024,2058878,Nguyen Van Em,1
RENT_HCM_09664,69D-543.35,Honda,City,9/10/2026,9/13/2026,2309034,Ngo Van Minh,2
RENT_HCM_09665,28D-108.89,Hyundai,i10,9/19/2025,9/23/2025,3719480,Vu Van Cuong,0
RENT_HCM_09666,63A-217.47,Hyundai,i10,6/28/2025,6/30/2025,1159676,Pham Thi Phuc,0
RENT_HCM_09667,11C-738.22,Vinfast,Fadil,1/29/2024,2/4/2024,4808442,Le Van Em,1
RENT_HCM_09668,22E-897.25,Mazda,CX-5,8/17/2025,8/23/2025,4581732,Do Thi Oanh,0
RENT_HCM_09669,25B-454.15,Toyota,Innova,1/21/2023,1/26/2023,4249120,Pham Thi Giang,0
RENT_HCM_09670,25D-575.36,Hyundai,Accent,9/15/2023,9/17/2023,982184,Le Van Khoa,1
RENT_HCM_09671,11C-738.22,Vinfast,Fadil,11/12/2021,11/15/2021,2824536,Nguyen Van Binh,2
RENT_HCM_09672,77F-485.44,Hyundai,i10,9/26/2021,9/30/2021,1891496,Pham Thi Binh,0
RENT_HCM_09673,47D-840.33,Kia,Morning,7/15/2025,7/22/2025,8274406,Le Van Minh,0
RENT_HCM_09674,15F-595.30,Honda,City,6/7/2024,6/10/2024,3479574,Nguyen Van Minh,0
RENT_HCM_09675,77B-234.63,Mazda,3,5/9/2026,5/10/2026,949897,Vu Van Cuong,0
RENT_HCM_09676,91A-212.00,Hyundai,Grand i10,6/25/2024,7/2/2024,5930778,Hoang Van Dung,1
RENT_HCM_09677,72C-183.23,Ford,Ranger,2/16/2022,2/22/2022,2605338,Hoang Van Dung,0
RENT_HCM_09678,66E-447.50,Mazda,CX-5,3/20/2023,3/26/2023,3391350,Ngo Van Khoa,2
RENT_HCM_09679,89G-388.88,Hyundai,Accent,3/23/2024,3/27/2024,2272508,Do Thi Nam,1
RENT_HCM_09680,68A-105.33,Toyota,Innova,6/14/2024,6/19/2024,4370090,Tran Thi Quyen,1
RENT_HCM_09681,77A-503.91,Mazda,3,2/4/2025,2/8/2025,1833672,Pham Thi An,0
RENT_HCM_09682,31A-995.79,Mazda,3,4/15/2023,4/20/2023,2936790,Le Van An,2
RENT_HCM_09683,27G-984.07,Ford,Ranger,11/29/2025,12/3/2025,3179600,Dang Thi Em,1
RENT_HCM_09684,51G-626.30,Vinfast,Lux A2.0,2/28/2023,3/5/2023,4450945,Do Thi Khoa,3
RENT_HCM_09685,77A-503.91,Mazda,3,1/27/2023,2/3/2023,7822094,Nguyen Van Hoa,3
RENT_HCM_09686,40B-456.25,Hyundai,i10,12/30/2024,1/4/2025,3195740,Hoang Van Quyen,2
RENT_HCM_09687,32F-733.46,Toyota,Vios,3/17/2024,3/19/2024,1270616,Vu Van Hoa,3
RENT_HCM_09688,73D-927.45,Mazda,CX-5,5/15/2024,5/22/2024,3325301,Pham Thi Quyen,0
RENT_HCM_09689,16K-535.88,Kia,Soluto,10/15/2023,10/19/2023,3740940,Dang Thi Quyen,1
RENT_HCM_09690,92F-931.00,Vinfast,Lux A2.0,5/12/2026,5/13/2026,817313,Nguyen Van Em,0
RENT_HCM_09691,59B-706.42,Toyota,Vios,9/25/2026,10/1/2026,4404864,Hoang Van Oanh,1
RENT_HCM_09692,64F-676.74,Hyundai,Accent,8/21/2023,8/23/2023,1562896,Tran Thi Hoa,1
RENT_HCM_09693,93F-865.25,Mazda,3,9/14/2026,9/20/2026,5005356,Tran Thi Phong,0
RENT_HCM_09694,49E-348.68,Kia,Soluto,10/5/2023,10/10/2023,2748350,Hoang Van Quyen,0
RENT_HCM_09695,38G-497.95,Kia,Soluto,4/19/2026,4/23/2026,2490924,Tran Thi Giang,2
RENT_HCM_09696,21K-767.03,Hyundai,i10,3/22/2024,3/24/2024,1107998,Le Van An,0
RENT_HCM_09697,39H-996.40,Honda,CR-V,6/12/2026,6/14/2026,2065468,Bui Thi Khoa,1
RENT_HCM_09698,75C-107.61,Vinfast,Fadil,2/8/2024,2/10/2024,1811642,Ngo Van Khoa,1
RENT_HCM_09699,62B-172.41,Kia,Soluto,2/18/2021,2/24/2021,6159786,Dang Thi Dung,0
RENT_HCM_09700,19K-348.27,Hyundai,i10,3/16/2023,3/21/2023,5769100,Tran Thi Oanh,0
RENT_HCM_09701,13H-835.85,Ford,EcoSport,5/29/2025,6/2/2025,3123028,Dang Thi Hoa,1
RENT_HCM_09702,21K-767.03,Hyundai,i10,3/15/2023,3/21/2023,4505052,Pham Thi Binh,2
RENT_HCM_09703,22G-155.46,Hyundai,i10,9/14/2022,9/18/2022,4755080,Ngo Van Binh,0
RENT_HCM_09704,78C-146.78,Ford,Ranger,3/23/2024,3/25/2024,1589006,Hoang Van Dung,1
RENT_HCM_09705,28B-378.39,Toyota,Innova,11/28/2022,11/29/2022,669866,Ngo Van Phong,2
RENT_HCM_09706,82E-939.56,Hyundai,Accent,12/17/2024,12/19/2024,1996032,Tran Thi An,0
RENT_HCM_09707,25D-448.59,Vinfast,Lux A2.0,9/26/2025,9/29/2025,2156352,Ngo Van An,1
RENT_HCM_09708,24A-243.28,Hyundai,Grand i10,7/10/2026,7/16/2026,2736546,Pham Thi Khoa,0
RENT_HCM_09709,69F-764.42,Mazda,CX-5,11/3/2023,11/7/2023,4275936,Do Thi Binh,0
RENT_HCM_09710,22B-585.78,Ford,EcoSport,12/23/2022,12/28/2022,4001895,Pham Thi Nam,0
RENT_HCM_09711,68K-951.28,Hyundai,i10,11/6/2024,11/12/2024,3516504,Do Thi An,3
RENT_HCM_09712,40H-661.06,Mazda,3,12/10/2023,12/11/2023,893836,Vu Van Hoa,0
RENT_HCM_09713,18H-105.04,Hyundai,i10,4/12/2026,4/15/2026,1545636,Pham Thi Phong,3
RENT_HCM_09714,66E-447.50,Mazda,CX-5,6/26/2025,7/3/2025,3159380,Dang Thi Phuc,0
RENT_HCM_09715,31A-995.79,Mazda,3,3/4/2025,3/11/2025,3376884,Ngo Van An,0
RENT_HCM_09716,49D-328.28,Kia,Morning,5/23/2022,5/24/2022,1069445,Tran Thi Phuc,1
RENT_HCM_09717,25A-321.29,Toyota,Innova,8/8/2026,8/13/2026,3035685,Nguyen Van An,3
RENT_HCM_09718,31F-834.71,Hyundai,Grand i10,8/22/2025,8/26/2025,3727576,Pham Thi Hoa,2
RENT_HCM_09719,38E-944.15,Mazda,3,2/21/2023,2/26/2023,4278190,Pham Thi Giang,0
RENT_HCM_09720,30E-325.25,Kia,Morning,9/28/2025,10/3/2025,4513485,Pham Thi Quyen,0
RENT_HCM_09721,32K-304.31,Kia,Morning,5/19/2026,5/24/2026,2209005,Vu Van Em,2
RENT_HCM_09722,62G-115.18,Ford,Ranger,5/29/2024,6/3/2024,2580665,Do Thi Khoa,1
RENT_HCM_09723,27H-701.29,Toyota,Camry,3/22/2023,3/28/2023,3883698,Le Van Nam,0
RENT_HCM_09724,46E-807.16,Honda,City,12/4/2025,12/5/2025,838587,Nguyen Van An,1
RENT_HCM_09725,53K-126.49,Toyota,Innova,3/9/2022,3/15/2022,5065050,Nguyen Van Quyen,0
RENT_HCM_09726,68A-588.72,Ford,EcoSport,11/21/2022,11/25/2022,3433716,Pham Thi Phuc,0
RENT_HCM_09727,96D-497.47,Hyundai,i10,4/23/2023,4/30/2023,2951123,Dang Thi Nam,2
RENT_HCM_09728,25D-575.36,Hyundai,Accent,10/6/2024,10/7/2024,467135,Dang Thi Cuong,0
RENT_HCM_09729,68A-588.72,Ford,EcoSport,5/16/2023,5/22/2023,6883008,Ngo Van Linh,2
RENT_HCM_09730,72G-969.58,Toyota,Vios,7/29/2022,7/31/2022,2046194,Dang Thi Khoa,1
RENT_HCM_09731,87B-373.03,Honda,City,1/30/2024,2/5/2024,4235466,Tran Thi An,2
RENT_HCM_09732,68A-588.72,Ford,EcoSport,7/12/2022,7/14/2022,1961796,Bui Thi Linh,0
RENT_HCM_09733,39K-469.95,Mazda,CX-5,4/18/2024,4/25/2024,7283717,Vu Van An,0
RENT_HCM_09734,87B-373.03,Honda,City,8/20/2025,8/22/2025,914134,Hoang Van Dung,1
RENT_HCM_09735,77C-680.84,Honda,City,2/20/2026,2/26/2026,5372706,Bui Thi Minh,0
RENT_HCM_09736,51G-626.30,Vinfast,Lux A2.0,8/9/2023,8/14/2023,3733925,Vu Van Cuong,1
RENT_HCM_09737,39H-896.77,Toyota,Vios,7/10/2022,7/15/2022,3506115,Vu Van Quyen,1
RENT_HCM_09738,40H-661.06,Mazda,3,4/5/2021,4/10/2021,5283310,Ngo Van Oanh,0
RENT_HCM_09739,34H-793.09,Mazda,CX-5,1/11/2025,1/15/2025,4036692,Tran Thi Minh,1
RENT_HCM_09740,89C-852.67,Vinfast,Fadil,8/3/2025,8/4/2025,716692,Dang Thi Linh,2
RENT_HCM_09741,50F-310.34,Kia,Morning,1/11/2024,1/17/2024,6587256,Dang Thi Em,0
RENT_HCM_09742,91A-212.00,Hyundai,Grand i10,8/4/2021,8/7/2021,1468959,Pham Thi Hoa,0
RENT_HCM_09743,25B-454.15,Toyota,Innova,11/11/2025,11/18/2025,8152529,Nguyen Van Binh,1
RENT_HCM_09744,40B-456.25,Hyundai,i10,4/21/2021,4/28/2021,3081694,Pham Thi Oanh,1
RENT_HCM_09745,80H-858.85,Ford,Ranger,1/6/2023,1/7/2023,402460,Nguyen Van Em,3
RENT_HCM_09746,31A-995.79,Mazda,3,11/11/2024,11/13/2024,1370822,Pham Thi Linh,1
RENT_HCM_09747,72H-414.63,Ford,Ranger,8/30/2021,8/31/2021,1064244,Bui Thi Cuong,2
RENT_HCM_09748,46E-807.16,Honda,City,5/20/2024,5/26/2024,2965482,Hoang Van Dung,2
RENT_HCM_09749,95B-546.55,Hyundai,Accent,3/19/2021,3/22/2021,3303153,Do Thi Dung,0
RENT_HCM_09750,22E-897.25,Mazda,CX-5,2/11/2024,2/12/2024,456757,Do Thi Giang,0
RENT_HCM_09751,66G-320.55,Kia,Soluto,2/26/2023,3/4/2023,4667058,Bui Thi Binh,1
RENT_HCM_09752,62K-469.95,Vinfast,Fadil,4/21/2024,4/26/2024,2492485,Bui Thi Em,1
RENT_HCM_09753,37B-826.15,Kia,Soluto,5/2/2024,5/7/2024,2430460,Nguyen Van Linh,3
RENT_HCM_09754,71D-707.45,Mazda,3,9/23/2021,9/25/2021,1817286,Bui Thi Oanh,3
RENT_HCM_09755,71C-946.67,Ford,EcoSport,1/12/2022,1/15/2022,2601783,Ngo Van Nam,0
RENT_HCM_09756,52B-953.14,Kia,Soluto,8/9/2021,8/12/2021,3515955,Nguyen Van Phuc,0
RENT_HCM_09757,38C-142.53,Hyundai,i10,4/7/2022,4/13/2022,3028650,Le Van An,1
RENT_HCM_09758,21K-767.03,Hyundai,i10,2/27/2025,3/4/2025,5907140,Nguyen Van Hoa,0
RENT_HCM_09759,39B-248.98,Hyundai,Grand i10,3/25/2024,3/31/2024,6151278,Ngo Van Khoa,2
RENT_HCM_09760,38G-667.86,Mazda,3,7/6/2024,7/8/2024,1585668,Nguyen Van Oanh,1
RENT_HCM_09761,77C-211.72,Kia,Seltos,4/11/2021,4/15/2021,1736180,Ngo Van Em,1
RENT_HCM_09762,40H-661.06,Mazda,3,5/7/2024,5/9/2024,2153734,Do Thi Phong,0
RENT_HCM_09763,49D-328.28,Kia,Morning,5/10/2022,5/17/2022,5251827,Pham Thi Cuong,0
RENT_HCM_09764,38E-944.15,Mazda,3,9/26/2025,9/29/2025,3143028,Nguyen Van An,0
RENT_HCM_09765,16B-618.82,Hyundai,Grand i10,1/15/2023,1/18/2023,2825370,Le Van Binh,2
RENT_HCM_09766,92D-335.06,Toyota,Camry,5/27/2024,5/31/2024,4209784,Do Thi An,2
RENT_HCM_09767,32C-510.80,Hyundai,Grand i10,9/6/2024,9/7/2024,620073,Tran Thi Linh,2
RENT_HCM_09768,41C-516.21,Hyundai,i10,11/28/2021,11/29/2021,491363,Dang Thi Giang,1
RENT_HCM_09769,16K-690.45,Vinfast,Lux A2.0,10/27/2021,11/1/2021,2850825,Do Thi Giang,2
RENT_HCM_09770,62A-523.15,Honda,CR-V,5/27/2021,5/31/2021,2301960,Ngo Van Cuong,1
RENT_HCM_09771,90A-463.29,Hyundai,i10,10/7/2021,10/13/2021,7025490,Nguyen Van Khoa,0
RENT_HCM_09772,22B-585.78,Ford,EcoSport,5/6/2023,5/11/2023,2584275,Pham Thi Giang,2
RENT_HCM_09773,34H-793.09,Mazda,CX-5,10/2/2021,10/3/2021,819519,Hoang Van Hoa,0
RENT_HCM_09774,71C-946.67,Ford,EcoSport,11/5/2025,11/9/2025,4101328,Ngo Van Phong,1
RENT_HCM_09775,76K-194.55,Toyota,Innova,1/2/2025,1/5/2025,2857095,Hoang Van Cuong,2
RENT_HCM_09776,22K-526.15,Hyundai,Accent,2/4/2024,2/6/2024,968746,Tran Thi Nam,2
RENT_HCM_09777,50D-378.78,Vinfast,Lux A2.0,3/6/2022,3/9/2022,2281158,Hoang Van Cuong,2
RENT_HCM_09778,87C-525.97,Ford,Ranger,3/27/2024,3/31/2024,1873912,Hoang Van Nam,2
RENT_HCM_09779,15F-595.30,Honda,City,6/19/2022,6/26/2022,4060455,Vu Van Dung,0
RENT_HCM_09780,95B-546.55,Hyundai,Accent,11/14/2025,11/15/2025,813996,Pham Thi Hoa,1
RENT_HCM_09781,24A-237.02,Hyundai,Accent,8/24/2025,8/27/2025,1597602,Nguyen Van Oanh,0
RENT_HCM_09782,22K-526.15,Hyundai,Accent,8/3/2024,8/10/2024,3399900,Le Van Hoa,1
RENT_HCM_09783,11G-731.54,Honda,City,6/12/2021,6/16/2021,1711164,Hoang Van Minh,1
RENT_HCM_09784,92D-335.06,Toyota,Camry,7/18/2023,7/24/2023,6046836,Pham Thi Oanh,3
RENT_HCM_09785,28A-321.73,Hyundai,Accent,1/18/2021,1/25/2021,6794004,Bui Thi Em,2
RENT_HCM_09786,91G-764.50,Toyota,Vios,6/24/2025,6/25/2025,600635,Do Thi Binh,0
RENT_HCM_09787,31F-834.71,Hyundai,Grand i10,3/18/2021,3/21/2021,3126747,Ngo Van Oanh,0
RENT_HCM_09788,12G-744.89,Mazda,CX-5,1/19/2025,1/24/2025,4220060,Pham Thi Minh,0
RENT_HCM_09789,21G-202.34,Honda,City,3/30/2025,4/2/2025,2030511,Le Van Phong,0
RENT_HCM_09790,60A-977.72,Hyundai,Grand i10,9/18/2023,9/20/2023,1437444,Hoang Van Nam,0
RENT_HCM_09791,78C-146.78,Ford,Ranger,2/23/2021,2/25/2021,1870928,Do Thi Linh,1
RENT_HCM_09792,46E-807.16,Honda,City,11/30/2021,12/4/2021,3472308,Dang Thi Nam,0
RENT_HCM_09793,33B-472.24,Kia,Seltos,3/20/2023,3/22/2023,1536644,Dang Thi Nam,0
RENT_HCM_09794,45C-524.00,Toyota,Camry,9/3/2021,9/4/2021,802368,Dang Thi Oanh,1
RENT_HCM_09795,63E-560.78,Kia,Morning,2/19/2021,2/21/2021,1612082,Nguyen Van Giang,0
RENT_HCM_09796,94G-517.12,Mazda,CX-5,4/3/2024,4/5/2024,1598074,Pham Thi Giang,1
RENT_HCM_09797,77C-211.72,Kia,Seltos,3/19/2021,3/24/2021,2123815,Tran Thi Phong,1
RENT_HCM_09798,80H-858.85,Ford,Ranger,8/1/2022,8/3/2022,1831778,Ngo Van Dung,0
RENT_HCM_09799,72G-919.68,Toyota,Vios,3/7/2025,3/9/2025,1745742,Do Thi Cuong,1
RENT_HCM_09800,40H-661.06,Mazda,3,6/3/2026,6/5/2026,1802264,Dang Thi Giang,2
RENT_HCM_09801,67C-665.78,Hyundai,i10,8/3/2023,8/4/2023,1022910,Tran Thi Minh,0
RENT_HCM_09802,31F-834.71,Hyundai,Grand i10,9/16/2024,9/21/2024,2790970,Dang Thi Binh,0
RENT_HCM_09803,80K-657.71,Toyota,Innova,1/8/2024,1/14/2024,6094638,Nguyen Van Binh,0
RENT_HCM_09804,40A-169.95,Toyota,Vios,9/20/2023,9/26/2023,4240266,Nguyen Van Linh,1
RENT_HCM_09805,92F-931.00,Vinfast,Lux A2.0,9/10/2025,9/16/2025,4754712,Hoang Van Hoa,3
RENT_HCM_09806,66E-447.50,Mazda,CX-5,7/7/2024,7/9/2024,874054,Nguyen Van Hoa,2
RENT_HCM_09807,86G-330.15,Toyota,Vios,8/21/2024,8/22/2024,1032407,Hoang Van Dung,0
RENT_HCM_09808,98B-587.88,Vinfast,Fadil,9/19/2025,9/24/2025,2986590,Vu Van Hoa,0
RENT_HCM_09809,68A-105.33,Toyota,Innova,10/29/2021,11/4/2021,4442406,Ngo Van Em,1
RENT_HCM_09810,72C-183.23,Ford,Ranger,9/24/2021,9/30/2021,6538026,Hoang Van Khoa,1
RENT_HCM_09811,86E-413.23,Toyota,Vios,5/23/2026,5/26/2026,1770372,Tran Thi Cuong,1
RENT_HCM_09812,54G-335.06,Honda,CR-V,9/19/2025,9/25/2025,6382272,Do Thi Em,1
RENT_HCM_09813,30F-808.46,Toyota,Camry,4/10/2025,4/12/2025,1897092,Tran Thi An,0
RENT_HCM_09814,31A-995.79,Mazda,3,12/6/2022,12/9/2022,1643595,Pham Thi Oanh,1
RENT_HCM_09815,30K-166.87,Hyundai,Accent,3/22/2022,3/23/2022,948697,Hoang Van Linh,0
RENT_HCM_09816,85H-903.18,Kia,Morning,3/19/2021,3/20/2021,1007706,Nguyen Van Cuong,3
RENT_HCM_09817,29C-652.72,Mazda,3,10/23/2022,10/27/2022,4143616,Pham Thi Oanh,0
RENT_HCM_09818,40E-606.38,Vinfast,Lux A2.0,4/15/2026,4/18/2026,3455220,Do Thi Oanh,1
RENT_HCM_09819,45C-536.55,Ford,EcoSport,7/11/2026,7/16/2026,5472800,Hoang Van Dung,2
RENT_HCM_09820,95B-546.55,Hyundai,Accent,10/30/2025,11/6/2025,6511484,Pham Thi Nam,0
RENT_HCM_09821,68D-390.90,Kia,Morning,8/11/2024,8/18/2024,3457545,Dang Thi Phong,2
RENT_HCM_09822,68A-588.72,Ford,EcoSport,12/5/2023,12/9/2023,4600516,Bui Thi Dung,0
RENT_HCM_09823,95E-747.86,Mazda,CX-5,11/19/2025,11/21/2025,859756,Vu Van Em,0
RENT_HCM_09824,54G-335.06,Honda,CR-V,11/28/2024,12/3/2024,5940275,Tran Thi Hoa,3
RENT_HCM_09825,81H-361.56,Vinfast,Lux A2.0,2/19/2021,2/25/2021,4025082,Dang Thi Cuong,3
RENT_HCM_09826,78B-364.49,Toyota,Camry,10/10/2021,10/15/2021,5989925,Nguyen Van Khoa,0
RENT_HCM_09827,68A-105.33,Toyota,Innova,11/14/2025,11/17/2025,2116863,Tran Thi Cuong,1
RENT_HCM_09828,49E-348.68,Kia,Soluto,9/20/2026,9/22/2026,1526564,Dang Thi Phuc,0
RENT_HCM_09829,24E-955.46,Toyota,Vios,4/2/2023,4/9/2023,2800112,Le Van Hoa,0
RENT_HCM_09830,22E-888.71,Honda,CR-V,5/26/2021,6/2/2021,8042517,Bui Thi Khoa,0
RENT_HCM_09831,18A-563.17,Toyota,Innova,6/14/2024,6/15/2024,594788,Pham Thi Minh,0
RENT_HCM_09832,33B-472.24,Kia,Seltos,4/13/2023,4/15/2023,1180170,Vu Van Hoa,0
RENT_HCM_09833,39H-457.60,Hyundai,Grand i10,6/30/2025,7/4/2025,2671344,Pham Thi Hoa,0
RENT_HCM_09834,81A-639.94,Honda,City,8/8/2022,8/9/2022,847799,Bui Thi Oanh,1
RENT_HCM_09835,36E-560.60,Toyota,Vios,7/31/2024,8/2/2024,880504,Ngo Van Minh,2
RENT_HCM_09836,73D-927.45,Mazda,CX-5,9/3/2022,9/5/2022,1998246,Pham Thi An,2
RENT_HCM_09837,55K-383.25,Mazda,3,4/21/2025,4/26/2025,5550435,Vu Van Giang,0
RENT_HCM_09838,24E-955.46,Toyota,Vios,9/8/2021,9/10/2021,1636282,Dang Thi Giang,2
RENT_HCM_09839,66E-447.50,Mazda,CX-5,4/18/2026,4/22/2026,4728208,Tran Thi Minh,2
RENT_HCM_09840,39B-248.98,Hyundai,Grand i10,9/23/2023,9/26/2023,2828145,Do Thi Oanh,0
RENT_HCM_09841,80G-716.32,Kia,Soluto,8/26/2023,8/29/2023,2419440,Hoang Van Binh,1
RENT_HCM_09842,27H-701.29,Toyota,Camry,7/7/2023,7/9/2023,1118302,Dang Thi Cuong,0
RENT_HCM_09843,14B-920.02,Toyota,Vios,7/30/2022,8/2/2022,2001060,Nguyen Van Nam,0
RENT_HCM_09844,76H-418.80,Hyundai,Accent,8/1/2022,8/7/2022,3728946,Bui Thi Binh,2
RENT_HCM_09845,77C-680.84,Honda,City,5/16/2024,5/21/2024,5323370,Le Van Cuong,1
RENT_HCM_09846,36F-989.46,Mazda,3,7/20/2021,7/21/2021,430560,Le Van Phuc,2
RENT_HCM_09847,14B-920.02,Toyota,Vios,12/5/2025,12/11/2025,3973242,Bui Thi Giang,2
RENT_HCM_09848,11C-738.22,Vinfast,Fadil,10/3/2024,10/7/2024,2966976,Ngo Van Giang,1
RENT_HCM_09849,85H-903.18,Kia,Morning,3/12/2022,3/18/2022,3369540,Nguyen Van Nam,0
RENT_HCM_09850,20A-146.45,Honda,City,9/1/2023,9/7/2023,4535514,Vu Van Hoa,0
RENT_HCM_09851,47D-840.33,Kia,Morning,5/31/2025,6/3/2025,3142767,Bui Thi An,0
RENT_HCM_09852,34H-793.09,Mazda,CX-5,5/6/2026,5/7/2026,581970,Le Van An,1
RENT_HCM_09853,81A-639.94,Honda,City,6/4/2023,6/11/2023,5378688,Dang Thi Cuong,1
RENT_HCM_09854,76B-763.75,Honda,City,6/14/2025,6/16/2025,2304852,Tran Thi Phuc,1
RENT_HCM_09855,13H-835.85,Ford,EcoSport,1/24/2021,1/26/2021,1291518,Ngo Van Binh,0
RENT_HCM_09856,76H-418.80,Hyundai,Accent,6/18/2022,6/21/2022,1730997,Vu Van Phuc,1
RENT_HCM_09857,85H-903.18,Kia,Morning,2/23/2022,3/1/2022,6675402,Dang Thi Quyen,1
RENT_HCM_09858,96D-497.47,Hyundai,i10,4/30/2022,5/4/2022,3854608,Le Van Oanh,1
RENT_HCM_09859,62K-469.95,Vinfast,Fadil,10/9/2022,10/13/2022,3929984,Tran Thi Minh,2
RENT_HCM_09860,86G-330.15,Toyota,Vios,10/8/2025,10/13/2025,5472890,Vu Van Khoa,1
RENT_HCM_09861,40E-606.38,Vinfast,Lux A2.0,8/3/2025,8/7/2025,4409068,Tran Thi Khoa,0
RENT_HCM_09862,37E-977.04,Mazda,3,1/27/2024,2/1/2024,4197290,Nguyen Van Phuc,0
RENT_HCM_09863,40H-661.06,Mazda,3,7/16/2025,7/21/2025,3894940,Le Van Em,2
RENT_HCM_09864,78C-146.78,Ford,Ranger,8/27/2023,9/2/2023,3103206,Nguyen Van An,0
RENT_HCM_09865,37G-231.27,Toyota,Camry,4/5/2022,4/9/2022,4431572,Ngo Van Phuc,0
RENT_HCM_09866,39B-248.98,Hyundai,Grand i10,6/15/2024,6/16/2024,574078,Ngo Van Oanh,2
RENT_HCM_09867,55B-647.43,Mazda,3,10/17/2025,10/19/2025,1553076,Bui Thi Nam,0
RENT_HCM_09868,80K-657.71,Toyota,Innova,11/10/2024,11/12/2024,1544212,Le Van Nam,0
RENT_HCM_09869,95H-477.98,Kia,Seltos,12/29/2023,1/1/2024,2696505,Tran Thi Nam,3
RENT_HCM_09870,25D-448.59,Vinfast,Lux A2.0,3/24/2024,3/30/2024,5593698,Ngo Van Dung,0
RENT_HCM_09871,30K-166.87,Hyundai,Accent,10/30/2024,11/3/2024,3252096,Ngo Van Binh,0
RENT_HCM_09872,60A-977.72,Hyundai,Grand i10,2/11/2024,2/12/2024,428171,Pham Thi Giang,0
RENT_HCM_09873,22K-526.15,Hyundai,Accent,5/30/2026,6/2/2026,2243901,Le Van Hoa,0
RENT_HCM_09874,91H-439.88,Mazda,CX-5,6/12/2022,6/13/2022,722913,Ngo Van Hoa,0
RENT_HCM_09875,35C-671.07,Hyundai,i10,12/18/2023,12/22/2023,3674176,Do Thi Phong,1
RENT_HCM_09876,60A-977.72,Hyundai,Grand i10,7/3/2026,7/10/2026,3747660,Pham Thi Binh,0
RENT_HCM_09877,86C-265.81,Ford,Ranger,3/21/2026,3/26/2026,2790825,Ngo Van Linh,0
RENT_HCM_09878,98B-587.88,Vinfast,Fadil,8/12/2021,8/19/2021,7225890,Le Van Cuong,1
RENT_HCM_09879,47D-840.33,Kia,Morning,1/15/2023,1/18/2023,2543778,Ngo Van Minh,0
RENT_HCM_09880,99C-732.83,Ford,EcoSport,12/16/2022,12/23/2022,4166883,Do Thi Hoa,3
RENT_HCM_09881,80H-858.85,Ford,Ranger,3/7/2025,3/14/2025,5953941,Dang Thi Nam,0
RENT_HCM_09882,96B-415.49,Mazda,3,1/11/2023,1/17/2023,2450346,Nguyen Van Phuc,1
RENT_HCM_09883,94D-176.27,Ford,Ranger,1/12/2026,1/18/2026,6623532,Bui Thi Quyen,1
RENT_HCM_09884,87B-373.03,Honda,City,10/17/2025,10/22/2025,2577450,Hoang Van Phong,0
RENT_HCM_09885,26D-656.30,Honda,City,3/27/2022,4/1/2022,5072295,Ngo Van Dung,0
RENT_HCM_09886,96B-415.49,Mazda,3,9/10/2024,9/11/2024,955562,Dang Thi Phuc,3
RENT_HCM_09887,77C-680.84,Honda,City,4/26/2025,4/29/2025,2897367,Tran Thi Nam,3
RENT_HCM_09888,86B-468.95,Toyota,Camry,1/3/2025,1/9/2025,4053588,Nguyen Van Phuc,0
RENT_HCM_09889,42H-912.12,Toyota,Innova,6/7/2025,6/14/2025,5816713,Dang Thi Giang,1
RENT_HCM_09890,45F-232.07,Vinfast,Lux A2.0,6/26/2026,6/28/2026,907042,Hoang Van Phuc,0
RENT_HCM_09891,77F-485.44,Hyundai,i10,3/7/2023,3/12/2023,5973590,Dang Thi Hoa,1
RENT_HCM_09892,43K-499.70,Kia,Seltos,11/17/2022,11/21/2022,3447772,Ngo Van An,0
RENT_HCM_09893,30D-278.73,Hyundai,Accent,4/4/2021,4/8/2021,2596924,Nguyen Van Em,2
RENT_HCM_09894,15F-595.30,Honda,City,6/6/2026,6/11/2026,3338065,Tran Thi Phong,0
RENT_HCM_09895,74H-842.20,Kia,Morning,2/6/2026,2/8/2026,2343692,Nguyen Van Cuong,0
RENT_HCM_09896,90F-168.01,Toyota,Vios,6/22/2021,6/24/2021,1798026,Hoang Van Phong,0
RENT_HCM_09897,72H-414.63,Ford,Ranger,9/6/2024,9/8/2024,2189278,Hoang Van Linh,1
RENT_HCM_09898,86C-265.81,Ford,Ranger,9/6/2021,9/10/2021,4562408,Hoang Van Cuong,3
RENT_HCM_09899,49F-678.30,Vinfast,Lux A2.0,8/21/2026,8/23/2026,1451668,Tran Thi Nam,2
RENT_HCM_09900,50D-378.78,Vinfast,Lux A2.0,12/31/2024,1/3/2025,3583539,Pham Thi Dung,2
RENT_HCM_09901,24A-237.02,Hyundai,Accent,7/31/2023,8/4/2023,2080660,Nguyen Van An,0
RENT_HCM_09902,96B-415.49,Mazda,3,4/3/2025,4/7/2025,2817868,Le Van Hoa,1
RENT_HCM_09903,92D-335.06,Toyota,Camry,7/11/2022,7/17/2022,2409474,Le Van Hoa,2
RENT_HCM_09904,90F-168.01,Toyota,Vios,4/29/2021,5/6/2021,6896288,Vu Van Minh,1
RENT_HCM_09905,38G-497.95,Kia,Soluto,1/10/2025,1/15/2025,3628910,Do Thi Dung,0
RENT_HCM_09906,77B-234.63,Mazda,3,4/6/2026,4/12/2026,2749704,Nguyen Van Oanh,1
RENT_HCM_09907,20A-146.45,Honda,City,5/3/2022,5/9/2022,4396008,Pham Thi Oanh,1
RENT_HCM_09908,18E-187.25,Mazda,3,10/1/2024,10/7/2024,6184374,Ngo Van Khoa,0
RENT_HCM_09909,87B-373.03,Honda,City,2/22/2026,2/24/2026,2399116,Hoang Van Em,1
RENT_HCM_09910,82K-625.14,Honda,City,11/4/2022,11/9/2022,2711375,Ngo Van Em,0
RENT_HCM_09911,47D-840.33,Kia,Morning,3/14/2022,3/21/2022,6463828,Tran Thi An,0
RENT_HCM_09912,92D-335.06,Toyota,Camry,7/12/2025,7/15/2025,3244113,Tran Thi Cuong,2
RENT_HCM_09913,78B-364.49,Toyota,Camry,2/11/2021,2/15/2021,3455408,Do Thi Minh,1
RENT_HCM_09914,64K-177.33,Vinfast,Lux A2.0,10/17/2023,10/22/2023,3758400,Le Van Khoa,0
RENT_HCM_09915,46E-807.16,Honda,City,1/16/2026,1/23/2026,5401067,Hoang Van An,0
RENT_HCM_09916,21K-767.03,Hyundai,i10,4/18/2025,4/23/2025,2116475,Ngo Van Phuc,0
RENT_HCM_09917,78C-146.78,Ford,Ranger,1/27/2025,2/1/2025,3161280,Ngo Van Giang,3
RENT_HCM_09918,43G-780.01,Kia,Morning,1/20/2021,1/27/2021,3761485,Pham Thi Oanh,1
RENT_HCM_09919,11G-399.40,Kia,Morning,12/13/2024,12/16/2024,2052855,Nguyen Van Oanh,1
RENT_HCM_09920,77C-211.72,Kia,Seltos,6/1/2023,6/3/2023,1236574,Hoang Van Giang,1
RENT_HCM_09921,63A-217.47,Hyundai,i10,7/30/2025,8/1/2025,1717346,Dang Thi Phuc,0
RENT_HCM_09922,39H-996.40,Honda,CR-V,4/12/2024,4/15/2024,3187509,Ngo Van Phuc,0
RENT_HCM_09923,43G-993.34,Kia,Soluto,1/31/2026,2/7/2026,3172351,Nguyen Van An,1
RENT_HCM_09924,46E-807.16,Honda,City,5/16/2026,5/21/2026,5938810,Le Van An,1
RENT_HCM_09925,64F-676.74,Hyundai,Accent,10/16/2022,10/17/2022,900951,Hoang Van Em,0
RENT_HCM_09926,28D-108.89,Hyundai,i10,10/31/2021,11/6/2021,2879616,Hoang Van Cuong,2
RENT_HCM_09927,92F-931.00,Vinfast,Lux A2.0,9/3/2024,9/8/2024,4077710,Pham Thi Hoa,1
RENT_HCM_09928,68D-390.90,Kia,Morning,8/31/2021,9/6/2021,2910966,Bui Thi Quyen,2
RENT_HCM_09929,81A-639.94,Honda,City,2/25/2023,2/27/2023,1966060,Do Thi Giang,1
RENT_HCM_09930,11G-731.54,Honda,City,5/6/2022,5/8/2022,1084222,Bui Thi Em,0
RENT_HCM_09931,62G-115.18,Ford,Ranger,2/22/2023,2/27/2023,2636370,Nguyen Van Nam,1
RENT_HCM_09932,20A-146.45,Honda,City,4/10/2025,4/12/2025,2393720,Nguyen Van Quyen,0
RENT_HCM_09933,40A-169.95,Toyota,Vios,11/13/2025,11/18/2025,4499650,Tran Thi Phong,0
RENT_HCM_09934,62B-172.41,Kia,Soluto,6/28/2023,6/30/2023,815378,Tran Thi Khoa,1
RENT_HCM_09935,32D-394.35,Toyota,Vios,8/2/2022,8/7/2022,5831685,Vu Van Hoa,0
RENT_HCM_09936,13E-299.60,Honda,CR-V,7/1/2025,7/5/2025,3781100,Nguyen Van Phong,0
RENT_HCM_09937,22E-897.25,Mazda,CX-5,3/14/2026,3/17/2026,2504670,Le Van Minh,3
RENT_HCM_09938,80H-858.85,Ford,Ranger,4/10/2026,4/12/2026,1734960,Ngo Van Linh,2
RENT_HCM_09939,84G-796.42,Kia,Morning,7/11/2022,7/17/2022,5133006,Tran Thi Binh,0
RENT_HCM_09940,80G-716.32,Kia,Soluto,2/8/2021,2/15/2021,5042359,Dang Thi Dung,0
RENT_HCM_09941,46C-855.60,Vinfast,Fadil,1/21/2024,1/27/2024,3745536,Pham Thi Binh,1
RENT_HCM_09942,96B-415.49,Mazda,3,7/6/2024,7/7/2024,535630,Hoang Van Nam,1
RENT_HCM_09943,76G-211.58,Hyundai,Accent,3/16/2026,3/22/2026,7002828,Tran Thi Oanh,0
RENT_HCM_09944,72G-919.68,Toyota,Vios,1/28/2024,2/1/2024,1723828,Tran Thi Em,0
RENT_HCM_09945,50G-118.24,Honda,CR-V,9/7/2026,9/12/2026,4339635,Tran Thi Minh,0
RENT_HCM_09946,77F-485.44,Hyundai,i10,1/30/2022,2/4/2022,5026925,Vu Van Nam,0
RENT_HCM_09947,20A-146.45,Honda,City,11/28/2023,12/2/2023,1762880,Ngo Van Oanh,0
RENT_HCM_09948,66G-887.42,Vinfast,Lux A2.0,7/1/2021,7/7/2021,6413748,Tran Thi Oanh,1
RENT_HCM_09949,13C-595.73,Vinfast,Lux A2.0,3/1/2022,3/3/2022,1318810,Pham Thi Khoa,0
RENT_HCM_09950,93A-482.11,Toyota,Camry,2/23/2025,2/26/2025,2449161,Tran Thi Oanh,3
RENT_HCM_09951,96H-976.38,Hyundai,i10,2/2/2026,2/9/2026,4469283,Pham Thi Giang,1
RENT_HCM_09952,72K-221.19,Toyota,Innova,8/27/2026,8/30/2026,1850715,Pham Thi Phuc,2
RENT_HCM_09953,89G-388.88,Hyundai,Accent,4/12/2021,4/17/2021,5377510,Nguyen Van Cuong,0
RENT_HCM_09954,38C-383.91,Ford,Ranger,2/2/2021,2/7/2021,5019105,Hoang Van Dung,1
RENT_HCM_09955,28D-108.89,Hyundai,i10,4/9/2026,4/12/2026,2669871,Hoang Van Nam,2
RENT_HCM_09956,72G-969.58,Toyota,Vios,7/19/2024,7/26/2024,6858551,Hoang Van An,1
RENT_HCM_09957,32D-394.35,Toyota,Vios,7/25/2024,7/30/2024,4685845,Tran Thi Dung,0
RENT_HCM_09958,47B-414.62,Honda,City,9/26/2022,10/1/2022,2457460,Do Thi An,0
RENT_HCM_09959,23C-148.49,Hyundai,i10,9/10/2023,9/14/2023,3223256,Hoang Van Binh,3
RENT_HCM_09960,80G-716.32,Kia,Soluto,1/16/2024,1/23/2024,7147756,Nguyen Van Giang,1
RENT_HCM_09961,83F-155.85,Vinfast,Fadil,10/20/2024,10/27/2024,3913483,Nguyen Van Hoa,1
RENT_HCM_09962,72H-414.63,Ford,Ranger,6/15/2023,6/19/2023,4155624,Do Thi Cuong,1
RENT_HCM_09963,66E-447.50,Mazda,CX-5,7/27/2026,8/3/2026,3089667,Le Van Giang,0
RENT_HCM_09964,35C-671.07,Hyundai,i10,9/4/2021,9/10/2021,3711954,Pham Thi Minh,2
RENT_HCM_09965,94E-578.12,Hyundai,i10,5/31/2023,6/4/2023,1787852,Do Thi Nam,2
RENT_HCM_09966,78B-364.49,Toyota,Camry,4/16/2022,4/19/2022,1614594,Do Thi Nam,0
RENT_HCM_09967,24A-243.28,Hyundai,Grand i10,1/22/2023,1/27/2023,2764295,Ngo Van Minh,0
RENT_HCM_09968,77C-680.84,Honda,City,3/31/2025,4/4/2025,2439088,Dang Thi Phong,3
RENT_HCM_09969,19K-348.27,Hyundai,i10,7/25/2026,7/31/2026,5225562,Vu Van Cuong,0
RENT_HCM_09970,62A-523.15,Honda,CR-V,2/1/2024,2/3/2024,884746,Pham Thi Dung,0
RENT_HCM_09971,35G-898.00,Vinfast,Fadil,7/4/2025,7/5/2025,1065308,Ngo Van Oanh,1
RENT_HCM_09972,92F-931.00,Vinfast,Lux A2.0,12/5/2023,12/8/2023,1945311,Bui Thi Giang,1
RENT_HCM_09973,96D-497.47,Hyundai,i10,6/28/2022,7/2/2022,4138000,Nguyen Van Linh,1
RENT_HCM_09974,83B-797.49,Mazda,3,11/22/2021,11/29/2021,7912660,Tran Thi Em,0
RENT_HCM_09975,47B-414.62,Honda,City,7/8/2021,7/13/2021,2806095,Dang Thi Giang,1
RENT_HCM_09976,81H-361.56,Vinfast,Lux A2.0,1/1/2022,1/7/2022,3003438,Hoang Van Minh,2
RENT_HCM_09977,62A-523.15,Honda,CR-V,7/18/2024,7/19/2024,731636,Tran Thi Minh,0
RENT_HCM_09978,11G-731.54,Honda,City,1/28/2023,1/30/2023,2398312,Do Thi An,0
RENT_HCM_09979,16K-690.45,Vinfast,Lux A2.0,10/23/2025,10/26/2025,2269191,Vu Van Nam,1
RENT_HCM_09980,22G-155.46,Hyundai,i10,4/13/2023,4/14/2023,698424,Hoang Van Oanh,0
RENT_HCM_09981,38C-142.53,Hyundai,i10,9/20/2024,9/22/2024,1749718,Bui Thi Giang,0
RENT_HCM_09982,95C-492.50,Toyota,Innova,10/11/2022,10/18/2022,4059370,Dang Thi Binh,0
RENT_HCM_09983,32F-733.46,Toyota,Vios,5/18/2026,5/21/2026,1277661,Le Van An,1
RENT_HCM_09984,62A-523.15,Honda,CR-V,3/4/2021,3/7/2021,2395950,Nguyen Van Em,0
RENT_HCM_09985,38C-383.91,Ford,Ranger,6/14/2021,6/21/2021,8233624,Tran Thi Khoa,1
RENT_HCM_09986,36F-989.46,Mazda,3,7/23/2023,7/24/2023,748343,Le Van Binh,0
RENT_HCM_09987,39K-469.95,Mazda,CX-5,6/21/2023,6/24/2023,2433252,Do Thi Phong,1
RENT_HCM_09988,86C-265.81,Ford,Ranger,1/25/2021,1/27/2021,1013510,Do Thi Dung,1
RENT_HCM_09989,76H-418.80,Hyundai,Accent,3/12/2026,3/16/2026,3600324,Pham Thi Hoa,0
RENT_HCM_09990,96D-838.67,Vinfast,Lux A2.0,3/25/2025,3/28/2025,1277502,Ngo Van Quyen,1
RENT_HCM_09991,91A-212.00,Hyundai,Grand i10,11/7/2021,11/8/2021,585848,Nguyen Van Minh,0
RENT_HCM_09992,76B-763.75,Honda,City,1/30/2025,2/2/2025,2802630,Pham Thi Khoa,0
RENT_HCM_09993,89G-388.88,Hyundai,Accent,8/4/2022,8/8/2022,2110212,Ngo Van Minh,1
RENT_HCM_09994,92F-931.00,Vinfast,Lux A2.0,11/24/2025,11/26/2025,1718790,Vu Van Phuc,0
RENT_HCM_09995,14B-920.02,Toyota,Vios,6/26/2022,6/28/2022,2066646,Nguyen Van Nam,0
RENT_HCM_09996,31E-660.71,Toyota,Camry,1/9/2025,1/10/2025,689129,Tran Thi Binh,0
RENT_HCM_09997,88K-102.81,Hyundai,Accent,12/7/2022,12/9/2022,830046,Pham Thi Oanh,1
RENT_HCM_09998,83F-155.85,Vinfast,Fadil,3/27/2025,4/3/2025,7251307,Bui Thi Em,3
RENT_HCM_09999,22E-888.71,Honda,CR-V,9/5/2026,9/10/2026,3442070,Dang Thi Phuc,0
RENT_HCM_10000,40E-606.38,Vinfast,Lux A2.0,9/26/2024,10/3/2024,7765093,Nguyen Van Nam,2
